key,ru,en
episode6.description,"Здесь ничто не стоит на месте. И ты либо приспособлен, либо мертв — законы нового мира предельно просты.",
episode6.nodes.e6_after_1_v1.data.blocks.0.text,"Иголки, растворы для дезинфекции, осмотры, проверки — сколько их уже было? А сколько еще будет, учитывая этот долбанный зуб. Джек устало выдохнул, наблюдая, как мужчина в белом халате ловкими привычными движениями извлекает из герметичной упаковки иглу. Каждый раз не по себе становится...",
episode6.nodes.e6_after_1_v1.data.text,"Иголки, растворы для дезинфекции, осмотры, проверки — сколько их уже было? А сколько еще будет, учитывая этот долбанный зуб. Джек устало выдохнул, наблюдая, как мужчина в белом халате ловкими привычными движениями извлекает из герметичной упаковки иглу. Каждый раз не по себе становится...",
episode6.nodes.e6_after_1_v1.title,AfterDialog frame 1; type 1,
episode6.nodes.e6_after_1_v1__choice_0.data.text,Далее,
episode6.nodes.e6_after_1_v1__choice_0.title,Далее,
episode6.nodes.e6_after_2_v2.data.blocks.0.text,"Иголки, растворы для дезинфекции, осмотры, проверки — Джека уже порядком подзадолбала вся эта врачебная ерунда. Плюс он явно не горел желанием попадать в руки эскулапов на фоне упомянутого странного ЧП. Однако стоило ему повернуться в направлении двери, как оттуда моментально показался вооруженный охранник. Докторше своенравие Джека пришлось не по душе...",
episode6.nodes.e6_after_2_v2.data.text,"Иголки, растворы для дезинфекции, осмотры, проверки — Джека уже порядком подзадолбала вся эта врачебная ерунда. Плюс он явно не горел желанием попадать в руки эскулапов на фоне упомянутого странного ЧП. Однако стоило ему повернуться в направлении двери, как оттуда моментально показался вооруженный охранник. Докторше своенравие Джека пришлось не по душе...",
episode6.nodes.e6_after_2_v2.title,AfterDialog frame 2; type 2,
episode6.nodes.e6_after_2_v2__choice_0.data.text,Далее,
episode6.nodes.e6_after_2_v2__choice_0.title,Далее,
episode6.nodes.e6_after_2_v3.data.blocks.0.text,"Докторше своенравие Джека пришлось не по душе. Стоило ему повернуться в направлении двери, как оттуда моментально показался вооруженный охранник, спорить с которым мужчине не улыбалось совершенно. И снова: раз лестница, два поворот... К удивлению, доктор Эрнандес не стала ни требовать, ни вообще настаивать на необходимости анализов. Джек на ее месте поступил бы жестче.",
episode6.nodes.e6_after_2_v3.data.text,"Докторше своенравие Джека пришлось не по душе. Стоило ему повернуться в направлении двери, как оттуда моментально показался вооруженный охранник, спорить с которым мужчине не улыбалось совершенно. И снова: раз лестница, два поворот... К удивлению, доктор Эрнандес не стала ни требовать, ни вообще настаивать на необходимости анализов. Джек на ее месте поступил бы жестче.",
episode6.nodes.e6_after_2_v3.title,AfterDialog frame 2; type 3,
episode6.nodes.e6_after_2_v3__choice_0.data.text,Далее,
episode6.nodes.e6_after_2_v3__choice_0.title,Далее,
episode6.nodes.e6_after_2_v4.data.blocks.0.text,"Стальная дверь неторопливо затворилась у Джека за спиной, а вместе с этим затихли и крики выходящей из себя докторши. Счет времени пошел на секунды. Мужчина трусцой уже было добрался до ближайшей развилки, когда буквально за поворотом раздались такие же торопливые, как и у него, шаги. Джека бросило в пот, взгляд отчаянно заметался по хитросплетениям проводов и труб — прятаться поблизости было решительно негде.",
episode6.nodes.e6_after_2_v4.data.text,"Стальная дверь неторопливо затворилась у Джека за спиной, а вместе с этим затихли и крики выходящей из себя докторши. Счет времени пошел на секунды. Мужчина трусцой уже было добрался до ближайшей развилки, когда буквально за поворотом раздались такие же торопливые, как и у него, шаги. Джека бросило в пот, взгляд отчаянно заметался по хитросплетениям проводов и труб — прятаться поблизости было решительно негде.",
episode6.nodes.e6_after_2_v4.title,AfterDialog frame 2; type 4,
episode6.nodes.e6_after_2_v4__choice_0.data.text,Далее,
episode6.nodes.e6_after_2_v4__choice_0.title,Далее,
episode6.nodes.e6_after_3_v4.data.blocks.0.text,"Канонада верхних палуб постепенно стихала, уступая место тихому скрипу и стукам, доносящимся из разных частей исполинского судна. Вроде ничего особенного, но обостренное чувство опасности исподтишка грызло мужчину изнутри: «Они идут за тобой, Джекки, они ссскоро будут здесссь». Каждый новый звук теперь заставлял невольно вздрогнуть, страх холодным липким комком приютился где-то под сердцем.",
episode6.nodes.e6_after_3_v4.data.text,"Канонада верхних палуб постепенно стихала, уступая место тихому скрипу и стукам, доносящимся из разных частей исполинского судна. Вроде ничего особенного, но обостренное чувство опасности исподтишка грызло мужчину изнутри: «Они идут за тобой, Джекки, они ссскоро будут здесссь». Каждый новый звук теперь заставлял невольно вздрогнуть, страх холодным липким комком приютился где-то под сердцем.",
episode6.nodes.e6_after_3_v4.title,AfterDialog frame 3; type 4,
episode6.nodes.e6_after_3_v4__choice_0.data.text,Далее,
episode6.nodes.e6_after_3_v4__choice_0.title,Далее,
episode6.nodes.e6_after_3_v5.data.blocks.0.text,"Канонада верхних палуб постепенно стихала, уступая место тихому скрипу и стукам, доносящимся из разных частей исполинского судна. Вроде ничего особенного, однако чувство нависшей угрозы исподтишка грызло мужчину изнутри, заставляло со все усиливающимся страхом оглядываться назад, ожидая худшего. Анализы... Да к черту вашу врачебную ерунду. Плюнув на все, Джек уверенно направился прочь из отсека.",
episode6.nodes.e6_after_3_v5.data.text,"Канонада верхних палуб постепенно стихала, уступая место тихому скрипу и стукам, доносящимся из разных частей исполинского судна. Вроде ничего особенного, однако чувство нависшей угрозы исподтишка грызло мужчину изнутри, заставляло со все усиливающимся страхом оглядываться назад, ожидая худшего. Анализы... Да к черту вашу врачебную ерунду. Плюнув на все, Джек уверенно направился прочь из отсека.",
episode6.nodes.e6_after_3_v5.title,AfterDialog frame 3; type 5,
episode6.nodes.e6_after_3_v5__choice_0.data.text,Далее,
episode6.nodes.e6_after_3_v5__choice_0.title,Далее,
episode6.nodes.e6_after_4_v1.data.blocks.0.text,"Молчаливая пауза затягивалась, а вместе с ней росло и напряжение за мутной пластиковой перегородкой. По все более хмурым лицам нельзя было понять что-то конкретное, однако Джеку это уверенности не добавляло. Мужчина раз за разом мерил шагами небольшой отсек, все чаще бросая взгляды на облаченных в белые скафандры ученых. Наконец из динамиков раздался уже знакомый женский голос.",
episode6.nodes.e6_after_4_v1.data.text,"Молчаливая пауза затягивалась, а вместе с ней росло и напряжение за мутной пластиковой перегородкой. По все более хмурым лицам нельзя было понять что-то конкретное, однако Джеку это уверенности не добавляло. Мужчина раз за разом мерил шагами небольшой отсек, все чаще бросая взгляды на облаченных в белые скафандры ученых. Наконец из динамиков раздался уже знакомый женский голос.",
episode6.nodes.e6_after_4_v1.title,AfterDialog frame 4; type 1,
episode6.nodes.e6_after_4_v1__choice_0.data.text,Далее,
episode6.nodes.e6_after_4_v1__choice_0.title,Далее,
episode6.nodes.e6_after_4_v1_choice_62.data.text,"«В твоей крови, к сожа...» — Эрнандес на мгновение запнулась. — «Твоя кровь чиста». В этот момент дверь позади Джека растворилась, и в отсек неторопливо вошел приведший его сюда военный. «Нужно сделать еще один тестик, и можешь быть свободен», — голос доктора еле заметно подрагивал.",
episode6.nodes.e6_after_4_v1_choice_62.title,NewItem(62),
episode6.nodes.e6_after_4_v1_choice_62__choice_0.data.text,Следовать указаниям,
episode6.nodes.e6_after_4_v1_choice_62__choice_0.title,Следовать указаниям,
episode6.nodes.e6_after_4_v1_choice_62__choice_1.data.text,Сопротивляться,
episode6.nodes.e6_after_4_v1_choice_62__choice_1.title,Сопротивляться,
episode6.nodes.e6_after_5_v1.data.blocks.0.text,"Джек почти на физическом уровне ощутил затягивающуюся на шее петлю. Как он мог так подставиться? Меценат чертов... Мужчина понуро пятился в сторону открытой для него клетки. Где-то под потолком голос доктора Эрнандес призывал не нервничать, однако ненавязчиво направленный на него ствол говорил об обратном. Лязг закрывающейся двери. Джеку ничего не оставалось, как послушно подставить руку под укол.",
episode6.nodes.e6_after_5_v1.data.text,"Джек почти на физическом уровне ощутил затягивающуюся на шее петлю. Как он мог так подставиться? Меценат чертов... Мужчина понуро пятился в сторону открытой для него клетки. Где-то под потолком голос доктора Эрнандес призывал не нервничать, однако ненавязчиво направленный на него ствол говорил об обратном. Лязг закрывающейся двери. Джеку ничего не оставалось, как послушно подставить руку под укол.",
episode6.nodes.e6_after_5_v1.title,AfterDialog frame 5; type 1,
episode6.nodes.e6_after_5_v1__choice_0.data.text,Далее,
episode6.nodes.e6_after_5_v1__choice_0.title,Далее,
episode6.nodes.e6_after_6_v1.data.blocks.0.text,"Где-то под потолком голос доктора Эрнандес призывал не нервничать, однако ненавязчиво направленный на Джека ствол говорил об обратном. Все старательно, но фальшиво отыгрывали роли «хороших ребят». «А если я откажусь?» — ответом мужчине был лишь тихий щелчок предохранителя. Бум, бум, бум — неистово колотилось сердце. Бум, бум — Джек успел сделал еще пару шагов, когда перед глазами все резко поплыло. Бум.",
episode6.nodes.e6_after_6_v1.data.text,"Где-то под потолком голос доктора Эрнандес призывал не нервничать, однако ненавязчиво направленный на Джека ствол говорил об обратном. Все старательно, но фальшиво отыгрывали роли «хороших ребят». «А если я откажусь?» — ответом мужчине был лишь тихий щелчок предохранителя. Бум, бум, бум — неистово колотилось сердце. Бум, бум — Джек успел сделал еще пару шагов, когда перед глазами все резко поплыло. Бум.",
episode6.nodes.e6_after_6_v1.title,AfterDialog frame 6; type 1,
episode6.nodes.e6_after_6_v1__choice_0.data.text,Далее,
episode6.nodes.e6_after_6_v1__choice_0.title,Далее,
episode6.nodes.e6_after_7_v5.data.blocks.0.text,"Ствол винтовки раз за разом входил в уже раздробленный череп. Звонкий хруст костей перекрывал лишь чей-то далекий женский крик. Или не далекий...? В какой-то момент Джек пришел в себя, с ног до головы покрытый чужой кровью. Подле него в неестественной позе распластался изуродованный труп военного. По ушам вновь ударил резкий вой сирены, вырывая мужчину из ступора. Инстинкты сработали моментально: Джек ухватил застрявшее оружие и опрометью бросился прочь из отсека.",
episode6.nodes.e6_after_7_v5.data.text,"Ствол винтовки раз за разом входил в уже раздробленный череп. Звонкий хруст костей перекрывал лишь чей-то далекий женский крик. Или не далекий...? В какой-то момент Джек пришел в себя, с ног до головы покрытый чужой кровью. Подле него в неестественной позе распластался изуродованный труп военного. По ушам вновь ударил резкий вой сирены, вырывая мужчину из ступора. Инстинкты сработали моментально: Джек ухватил застрявшее оружие и опрометью бросился прочь из отсека.",
episode6.nodes.e6_after_7_v5.title,AfterDialog frame 7; type 5,
episode6.nodes.e6_after_7_v5__choice_0.data.text,Далее,
episode6.nodes.e6_after_7_v5__choice_0.title,Далее,
episode6.nodes.e6_after_8_v2.data.blocks.0.text,"Обратная дорога особым разнообразием не отличалась: все тот же бесконечный лабиринт переборок и комингсов. Однако в этот раз все было иначе. То тут, то там — из разных частей исполинского судна — слышались выстрелы, а суровостью лица его конвоира можно было порезаться. И сколько бы Джек не хорохорился, в действительности ему было не по себе. За очередным поворотом раздался торопливый перестук шагов.",
episode6.nodes.e6_after_8_v2.data.text,"Обратная дорога особым разнообразием не отличалась: все тот же бесконечный лабиринт переборок и комингсов. Однако в этот раз все было иначе. То тут, то там — из разных частей исполинского судна — слышались выстрелы, а суровостью лица его конвоира можно было порезаться. И сколько бы Джек не хорохорился, в действительности ему было не по себе. За очередным поворотом раздался торопливый перестук шагов.",
episode6.nodes.e6_after_8_v2.title,AfterDialog frame 8; type 2,
episode6.nodes.e6_after_8_v2__choice_0.data.text,Далее,
episode6.nodes.e6_after_8_v2__choice_0.title,Далее,
episode6.nodes.e6_after_8_v3.data.blocks.0.text,"Обратная дорога особым разнообразием не отличалась: все тот же бесконечный лабиринт переборок и комингсов. Однако в этот раз все было иначе. То тут, то там — из разных частей исполинского судна — слышались выстрелы, а суровостью лица его конвоира можно было порезаться. И сколько бы Джек не хорохорился, в действительности ему было не по себе. За очередным поворотом раздался торопливый перестук шагов.",
episode6.nodes.e6_after_8_v3.data.text,"Обратная дорога особым разнообразием не отличалась: все тот же бесконечный лабиринт переборок и комингсов. Однако в этот раз все было иначе. То тут, то там — из разных частей исполинского судна — слышались выстрелы, а суровостью лица его конвоира можно было порезаться. И сколько бы Джек не хорохорился, в действительности ему было не по себе. За очередным поворотом раздался торопливый перестук шагов.",
episode6.nodes.e6_after_8_v3.title,AfterDialog frame 8; type 3,
episode6.nodes.e6_after_8_v3__choice_0.data.text,Далее,
episode6.nodes.e6_after_8_v3__choice_0.title,Далее,
episode6.nodes.e6_after_9_v5.data.blocks.0.text,"Кто он? Зверское хладнокровное убийство, неподчинение, вооруженный бунт — список прегрешений Джека множился с каждой минутой. Что с ним происходит? В любом случае оставаться на этой посудине более было нельзя. В памяти невольно всплыла некая смотровая площадка, что он, ведомый с конвоем, заприметил ранее. Через нее (о, безумие!) можно было попробовать сбежать отсюда.",
episode6.nodes.e6_after_9_v5.data.text,"Кто он? Зверское хладнокровное убийство, неподчинение, вооруженный бунт — список прегрешений Джека множился с каждой минутой. Что с ним происходит? В любом случае оставаться на этой посудине более было нельзя. В памяти невольно всплыла некая смотровая площадка, что он, ведомый с конвоем, заприметил ранее. Через нее (о, безумие!) можно было попробовать сбежать отсюда.",
episode6.nodes.e6_after_9_v5.title,AfterDialog frame 9; type 5,
episode6.nodes.e6_after_9_v5__choice_0.data.text,Далее,
episode6.nodes.e6_after_9_v5__choice_0.title,Далее,
episode6.nodes.e6_base_1_v1.data.blocks.0.text,"Бывший лидер стоял неподалеку, понуро уставившись в пол. Через пять, максимум десять минут дверь вскроют, и Джек совсем не был уверен, что их жизни продлятся дольше. «Эй, друг! Надеюсь, у тебя имеется план Б? Ты меня слышишь вообще?» — ответом ему были лишь налитые кровью глаза старика. Джек не успел вскинуть винтовку. Сильнейшим ударом зараженный отправил того за борт, в 35-метровый убийственный полет.",
episode6.nodes.e6_base_1_v1.data.text,"Бывший лидер стоял неподалеку, понуро уставившись в пол. Через пять, максимум десять минут дверь вскроют, и Джек совсем не был уверен, что их жизни продлятся дольше. «Эй, друг! Надеюсь, у тебя имеется план Б? Ты меня слышишь вообще?» — ответом ему были лишь налитые кровью глаза старика. Джек не успел вскинуть винтовку. Сильнейшим ударом зараженный отправил того за борт, в 35-метровый убийственный полет.",
episode6.nodes.e6_base_1_v1.title,SideMilitaryBase frame 1; type 1,
episode6.nodes.e6_base_1_v1__choice_0.data.text,Далее,
episode6.nodes.e6_base_1_v1__choice_0.title,Далее,
episode6.nodes.e6_base_1_v2.data.blocks.0.text,"Прохладный ветер приятно обдавал разгоряченное бегством тело. Не раз и не два Джеку лишь чудом удавалось разминуться со спешащими ему навстречу военными. Иссиня-стальные пенящиеся валы мерно накатывали, заключали корабль-исполин в свои игривые объятья и тут же обиженно отступали, не в силах удержать. Шум позади все нарастал. За ним ли это? Черта с два. Бескрайний океан жадно расступился, впустил, спрятал в своих недрах беглеца.",
episode6.nodes.e6_base_1_v2.data.text,"Прохладный ветер приятно обдавал разгоряченное бегством тело. Не раз и не два Джеку лишь чудом удавалось разминуться со спешащими ему навстречу военными. Иссиня-стальные пенящиеся валы мерно накатывали, заключали корабль-исполин в свои игривые объятья и тут же обиженно отступали, не в силах удержать. Шум позади все нарастал. За ним ли это? Черта с два. Бескрайний океан жадно расступился, впустил, спрятал в своих недрах беглеца.",
episode6.nodes.e6_base_1_v2.title,SideMilitaryBase frame 1; type 2,
episode6.nodes.e6_base_1_v2__choice_0.data.text,Далее,
episode6.nodes.e6_base_1_v2__choice_0.title,Далее,
episode6.nodes.e6_base_2_v1.data.blocks.0.text,"Песок. Мокрый приставучий засранец был повсюду: комками забивался в ноздри, мелкими частицами-иголками бередил воспаленное нутро. Следом пожаловал жестокий лающий кашель, окончательно вырвавший развалившегося на песке мужчину из сладостных объятий забытья. Неисчислимая громада окружающего мира разом обрушилась на Джека, грозя раздавить, расплющить того по гладкой поверхности пляжа. Шорохи и скрипы, вой и свист рвали чувства на части, превратившись в мучительную адскую какофонию.",
episode6.nodes.e6_base_2_v1.data.text,"Песок. Мокрый приставучий засранец был повсюду: комками забивался в ноздри, мелкими частицами-иголками бередил воспаленное нутро. Следом пожаловал жестокий лающий кашель, окончательно вырвавший развалившегося на песке мужчину из сладостных объятий забытья. Неисчислимая громада окружающего мира разом обрушилась на Джека, грозя раздавить, расплющить того по гладкой поверхности пляжа. Шорохи и скрипы, вой и свист рвали чувства на части, превратившись в мучительную адскую какофонию.",
episode6.nodes.e6_base_2_v1.title,SideMilitaryBase frame 2; type 1,
episode6.nodes.e6_base_2_v1__choice_0.data.text,Далее,
episode6.nodes.e6_base_2_v1__choice_0.title,Далее,
episode6.nodes.e6_base_2_v1_choice_69.data.text,"Где-то за деревьями сухо застрекотал пулемет. Пара секунд — Джек уже на полусогнутых. Не упасть обратно удалось лишь чудом: головокружение было настолько сильным, что, казалось, еще немного, и его вывернет наизнанку. Шорох шагов по песку стал отчетливее — один из зомби заметил Джека.",
episode6.nodes.e6_base_2_v1_choice_69.title,NewItem(69),
episode6.nodes.e6_base_2_v1_choice_69__choice_0.data.text,Использовать винтовку,
episode6.nodes.e6_base_2_v1_choice_69__choice_0.title,Использовать винтовку,
episode6.nodes.e6_base_2_v1_choice_69__choice_1.data.text,Идти на выстрелы,
episode6.nodes.e6_base_2_v1_choice_69__choice_1.title,Идти на выстрелы,
episode6.nodes.e6_base_2_v2.data.blocks.0.text,"Песок. Мокрый приставучий засранец был повсюду: комками забивался в ноздри, мелкими частицами-иголками бередил воспаленное нутро. Следом пожаловал жестокий лающий кашель, окончательно вырвавший развалившегося на песке мужчину из сладостных объятий забытья. Неисчислимая громада окружающего мира разом обрушилась на Джека, грозя раздавить, расплющить того по гладкой поверхности пляжа. Шорохи и скрипы, вой и свист рвали чувства на части, превратившись в мучительную адскую какофонию.",
episode6.nodes.e6_base_2_v2.data.text,"Песок. Мокрый приставучий засранец был повсюду: комками забивался в ноздри, мелкими частицами-иголками бередил воспаленное нутро. Следом пожаловал жестокий лающий кашель, окончательно вырвавший развалившегося на песке мужчину из сладостных объятий забытья. Неисчислимая громада окружающего мира разом обрушилась на Джека, грозя раздавить, расплющить того по гладкой поверхности пляжа. Шорохи и скрипы, вой и свист рвали чувства на части, превратившись в мучительную адскую какофонию.",
episode6.nodes.e6_base_2_v2.title,SideMilitaryBase frame 2; type 2,
episode6.nodes.e6_base_2_v2__choice_0.data.text,Далее,
episode6.nodes.e6_base_2_v2__choice_0.title,Далее,
episode6.nodes.e6_base_2_v2_choice_69.data.text,"Где-то за деревьями сухо застрекотал пулемет. Пара секунд — Джек уже на полусогнутых. Не упасть обратно удалось лишь чудом: головокружение было настолько сильным, что, казалось, еще немного, и его вывернет наизнанку. Шорох шагов по песку стал отчетливее — один из зомби заметил Джека.",
episode6.nodes.e6_base_2_v2_choice_69.title,NewItem(69),
episode6.nodes.e6_base_2_v2_choice_69__choice_0.data.text,Использовать винтовку,
episode6.nodes.e6_base_2_v2_choice_69__choice_0.title,Использовать винтовку,
episode6.nodes.e6_base_2_v2_choice_69__choice_1.data.text,Идти на выстрелы,
episode6.nodes.e6_base_2_v2_choice_69__choice_1.title,Идти на выстрелы,
episode6.nodes.e6_base_3_v1.data.blocks.0.text,"Затертые до дыр кеды шаг за шагом вязли во влажном песке, высасывая из Джека остатки и без того скудных сил. «Раз. Два. Раз. Ддва!», — в его голове сейчас не было места мыслям. Он робот, машина, преодолевающая очередное препятствие на пути к заветной цели. Позади него без устали раздавалось многоголосое хрипение — уже не одна, а сразу несколько безобразных тварей неумолимо преследовали Джека, подобно грифам ждущие его слабости, его падения. «Черта с два, уроды! Слышите?!»",
episode6.nodes.e6_base_3_v1.data.text,"Затертые до дыр кеды шаг за шагом вязли во влажном песке, высасывая из Джека остатки и без того скудных сил. «Раз. Два. Раз. Ддва!», — в его голове сейчас не было места мыслям. Он робот, машина, преодолевающая очередное препятствие на пути к заветной цели. Позади него без устали раздавалось многоголосое хрипение — уже не одна, а сразу несколько безобразных тварей неумолимо преследовали Джека, подобно грифам ждущие его слабости, его падения. «Черта с два, уроды! Слышите?!»",
episode6.nodes.e6_base_3_v1.title,SideMilitaryBase frame 3; type 1,
episode6.nodes.e6_base_3_v1__choice_0.data.text,Далее,
episode6.nodes.e6_base_3_v1__choice_0.title,Далее,
episode6.nodes.e6_base_3_v2.data.blocks.0.text,"Затертые до дыр кеды шаг за шагом вязли во влажном песке, высасывая из Джека остатки и без того скудных сил. «Раз. Два. Раз. Ддва!», — в его голове сейчас не было места мыслям. Он робот, машина, преодолевающая очередное препятствие на пути к заветной цели. Позади него без устали раздавалось многоголосое хрипение — уже не одна, а сразу несколько безобразных тварей неумолимо преследовали Джека, подобно грифам ждущие его слабости, его падения. «Черта с два, уроды! Слышите?!»",
episode6.nodes.e6_base_3_v2.data.text,"Затертые до дыр кеды шаг за шагом вязли во влажном песке, высасывая из Джека остатки и без того скудных сил. «Раз. Два. Раз. Ддва!», — в его голове сейчас не было места мыслям. Он робот, машина, преодолевающая очередное препятствие на пути к заветной цели. Позади него без устали раздавалось многоголосое хрипение — уже не одна, а сразу несколько безобразных тварей неумолимо преследовали Джека, подобно грифам ждущие его слабости, его падения. «Черта с два, уроды! Слышите?!»",
episode6.nodes.e6_base_3_v2.title,SideMilitaryBase frame 3; type 2,
episode6.nodes.e6_base_3_v2__choice_0.data.text,Далее,
episode6.nodes.e6_base_3_v2__choice_0.title,Далее,
episode6.nodes.e6_base_3_v3.data.blocks.0.text,"Вырваться удалось лишь чудом. Оставив позади едва не прикончивших его мертвецов, винтовку и добрую порцию своих и без того скудных сил, Джек поплелся вглубь берега. Позади все громче раздавалось многоголосое хрипение — зомби без устали следовали за ним, подобно грифам ждущие его слабости, его падения. Липкий страх капля за каплей сочился прямиком в душу, едкой отравой выжигал остатки Джекова самообладания.",
episode6.nodes.e6_base_3_v3.data.text,"Вырваться удалось лишь чудом. Оставив позади едва не прикончивших его мертвецов, винтовку и добрую порцию своих и без того скудных сил, Джек поплелся вглубь берега. Позади все громче раздавалось многоголосое хрипение — зомби без устали следовали за ним, подобно грифам ждущие его слабости, его падения. Липкий страх капля за каплей сочился прямиком в душу, едкой отравой выжигал остатки Джекова самообладания.",
episode6.nodes.e6_base_3_v3.title,SideMilitaryBase frame 3; type 3,
episode6.nodes.e6_base_3_v3__choice_0.data.text,Далее,
episode6.nodes.e6_base_3_v3__choice_0.title,Далее,
episode6.nodes.e6_base_4_v1.data.blocks.0.text,"Объятый пламенем искореженный грузовик, обуглившиеся трупы внутри, разорванные и смятые, как тряпичные куклы, — снаружи. Вихрь диких образов с головой захлестнул Джека, бросил наземь безвольного и беспомощного, заставил смотреть. Смотреть на то, как Измененный в бешенстве крошит горстку оставшихся в живых людей. Гильзы нескончаемым потоком устилали багровую от крови землю, однако все было бесполезно: раны монстра заживали еще раньше, чем погибал очередной стрелявший.",
episode6.nodes.e6_base_4_v1.data.text,"Объятый пламенем искореженный грузовик, обуглившиеся трупы внутри, разорванные и смятые, как тряпичные куклы, — снаружи. Вихрь диких образов с головой захлестнул Джека, бросил наземь безвольного и беспомощного, заставил смотреть. Смотреть на то, как Измененный в бешенстве крошит горстку оставшихся в живых людей. Гильзы нескончаемым потоком устилали багровую от крови землю, однако все было бесполезно: раны монстра заживали еще раньше, чем погибал очередной стрелявший.",
episode6.nodes.e6_base_4_v1.title,SideMilitaryBase frame 4; type 1,
episode6.nodes.e6_base_4_v1__choice_0.data.text,Далее,
episode6.nodes.e6_base_4_v1__choice_0.title,Далее,
episode6.nodes.e6_base_4_v1_choice_70.data.text,"Пулеметный бас неожиданно смолк, возвещая об опустошении ленты. Интенсивность ведущегося по Измененному огня резко упала. Вместе с этим попадали и последние из выживших: кто замертво, а кто и вовсе по кускам. Оставшийся в одиночестве на залитой кровью поляне монстр запрокинул морду и жадно втянул отдающий железом воздух.",
episode6.nodes.e6_base_4_v1_choice_70.title,NewItem(70),
episode6.nodes.e6_base_4_v1_choice_70__choice_0.data.text,Замереть за деревом,
episode6.nodes.e6_base_4_v1_choice_70__choice_0.title,Замереть за деревом,
episode6.nodes.e6_base_4_v1_choice_70__choice_1.data.text,Медленно отступить,
episode6.nodes.e6_base_4_v1_choice_70__choice_1.title,Медленно отступить,
episode6.nodes.e6_base_4_v2.data.blocks.0.text,"Объятый пламенем искореженный грузовик, обуглившиеся трупы внутри, разорванные и смятые, как тряпичные куклы, — снаружи. Вихрь диких образов с головой захлестнул Джека, бросил наземь безвольного и беспомощного, заставил смотреть. Смотреть на то, как Измененный в бешенстве крошит горстку оставшихся в живых людей. Гильзы нескончаемым потоком устилали багровую от крови землю, однако все было бесполезно: раны монстра заживали еще раньше, чем погибал очередной стрелявший.",
episode6.nodes.e6_base_4_v2.data.text,"Объятый пламенем искореженный грузовик, обуглившиеся трупы внутри, разорванные и смятые, как тряпичные куклы, — снаружи. Вихрь диких образов с головой захлестнул Джека, бросил наземь безвольного и беспомощного, заставил смотреть. Смотреть на то, как Измененный в бешенстве крошит горстку оставшихся в живых людей. Гильзы нескончаемым потоком устилали багровую от крови землю, однако все было бесполезно: раны монстра заживали еще раньше, чем погибал очередной стрелявший.",
episode6.nodes.e6_base_4_v2.title,SideMilitaryBase frame 4; type 2,
episode6.nodes.e6_base_4_v2__choice_0.data.text,Далее,
episode6.nodes.e6_base_4_v2__choice_0.title,Далее,
episode6.nodes.e6_base_4_v2_choice_70.data.text,"Пулеметный бас неожиданно смолк, возвещая об опустошении ленты. Интенсивность ведущегося по Измененному огня резко упала. Вместе с этим попадали и последние из выживших: кто замертво, а кто и вовсе по кускам. Оставшийся в одиночестве на залитой кровью поляне монстр запрокинул морду и жадно втянул отдающий железом воздух.",
episode6.nodes.e6_base_4_v2_choice_70.title,NewItem(70),
episode6.nodes.e6_base_4_v2_choice_70__choice_0.data.text,Замереть за деревом,
episode6.nodes.e6_base_4_v2_choice_70__choice_0.title,Замереть за деревом,
episode6.nodes.e6_base_4_v2_choice_70__choice_1.data.text,Медленно отступить,
episode6.nodes.e6_base_4_v2_choice_70__choice_1.title,Медленно отступить,
episode6.nodes.e6_base_4_v3.data.blocks.0.text,"Объятый пламенем искореженный грузовик, обуглившиеся трупы внутри, разорванные и смятые, как тряпичные куклы, — снаружи. Вихрь диких образов с головой захлестнул Джека, бросил наземь безвольного и беспомощного, заставил смотреть. Смотреть на то, как Измененный в бешенстве крошит горстку оставшихся в живых людей. Гильзы нескончаемым потоком устилали багровую от крови землю, однако все было бесполезно: раны монстра заживали еще раньше, чем погибал очередной стрелявший.",
episode6.nodes.e6_base_4_v3.data.text,"Объятый пламенем искореженный грузовик, обуглившиеся трупы внутри, разорванные и смятые, как тряпичные куклы, — снаружи. Вихрь диких образов с головой захлестнул Джека, бросил наземь безвольного и беспомощного, заставил смотреть. Смотреть на то, как Измененный в бешенстве крошит горстку оставшихся в живых людей. Гильзы нескончаемым потоком устилали багровую от крови землю, однако все было бесполезно: раны монстра заживали еще раньше, чем погибал очередной стрелявший.",
episode6.nodes.e6_base_4_v3.title,SideMilitaryBase frame 4; type 3,
episode6.nodes.e6_base_4_v3__choice_0.data.text,Далее,
episode6.nodes.e6_base_4_v3__choice_0.title,Далее,
episode6.nodes.e6_base_4_v3_choice_70.data.text,"Пулеметный бас неожиданно смолк, возвещая об опустошении ленты. Интенсивность ведущегося по Измененному огня резко упала. Вместе с этим попадали и последние из выживших: кто замертво, а кто и вовсе по кускам. Оставшийся в одиночестве на залитой кровью поляне монстр запрокинул морду и жадно втянул отдающий железом воздух.",
episode6.nodes.e6_base_4_v3_choice_70.title,NewItem(70),
episode6.nodes.e6_base_4_v3_choice_70__choice_0.data.text,Замереть за деревом,
episode6.nodes.e6_base_4_v3_choice_70__choice_0.title,Замереть за деревом,
episode6.nodes.e6_base_4_v3_choice_70__choice_1.data.text,Медленно отступить,
episode6.nodes.e6_base_4_v3_choice_70__choice_1.title,Медленно отступить,
episode6.nodes.e6_base_5_v1.data.blocks.0.text,"В неистово трясущейся, побелевшей от напряжения руке военного был зажат небольшой округлый предмет. Джек на мгновение потерял дар речи: бледный и осунувшийся, в густой луже из пробитого насквозь живота — в десяти метрах от него полулежал- полусидел его бывший шурин. Сомнений тут быть не могло! Сам Круз, казалось, не видел ничего, кроме холодно поблескивающей в руке гранаты. Чеки в ней уже не было.",
episode6.nodes.e6_base_5_v1.data.text,"В неистово трясущейся, побелевшей от напряжения руке военного был зажат небольшой округлый предмет. Джек на мгновение потерял дар речи: бледный и осунувшийся, в густой луже из пробитого насквозь живота — в десяти метрах от него полулежал- полусидел его бывший шурин. Сомнений тут быть не могло! Сам Круз, казалось, не видел ничего, кроме холодно поблескивающей в руке гранаты. Чеки в ней уже не было.",
episode6.nodes.e6_base_5_v1.title,SideMilitaryBase frame 5; type 1,
episode6.nodes.e6_base_5_v1__choice_0.data.text,Далее,
episode6.nodes.e6_base_5_v1__choice_0.title,Далее,
episode6.nodes.e6_base_5_v2.data.blocks.0.text,"В неистово трясущейся, побелевшей от напряжения руке военного был зажат небольшой округлый предмет. Джек на мгновение потерял дар речи: бледный и осунувшийся, в густой луже из пробитого насквозь живота — в десяти метрах от него полулежал- полусидел его бывший шурин. Сомнений тут быть не могло! Сам Круз, казалось, не видел ничего, кроме холодно поблескивающей в руке гранаты. Чеки в ней уже не было.",
episode6.nodes.e6_base_5_v2.data.text,"В неистово трясущейся, побелевшей от напряжения руке военного был зажат небольшой округлый предмет. Джек на мгновение потерял дар речи: бледный и осунувшийся, в густой луже из пробитого насквозь живота — в десяти метрах от него полулежал- полусидел его бывший шурин. Сомнений тут быть не могло! Сам Круз, казалось, не видел ничего, кроме холодно поблескивающей в руке гранаты. Чеки в ней уже не было.",
episode6.nodes.e6_base_5_v2.title,SideMilitaryBase frame 5; type 2,
episode6.nodes.e6_base_5_v2__choice_0.data.text,Далее,
episode6.nodes.e6_base_5_v2__choice_0.title,Далее,
episode6.nodes.e6_base_5_v3.data.blocks.0.text,"В неистово трясущейся, побелевшей от напряжения руке военного был зажат небольшой округлый предмет. Джек на мгновение потерял дар речи: бледный и осунувшийся, в густой луже из пробитого насквозь живота — в десяти метрах от него полулежал- полусидел его бывший шурин. Сомнений тут быть не могло! Сам Круз, казалось, не видел ничего, кроме холодно поблескивающей в руке гранаты. Чеки в ней уже не было.",
episode6.nodes.e6_base_5_v3.data.text,"В неистово трясущейся, побелевшей от напряжения руке военного был зажат небольшой округлый предмет. Джек на мгновение потерял дар речи: бледный и осунувшийся, в густой луже из пробитого насквозь живота — в десяти метрах от него полулежал- полусидел его бывший шурин. Сомнений тут быть не могло! Сам Круз, казалось, не видел ничего, кроме холодно поблескивающей в руке гранаты. Чеки в ней уже не было.",
episode6.nodes.e6_base_5_v3.title,SideMilitaryBase frame 5; type 3,
episode6.nodes.e6_base_5_v3__choice_0.data.text,Далее,
episode6.nodes.e6_base_5_v3__choice_0.title,Далее,
episode6.nodes.e6_base_6_v1.data.blocks.0.text,"Чудовище неумолимо приближалось. Ствол старого дуба нельзя было назвать идеальной (да что там — даже приемлемой) защитой, однако выбора у Джека не осталось. Сейчас он уже отчетливо мог услышать каждую пулю, что одна за одной сыпались из затягивающихся ран монстра, каждую сломанную ветку под его когтями-саблями. «Люди ошибаются. Их ошибки могут убить ттысячи... ммм... могут унести жизни миллионов, — тень Измененного накрыла умирающего военного. — Но... Мы же как тараканы. Мы выживем. И тогда молись, мразь, чт... чтб... кхх».",
episode6.nodes.e6_base_6_v1.data.text,"Чудовище неумолимо приближалось. Ствол старого дуба нельзя было назвать идеальной (да что там — даже приемлемой) защитой, однако выбора у Джека не осталось. Сейчас он уже отчетливо мог услышать каждую пулю, что одна за одной сыпались из затягивающихся ран монстра, каждую сломанную ветку под его когтями-саблями. «Люди ошибаются. Их ошибки могут убить ттысячи... ммм... могут унести жизни миллионов, — тень Измененного накрыла умирающего военного. — Но... Мы же как тараканы. Мы выживем. И тогда молись, мразь, чт... чтб... кхх».",
episode6.nodes.e6_base_6_v1.title,SideMilitaryBase frame 6; type 1,
episode6.nodes.e6_base_6_v1__choice_0.data.text,Далее,
episode6.nodes.e6_base_6_v1__choice_0.title,Далее,
episode6.nodes.e6_base_6_v2.data.blocks.0.text,"Чудовище неумолимо приближалось. Ствол старого дуба нельзя было назвать идеальной (да что там — даже приемлемой) защитой, однако выбора у Джека не осталось. Сейчас он уже отчетливо мог услышать каждую пулю, что одна за одной сыпались из затягивающихся ран монстра, каждую сломанную ветку под его когтями-саблями. «Люди ошибаются. Их ошибки могут убить ттысячи... ммм... могут унести жизни миллионов, — тень Измененного накрыла умирающего военного. — Но... Мы же как тараканы. Мы выживем. И тогда молись, мразь, чт... чтб... кхх».",
episode6.nodes.e6_base_6_v2.data.text,"Чудовище неумолимо приближалось. Ствол старого дуба нельзя было назвать идеальной (да что там — даже приемлемой) защитой, однако выбора у Джека не осталось. Сейчас он уже отчетливо мог услышать каждую пулю, что одна за одной сыпались из затягивающихся ран монстра, каждую сломанную ветку под его когтями-саблями. «Люди ошибаются. Их ошибки могут убить ттысячи... ммм... могут унести жизни миллионов, — тень Измененного накрыла умирающего военного. — Но... Мы же как тараканы. Мы выживем. И тогда молись, мразь, чт... чтб... кхх».",
episode6.nodes.e6_base_6_v2.title,SideMilitaryBase frame 6; type 2,
episode6.nodes.e6_base_6_v2__choice_0.data.text,Далее,
episode6.nodes.e6_base_6_v2__choice_0.title,Далее,
episode6.nodes.e6_base_6_v3.data.blocks.0.text,"Чудовище неумолимо приближалось. Ствол старого дуба нельзя было назвать идеальной (да что там — даже приемлемой) защитой, однако выбора у Джека не осталось. Сейчас он уже отчетливо мог услышать каждую пулю, что одна за одной сыпались из затягивающихся ран монстра, каждую сломанную ветку под его когтями-саблями. «Люди ошибаются. Их ошибки могут убить ттысячи... ммм... могут унести жизни миллионов, — тень Измененного накрыла умирающего военного. — Но... Мы же как тараканы. Мы выживем. И тогда молись, мразь, чт... чтб... кхх».",
episode6.nodes.e6_base_6_v3.data.text,"Чудовище неумолимо приближалось. Ствол старого дуба нельзя было назвать идеальной (да что там — даже приемлемой) защитой, однако выбора у Джека не осталось. Сейчас он уже отчетливо мог услышать каждую пулю, что одна за одной сыпались из затягивающихся ран монстра, каждую сломанную ветку под его когтями-саблями. «Люди ошибаются. Их ошибки могут убить ттысячи... ммм... могут унести жизни миллионов, — тень Измененного накрыла умирающего военного. — Но... Мы же как тараканы. Мы выживем. И тогда молись, мразь, чт... чтб... кхх».",
episode6.nodes.e6_base_6_v3.title,SideMilitaryBase frame 6; type 3,
episode6.nodes.e6_base_6_v3__choice_0.data.text,Далее,
episode6.nodes.e6_base_6_v3__choice_0.title,Далее,
episode6.nodes.e6_base_7_v1.title,SideMilitaryBase frame 7; type 1,
episode6.nodes.e6_base_7_v1__choice_0.data.text,Успеть,
episode6.nodes.e6_base_7_v1__choice_0.title,Успеть,
episode6.nodes.e6_base_7_v1__choice_1.data.text,Не успеть,
episode6.nodes.e6_base_7_v1__choice_1.title,Не успеть,
episode6.nodes.e6_base_7_v2.title,SideMilitaryBase frame 7; type 2,
episode6.nodes.e6_base_7_v2__choice_0.data.text,Успеть,
episode6.nodes.e6_base_7_v2__choice_0.title,Успеть,
episode6.nodes.e6_base_7_v2__choice_1.data.text,Не успеть,
episode6.nodes.e6_base_7_v2__choice_1.title,Не успеть,
episode6.nodes.e6_boats_1_v1.data.blocks.0.text,"Лязг запираемой двери сопровождался массовым вздохом облегчения — своим примером Джек довел нескольких счастливчиков. Что выражают лица людей, раз за разом теряющих всякую надежду? Растерянность? Страх? Усталость. Смертельная усталость блуждала в глазах уцелевших. Балласт. Джек уже хотел было отправиться восвояси, когда откуда-то из-за спин раздался жесткий скрежещущий голос: «Ешли идей нет, то я пошалуй подкину вам одну. Жа мной!»",
episode6.nodes.e6_boats_1_v1.data.text,"Лязг запираемой двери сопровождался массовым вздохом облегчения — своим примером Джек довел нескольких счастливчиков. Что выражают лица людей, раз за разом теряющих всякую надежду? Растерянность? Страх? Усталость. Смертельная усталость блуждала в глазах уцелевших. Балласт. Джек уже хотел было отправиться восвояси, когда откуда-то из-за спин раздался жесткий скрежещущий голос: «Ешли идей нет, то я пошалуй подкину вам одну. Жа мной!»",
episode6.nodes.e6_boats_1_v1.title,RoadToBoats frame 1; type 1,
episode6.nodes.e6_boats_1_v1__choice_0.data.text,Далее,
episode6.nodes.e6_boats_1_v1__choice_0.title,Далее,
episode6.nodes.e6_boats_1_v1_choice_59.data.text,"Без лишних слов выжившие бросились за новоявленным лидером, на ходу шепелявившим что-то про «корму» и «спасательные боты». Нечто в старике напрягало Джека: вот оно, вертится на языке, но... тщетно. Черт возьми.",
episode6.nodes.e6_boats_1_v1_choice_59.title,NewItem(59),
episode6.nodes.e6_boats_1_v1_choice_59__choice_0.data.text,Проследовать за стариком,
episode6.nodes.e6_boats_1_v1_choice_59__choice_0.title,Проследовать за стариком,
episode6.nodes.e6_boats_1_v1_choice_59__choice_1.data.text,Идти в другую сторону,
episode6.nodes.e6_boats_1_v1_choice_59__choice_1.title,Идти в другую сторону,
episode6.nodes.e6_boats_2_v1.data.blocks.0.text,"Чем больше группа, тем в большей опасности находится каждый ее член. В нынешних реалиях. Коротко усмехнувшись, Джек проследил глазами отбытие слегка воодушевившихся бедолаг и неторопливо направился в противоположную сторону.",
episode6.nodes.e6_boats_2_v1.data.text,"Чем больше группа, тем в большей опасности находится каждый ее член. В нынешних реалиях. Коротко усмехнувшись, Джек проследил глазами отбытие слегка воодушевившихся бедолаг и неторопливо направился в противоположную сторону.",
episode6.nodes.e6_boats_2_v1.title,RoadToBoats frame 2; type 1,
episode6.nodes.e6_boats_2_v1__choice_0.data.text,Взять нож,
episode6.nodes.e6_boats_2_v1__choice_0.title,Взять нож,
episode6.nodes.e6_boats_2_v1__choice_1.data.text,Идти дальше,
episode6.nodes.e6_boats_2_v1__choice_1.title,Идти дальше,
episode6.nodes.e6_boats_3_v1.data.blocks.0.text,"За спиной протяжно заскрипела сталь, отмеряя Джеку десяток секунд на раздумья. Хаос столовой вихрем разносился по пустым коридорам — продавили, прорвались. Холодный блеск ножа придавал иллюзорной уверенности: им сейчас можно было лишь зарезаться. Но суицид в планы Джека не входил. Ступор длиной в секунды. Драгоценные секунды.",
episode6.nodes.e6_boats_3_v1.data.text,"За спиной протяжно заскрипела сталь, отмеряя Джеку десяток секунд на раздумья. Хаос столовой вихрем разносился по пустым коридорам — продавили, прорвались. Холодный блеск ножа придавал иллюзорной уверенности: им сейчас можно было лишь зарезаться. Но суицид в планы Джека не входил. Ступор длиной в секунды. Драгоценные секунды.",
episode6.nodes.e6_boats_3_v1.title,RoadToBoats frame 3; type 1,
episode6.nodes.e6_boats_3_v1__choice_0.data.text,Далее,
episode6.nodes.e6_boats_3_v1__choice_0.title,Далее,
episode6.nodes.e6_boats_4_v1.data.blocks.0.text,"За спиной протяжно заскрипела сталь, отмеряя Джеку десяток секунд на раздумья. Хаос столовой вихрем разносился по пустым коридорам — продавили, прорвались. Безоружному мужчине ничего не оставалось, как броситься вглубь кухни в надежде отыскать себе убежище. Шорох. Впереди, совсем рядом. Сердце Джека бешено колотилось, гоняя адреналиновый коктейль по нервно дрожащему телу.",
episode6.nodes.e6_boats_4_v1.data.text,"За спиной протяжно заскрипела сталь, отмеряя Джеку десяток секунд на раздумья. Хаос столовой вихрем разносился по пустым коридорам — продавили, прорвались. Безоружному мужчине ничего не оставалось, как броситься вглубь кухни в надежде отыскать себе убежище. Шорох. Впереди, совсем рядом. Сердце Джека бешено колотилось, гоняя адреналиновый коктейль по нервно дрожащему телу.",
episode6.nodes.e6_boats_4_v1.title,RoadToBoats frame 4; type 1,
episode6.nodes.e6_boats_4_v1__choice_0.data.text,Далее,
episode6.nodes.e6_boats_4_v1__choice_0.title,Далее,
episode6.nodes.e6_boats_5_v1.data.blocks.0.text,"Сколько он был в отключке? Секунд пять—шесть? Возвращающиеся под контроль чувства оголенными проводами жгли мозг. Каждое движение рук отзывалось ноющей, будто после обморожения, болью. Джек с недоумением рассматривал свои измазанные в чем-то буром конечности, походившем скорее на... КРОВЬ! В момент сбросивший оцепенение мужчина в ужасе уставился на изуродованный труп с навсегда застывшим выражением животного страха на молодом лице. Сзади раздался звук тяжелых шагов.",
episode6.nodes.e6_boats_5_v1.data.text,"Сколько он был в отключке? Секунд пять—шесть? Возвращающиеся под контроль чувства оголенными проводами жгли мозг. Каждое движение рук отзывалось ноющей, будто после обморожения, болью. Джек с недоумением рассматривал свои измазанные в чем-то буром конечности, походившем скорее на... КРОВЬ! В момент сбросивший оцепенение мужчина в ужасе уставился на изуродованный труп с навсегда застывшим выражением животного страха на молодом лице. Сзади раздался звук тяжелых шагов.",
episode6.nodes.e6_boats_5_v1.title,RoadToBoats frame 5; type 1,
episode6.nodes.e6_boats_5_v1__choice_0.data.text,Далее,
episode6.nodes.e6_boats_5_v1__choice_0.title,Далее,
episode6.nodes.e6_boats_5_v1_choice_61.data.text,"Джек отчетливо услышал лязг оружейного металла. Хотя сейчас ни в чем нельзя быть уверенным. Чужая кровь крупными жирными каплями окропляла пол. Кап. Кап. Шаги за спиной все ближе. Осторожные, выверенные.",
episode6.nodes.e6_boats_5_v1_choice_61.title,NewItem(61),
episode6.nodes.e6_boats_5_v1_choice_61__choice_0.data.text,Медленно повернуться,
episode6.nodes.e6_boats_5_v1_choice_61__choice_0.title,Медленно повернуться,
episode6.nodes.e6_boats_5_v1_choice_61__choice_1.data.text,Атаковать,
episode6.nodes.e6_boats_5_v1_choice_61__choice_1.title,Атаковать,
episode6.nodes.e6_boats_6_v1.data.blocks.0.text,"Надрывно скрипел металл двери напротив, призывая поторопиться с решением. У старика, казалось, действительно был припасен некий план, его уверенность подкупала. Раз поворот, два лестница, три... Лица, лица, лица: удивленные, озлобленные, не понимающие, что вообще происходит. Лидер ледоколом несся впереди, завлекая стремительно редеющую группу во все новые лабиринты отсеков и коридоров.",
episode6.nodes.e6_boats_6_v1.data.text,"Надрывно скрипел металл двери напротив, призывая поторопиться с решением. У старика, казалось, действительно был припасен некий план, его уверенность подкупала. Раз поворот, два лестница, три... Лица, лица, лица: удивленные, озлобленные, не понимающие, что вообще происходит. Лидер ледоколом несся впереди, завлекая стремительно редеющую группу во все новые лабиринты отсеков и коридоров.",
episode6.nodes.e6_boats_6_v1.title,RoadToBoats frame 6; type 1,
episode6.nodes.e6_boats_6_v1__choice_0.data.text,Далее,
episode6.nodes.e6_boats_6_v1__choice_0.title,Далее,
episode6.nodes.e6_boats_6_v1_choice_63.data.text,"Беглецы поочередно сворачивали за угол и в нерешительности останавливались, не в силах переступить черту, решиться. Джек вслед за остальными замер, во все глаза наблюдая за тем, как шепелявый старик запросто раскидывает по стенкам двух вооруженных солдат.",
episode6.nodes.e6_boats_6_v1_choice_63.title,NewItem(63),
episode6.nodes.e6_boats_6_v1_choice_63__choice_0.data.text,Остаться в стороне,
episode6.nodes.e6_boats_6_v1_choice_63__choice_0.title,Остаться в стороне,
episode6.nodes.e6_boats_6_v1_choice_63__choice_1.data.text,Помочь старику,
episode6.nodes.e6_boats_6_v1_choice_63__choice_1.title,Помочь старику,
episode6.nodes.e6_boats_7_v1.title,RoadToBoats frame 7; type 1,
episode6.nodes.e6_boats_7_v1__choice_0.data.text,Успеть,
episode6.nodes.e6_boats_7_v1__choice_0.title,Успеть,
episode6.nodes.e6_boats_7_v1__choice_1.data.text,Не успеть,
episode6.nodes.e6_boats_7_v1__choice_1.title,Не успеть,
episode6.nodes.e6_boats_8_v1.data.blocks.0.text,"Решение далось Джеку не сразу. Понятие «правильно» уже давно потеряло здесь всякий смысл, уступив место дикой жажде жизни. Теперь любые, даже самые подлые и низкие, поступки совершались вслед за шепотком инстинкта самосохранения. И в этот раз шепоток требовал от Джека безумства. Бешеный рывок — мужчина во мгновение ока ворвался в самую гущу драки.",
episode6.nodes.e6_boats_8_v1.data.text,"Решение далось Джеку не сразу. Понятие «правильно» уже давно потеряло здесь всякий смысл, уступив место дикой жажде жизни. Теперь любые, даже самые подлые и низкие, поступки совершались вслед за шепотком инстинкта самосохранения. И в этот раз шепоток требовал от Джека безумства. Бешеный рывок — мужчина во мгновение ока ворвался в самую гущу драки.",
episode6.nodes.e6_boats_8_v1.title,RoadToBoats frame 8; type 1,
episode6.nodes.e6_boats_8_v1__choice_0.data.text,Далее,
episode6.nodes.e6_boats_8_v1__choice_0.title,Далее,
episode6.nodes.e6_boats_9_v1.data.blocks.0.text,"Успели в самый последний момент: стоило старику заблокировать дверь, как с другой стороны раздались звонкие щелчки пуль. Пути назад у них теперь не было. Джек, тяжело дыша, оперся на прохладный металл перил. Бордовая от крови винтовка в его руках ходила ходуном. «Он... Ониб... Бждесь... Шлюки... Деони... Лятье!» — сквозь шум океана прорывались шепелявые ругательства старика. Джек нехотя обернулся.",
episode6.nodes.e6_boats_9_v1.data.text,"Успели в самый последний момент: стоило старику заблокировать дверь, как с другой стороны раздались звонкие щелчки пуль. Пути назад у них теперь не было. Джек, тяжело дыша, оперся на прохладный металл перил. Бордовая от крови винтовка в его руках ходила ходуном. «Он... Ониб... Бждесь... Шлюки... Деони... Лятье!» — сквозь шум океана прорывались шепелявые ругательства старика. Джек нехотя обернулся.",
episode6.nodes.e6_boats_9_v1.title,RoadToBoats frame 9; type 1,
episode6.nodes.e6_boats_9_v1__choice_0.data.text,Далее,
episode6.nodes.e6_boats_9_v1__choice_0.title,Далее,
episode6.nodes.e6_carrier_11_v2.data.blocks.0.text,"Пауза — замерший буквально в метре от Джека полноватый мужик с осатанелым криком срывается прямо в гущу толпы. Шаг. Еще шаг. Скачущий сайгаком пульс требовал от Джека действий, борьбы, однако он все так же старательно и неторопливо продвигался к ближайшей двери. На фоне царящего вокруг хаоса его черепашьи телодвижения были сродни неподвижности — заметившие его безумцы мигом теряли к Джеку всякий интерес, переключаясь на более шустрые цели.",
episode6.nodes.e6_carrier_11_v2.data.text,"Пауза — замерший буквально в метре от Джека полноватый мужик с осатанелым криком срывается прямо в гущу толпы. Шаг. Еще шаг. Скачущий сайгаком пульс требовал от Джека действий, борьбы, однако он все так же старательно и неторопливо продвигался к ближайшей двери. На фоне царящего вокруг хаоса его черепашьи телодвижения были сродни неподвижности — заметившие его безумцы мигом теряли к Джеку всякий интерес, переключаясь на более шустрые цели.",
episode6.nodes.e6_carrier_11_v2.title,Episode6 frame 11; type 2,
episode6.nodes.e6_carrier_11_v2__choice_0.data.text,Далее,
episode6.nodes.e6_carrier_11_v2__choice_0.title,Далее,
episode6.nodes.e6_carrier_12_v1.data.blocks.0.text,"Его окликнули у массивной железной двери, служащей границей территории выживших. Спустя несколько минут молчаливого ожидания навстречу выскочил невысокого роста дежурный, на ходу что-то усердно жующий. И Джеку хватило всего пары предложений, чтобы от былого, слегка вальяжного поведения военного не осталось и следа.",
episode6.nodes.e6_carrier_12_v1.data.text,"Его окликнули у массивной железной двери, служащей границей территории выживших. Спустя несколько минут молчаливого ожидания навстречу выскочил невысокого роста дежурный, на ходу что-то усердно жующий. И Джеку хватило всего пары предложений, чтобы от былого, слегка вальяжного поведения военного не осталось и следа.",
episode6.nodes.e6_carrier_12_v1.title,Episode6 frame 12; type 1,
episode6.nodes.e6_carrier_12_v1__choice_0.data.text,Далее,
episode6.nodes.e6_carrier_12_v1__choice_0.title,Далее,
episode6.nodes.e6_carrier_13_v1.data.blocks.0.text,"От степени серьезности проводимых с ним процедур Джеку вскоре стало откровенно не по себе. Наручники за спиной, вооруженный конвой по бокам — дружеские чаепития так обычно не проводятся, а, следовательно, разговор предстоял довольно непростой. Раз поворот, два лестница, три... В какой-то момент мужчина сбился со счета, переключившись на неравный мысленный бой с недовольно урчащим желудком.",
episode6.nodes.e6_carrier_13_v1.data.text,"От степени серьезности проводимых с ним процедур Джеку вскоре стало откровенно не по себе. Наручники за спиной, вооруженный конвой по бокам — дружеские чаепития так обычно не проводятся, а, следовательно, разговор предстоял довольно непростой. Раз поворот, два лестница, три... В какой-то момент мужчина сбился со счета, переключившись на неравный мысленный бой с недовольно урчащим желудком.",
episode6.nodes.e6_carrier_13_v1.title,Episode6 frame 13; type 1,
episode6.nodes.e6_carrier_13_v1__choice_0.data.text,Далее,
episode6.nodes.e6_carrier_13_v1__choice_0.title,Далее,
episode6.nodes.e6_carrier_14_v1.data.blocks.0.text,"Если судить по крайней нервозности и бледным лицам персонала мини-лаборатории, а также посторонним шумам откуда-то сверху — находка Джека была не единственной существенной проблемой на сегодня. Рации конвоиров рассыпались приказаниями и разрозненными докладами, из которых понять что-либо было абсолютно невозможно. Резкий женский голос из закрепленных под потолком динамиков прервал размышления.",
episode6.nodes.e6_carrier_14_v1.data.text,"Если судить по крайней нервозности и бледным лицам персонала мини-лаборатории, а также посторонним шумам откуда-то сверху — находка Джека была не единственной существенной проблемой на сегодня. Рации конвоиров рассыпались приказаниями и разрозненными докладами, из которых понять что-либо было абсолютно невозможно. Резкий женский голос из закрепленных под потолком динамиков прервал размышления.",
episode6.nodes.e6_carrier_14_v1.title,Episode6 frame 14; type 1,
episode6.nodes.e6_carrier_14_v1__choice_0.data.text,Далее,
episode6.nodes.e6_carrier_14_v1__choice_0.title,Далее,
episode6.nodes.e6_carrier_15_v1.data.blocks.0.text,"«...Лицом к стене! Любая попытка сопротивления будет расценена как агр...» — усиленный мегафоном трескучий голос оборвался на полуслове, раздалась серия оглушительных взрывов, накрывая столовую градом осколков. Выстрелы теперь, казалось, звучали отовсюду. Джек усилием воли попытался подняться на колени, но удалось ему это далеко не сразу: руки предательски тряслись, а от звона в ушах перед глазами плыли круги.",
episode6.nodes.e6_carrier_15_v1.data.text,"«...Лицом к стене! Любая попытка сопротивления будет расценена как агр...» — усиленный мегафоном трескучий голос оборвался на полуслове, раздалась серия оглушительных взрывов, накрывая столовую градом осколков. Выстрелы теперь, казалось, звучали отовсюду. Джек усилием воли попытался подняться на колени, но удалось ему это далеко не сразу: руки предательски тряслись, а от звона в ушах перед глазами плыли круги.",
episode6.nodes.e6_carrier_15_v1.title,Episode6 frame 15; type 1,
episode6.nodes.e6_carrier_15_v1__choice_0.data.text,Далее,
episode6.nodes.e6_carrier_15_v1__choice_0.title,Далее,
episode6.nodes.e6_carrier_16_v1.data.blocks.0.text,"Движение. Движение — это жизнь. А последняя Джеку явно задолжала. Собрав остатки сил, он было попробовал опереться на стену, но тут же как подкошенный рухнул обратно. И без того темная от крови штанина стремительно набухала в такт рваному биению сердца.",
episode6.nodes.e6_carrier_16_v1.data.text,"Движение. Движение — это жизнь. А последняя Джеку явно задолжала. Собрав остатки сил, он было попробовал опереться на стену, но тут же как подкошенный рухнул обратно. И без того темная от крови штанина стремительно набухала в такт рваному биению сердца.",
episode6.nodes.e6_carrier_16_v1.title,Episode6 frame 16; type 1,
episode6.nodes.e6_carrier_16_v1__choice_0.data.text,Далее,
episode6.nodes.e6_carrier_16_v1__choice_0.title,Далее,
episode6.nodes.e6_carrier_1_v1.data.blocks.0.text,"Массивный нос корабля лениво рассекал мутные воды залива, убаюкивающе поигрывая бортами. Широкая палуба была пустынна, лишь ветер гонял клубы пыли там, где еще недавно обитала стая винтокрылых машин. Связь с последним спасательным вертолетом была потеряна накануне, и спустя ночь обреченного ожидания капитан отдал приказ об отбытии. Так гласили звучащие среди людей слухи и домыслы.",
episode6.nodes.e6_carrier_1_v1.data.text,"Массивный нос корабля лениво рассекал мутные воды залива, убаюкивающе поигрывая бортами. Широкая палуба была пустынна, лишь ветер гонял клубы пыли там, где еще недавно обитала стая винтокрылых машин. Связь с последним спасательным вертолетом была потеряна накануне, и спустя ночь обреченного ожидания капитан отдал приказ об отбытии. Так гласили звучащие среди людей слухи и домыслы.",
episode6.nodes.e6_carrier_1_v1.title,Episode6 frame 1; type 1,
episode6.nodes.e6_carrier_1_v1__choice_0.data.text,Далее,
episode6.nodes.e6_carrier_1_v1__choice_0.title,Далее,
episode6.nodes.e6_carrier_2_v1.data.blocks.0.text,"Пугающая находка крошечным угольком жгла карман, заставляла время от времени судорожно шарить руками в ее поисках. Нет, на месте, все на месте. В очередной раз машинально нащупав маленькую коробочку, Джек без облегчения выдохнул, погруженный в безрадостные раздумья.",
episode6.nodes.e6_carrier_2_v1.data.text,"Пугающая находка крошечным угольком жгла карман, заставляла время от времени судорожно шарить руками в ее поисках. Нет, на месте, все на месте. В очередной раз машинально нащупав маленькую коробочку, Джек без облегчения выдохнул, погруженный в безрадостные раздумья.",
episode6.nodes.e6_carrier_2_v1.title,Episode6 frame 2; type 1,
episode6.nodes.e6_carrier_2_v1__choice_0.data.text,Далее,
episode6.nodes.e6_carrier_2_v1__choice_0.title,Далее,
episode6.nodes.e6_carrier_2_v1_choice_57.data.text,"Подсознательно Джек понимал: заражение в таком замкнутом пространстве гарантированно похоронит здесь всех. В реалиях дикого нового мира быстро учишься дружить со своей паранойей, что не раз уже спасло мужчине жизнь.",
episode6.nodes.e6_carrier_2_v1_choice_57.title,NewItem(57),
episode6.nodes.e6_carrier_2_v1_choice_57__choice_0.data.text,Скрыть находку,
episode6.nodes.e6_carrier_2_v1_choice_57__choice_0.title,Скрыть находку,
episode6.nodes.e6_carrier_2_v1_choice_57__choice_1.data.text,Сообщить военным,
episode6.nodes.e6_carrier_2_v1_choice_57__choice_1.title,Сообщить военным,
episode6.nodes.e6_carrier_2_v1_choice_57__choice_2.data.text,Выбросить зуб,
episode6.nodes.e6_carrier_2_v1_choice_57__choice_2.title,Выбросить зуб,
episode6.nodes.e6_carrier_3_v1.data.blocks.0.text,"«Предупрежден — значит во всеоружии», — по памяти восстановив одну из фирменных фраз своей бывшей, Джек потянул вниз рычажок смыва. С довольным урчанием унитаз проглотил его находку. Нет, ну с чего он вообще так завелся то? Ну зуб, ну нашел ты его. На то может быть сотня причин, никак не связанная с пресловутыми мертвяками. Однако самовнушение Джеку помогало слабо.",
episode6.nodes.e6_carrier_3_v1.data.text,"«Предупрежден — значит во всеоружии», — по памяти восстановив одну из фирменных фраз своей бывшей, Джек потянул вниз рычажок смыва. С довольным урчанием унитаз проглотил его находку. Нет, ну с чего он вообще так завелся то? Ну зуб, ну нашел ты его. На то может быть сотня причин, никак не связанная с пресловутыми мертвяками. Однако самовнушение Джеку помогало слабо.",
episode6.nodes.e6_carrier_3_v1.title,Episode6 frame 3; type 1,
episode6.nodes.e6_carrier_3_v1__choice_0.data.text,Далее,
episode6.nodes.e6_carrier_3_v1__choice_0.title,Далее,
episode6.nodes.e6_carrier_4_v1.data.blocks.0.text,"Чтобы хоть как-то отвлечься от гнетущих его мыслей, Джек отправился в столовую, благо общий завтрак уже начался. По пути, проталкиваясь сквозь разномастную толпу стоящих, сидящих, перекрикивающихся и просто слоняющихся без дела людей, мужчина поймал себя на мысли, что ощущает смутное беспокойство, некая неправильность происходящего вокруг цепляла обострившуюся интуицию. Черт, Джек, так и до клиники недалеко.",
episode6.nodes.e6_carrier_4_v1.data.text,"Чтобы хоть как-то отвлечься от гнетущих его мыслей, Джек отправился в столовую, благо общий завтрак уже начался. По пути, проталкиваясь сквозь разномастную толпу стоящих, сидящих, перекрикивающихся и просто слоняющихся без дела людей, мужчина поймал себя на мысли, что ощущает смутное беспокойство, некая неправильность происходящего вокруг цепляла обострившуюся интуицию. Черт, Джек, так и до клиники недалеко.",
episode6.nodes.e6_carrier_4_v1.title,Episode6 frame 4; type 1,
episode6.nodes.e6_carrier_4_v1__choice_0.data.text,Далее,
episode6.nodes.e6_carrier_4_v1__choice_0.title,Далее,
episode6.nodes.e6_carrier_5_v1.data.blocks.0.text,"Приняв окончательное для себя решение, Джек направился в столовую, дабы отвлечься от нахлынувшего потока подозрений и страхов. По пути, проталкиваясь сквозь разномастную толпу стоящих, сидящих, перекрикивающихся и просто слоняющихся без дела людей, мужчина поймал себя на мысли, что и здесь ощущает смутное беспокойство, некая неправильность происходящего вокруг цепляла обострившуюся интуицию.",
episode6.nodes.e6_carrier_5_v1.data.text,"Приняв окончательное для себя решение, Джек направился в столовую, дабы отвлечься от нахлынувшего потока подозрений и страхов. По пути, проталкиваясь сквозь разномастную толпу стоящих, сидящих, перекрикивающихся и просто слоняющихся без дела людей, мужчина поймал себя на мысли, что и здесь ощущает смутное беспокойство, некая неправильность происходящего вокруг цепляла обострившуюся интуицию.",
episode6.nodes.e6_carrier_5_v1.title,Episode6 frame 5; type 1,
episode6.nodes.e6_carrier_5_v1__choice_0.data.text,Далее,
episode6.nodes.e6_carrier_5_v1__choice_0.title,Далее,
episode6.nodes.e6_carrier_6_v1.data.blocks.0.text,"Конфликт возник из ниоткуда, разросся из мимолетной искры, неожиданно пролетевшей между двумя спорящими о какой-то ерунде молодыми людьми. Джек не успел опомниться, как мирная, вялотекущая трапеза превратилась в бой без правил, вовлекая все новых и новых участников. Люди зверели, казалось, от одного неосторожного касания, от одного резкого звука, с остервенением набрасываясь на себе подобных.",
episode6.nodes.e6_carrier_6_v1.data.text,"Конфликт возник из ниоткуда, разросся из мимолетной искры, неожиданно пролетевшей между двумя спорящими о какой-то ерунде молодыми людьми. Джек не успел опомниться, как мирная, вялотекущая трапеза превратилась в бой без правил, вовлекая все новых и новых участников. Люди зверели, казалось, от одного неосторожного касания, от одного резкого звука, с остервенением набрасываясь на себе подобных.",
episode6.nodes.e6_carrier_6_v1.title,Episode6 frame 6; type 1,
episode6.nodes.e6_carrier_6_v1__choice_0.data.text,Далее,
episode6.nodes.e6_carrier_6_v1__choice_0.title,Далее,
episode6.nodes.e6_carrier_6_v1_choice_58.data.text,Джек с десятком таких же ошалевших от сюрреализма происходящего людей оказался зажат в самом углу столовой. И с каждой минутой их становилось все меньше: одного за одним несчастных против их воли затаскивали в самый эпицентр безумной бойни.,
episode6.nodes.e6_carrier_6_v1_choice_58.title,NewItem(58),
episode6.nodes.e6_carrier_6_v1_choice_58__choice_0.data.text,Выбираться из столовой,
episode6.nodes.e6_carrier_6_v1_choice_58__choice_0.title,Выбираться из столовой,
episode6.nodes.e6_carrier_6_v1_choice_58__choice_1.data.text,Ничего не предпринимать,
episode6.nodes.e6_carrier_6_v1_choice_58__choice_1.title,Ничего не предпринимать,
episode6.nodes.e6_carrier_6_v1_choice_58__choice_2.data.text,Попытаться найти военных,
episode6.nodes.e6_carrier_6_v1_choice_58__choice_2.title,Попытаться найти военных,
episode6.nodes.e6_carrier_7_v1.title,Episode6 frame 7; type 1,
episode6.nodes.e6_carrier_7_v1__choice_0.data.text,Успеть,
episode6.nodes.e6_carrier_7_v1__choice_0.title,Успеть,
episode6.nodes.e6_carrier_7_v1__choice_1.data.text,Не успеть,
episode6.nodes.e6_carrier_7_v1__choice_1.title,Не успеть,
episode6.nodes.e6_carrier_8_v1.data.blocks.0.text,"Перекошенное от ужаса лицо мужчины скрылось в водовороте человеческих тел, кулаков и горящих необъяснимой яростью глаз. «Каждый сам за себя, каждый, ммать его, сам за себя», — в голове Джека вместо плана действий сейчас кружило жутковатое перекати- поле, руки тряслись в такт вырывающемуся из груди сердцу. Выстрелы. Наконец-то.",
episode6.nodes.e6_carrier_8_v1.data.text,"Перекошенное от ужаса лицо мужчины скрылось в водовороте человеческих тел, кулаков и горящих необъяснимой яростью глаз. «Каждый сам за себя, каждый, ммать его, сам за себя», — в голове Джека вместо плана действий сейчас кружило жутковатое перекати- поле, руки тряслись в такт вырывающемуся из груди сердцу. Выстрелы. Наконец-то.",
episode6.nodes.e6_carrier_8_v1.title,Episode6 frame 8; type 1,
episode6.nodes.e6_carrier_8_v1__choice_0.data.text,Далее,
episode6.nodes.e6_carrier_8_v1__choice_0.title,Далее,
episode6.nodes.e6_carrier_8_v3.data.blocks.0.text,"Шаг. Еще шаг. Скачущий сайгаком пульс требовал от Джека действий, борьбы, однако он все так же старательно и неторопливо продвигался вперед. Туда, откуда, по его мнению, должны были вот-вот показаться вооруженные до зубов спасители. На фоне царящего вокруг хаоса его черепашьи телодвижения были сродни неподвижности — заметившие его безумцы мигом теряли к Джеку всякий интерес, переключаясь на более шустрые цели.",
episode6.nodes.e6_carrier_8_v3.data.text,"Шаг. Еще шаг. Скачущий сайгаком пульс требовал от Джека действий, борьбы, однако он все так же старательно и неторопливо продвигался вперед. Туда, откуда, по его мнению, должны были вот-вот показаться вооруженные до зубов спасители. На фоне царящего вокруг хаоса его черепашьи телодвижения были сродни неподвижности — заметившие его безумцы мигом теряли к Джеку всякий интерес, переключаясь на более шустрые цели.",
episode6.nodes.e6_carrier_8_v3.title,Episode6 frame 8; type 3,
episode6.nodes.e6_carrier_8_v3__choice_0.data.text,Далее,
episode6.nodes.e6_carrier_8_v3__choice_0.title,Далее,
episode6.nodes.e6_carrier_9_v2.data.blocks.0.text,"С силой стряхнув с себя почти животное оцепенение, Джек повнимательней присмотрелся к обезумевшим. Что-то в их дерганных и, на первый взгляд, совершенно хаотичных движениях привлекло его. Что-то... Хруст перемалываемых людской бурей костей и предсмертные хрипы раздавались уже совсем рядом, когда Джек, ведомый возникшей вдруг в голове безумной идеей, медленно двинулся вдоль стены столовой.",
episode6.nodes.e6_carrier_9_v2.data.text,"С силой стряхнув с себя почти животное оцепенение, Джек повнимательней присмотрелся к обезумевшим. Что-то в их дерганных и, на первый взгляд, совершенно хаотичных движениях привлекло его. Что-то... Хруст перемалываемых людской бурей костей и предсмертные хрипы раздавались уже совсем рядом, когда Джек, ведомый возникшей вдруг в голове безумной идеей, медленно двинулся вдоль стены столовой.",
episode6.nodes.e6_carrier_9_v2.title,Episode6 frame 9; type 2,
episode6.nodes.e6_carrier_9_v2__choice_0.data.text,Далее,
episode6.nodes.e6_carrier_9_v2__choice_0.title,Далее,
episode6.nodes.e6_carrier_9_v3.data.blocks.0.text,"С силой стряхнув с себя почти животное оцепенение, Джек повнимательней присмотрелся к обезумевшим. Что-то в их дерганных и, на первый взгляд, совершенно хаотичных движениях привлекло его. Что-то... Хруст перемалываемых людской бурей костей и предсмертные хрипы раздавались уже совсем рядом, когда Джек, ведомый возникшей вдруг в голове безумной идеей, медленно двинулся вдоль стены столовой.",
episode6.nodes.e6_carrier_9_v3.data.text,"С силой стряхнув с себя почти животное оцепенение, Джек повнимательней присмотрелся к обезумевшим. Что-то в их дерганных и, на первый взгляд, совершенно хаотичных движениях привлекло его. Что-то... Хруст перемалываемых людской бурей костей и предсмертные хрипы раздавались уже совсем рядом, когда Джек, ведомый возникшей вдруг в голове безумной идеей, медленно двинулся вдоль стены столовой.",
episode6.nodes.e6_carrier_9_v3.title,Episode6 frame 9; type 3,
episode6.nodes.e6_carrier_9_v3__choice_0.data.text,Далее,
episode6.nodes.e6_carrier_9_v3__choice_0.title,Далее,
episode6.nodes.e6_dialogue_dave_0.data.speaker,Дэйв Коулмэн,
episode6.nodes.e6_dialogue_dave_0.data.text,"(Бородач молча опустился на край кровати и, тяжело дыша, уставился в потолок. Повисла неловкая пауза). Спасибо.",
episode6.nodes.e6_dialogue_dave_0.title,DialogMov(8) DlgArr[0],
episode6.nodes.e6_dialogue_dave_0__choice_0.data.text,(Утвердительно кивнуть).,
episode6.nodes.e6_dialogue_dave_0__choice_0.title,(Утвердительно кивнуть).,
episode6.nodes.e6_dialogue_dave_0__choice_1.data.text,Не рано расслабляться?,
episode6.nodes.e6_dialogue_dave_0__choice_1.title,Не рано расслабляться?,
episode6.nodes.e6_dialogue_dave_0__choice_2.data.text,Много их там?,
episode6.nodes.e6_dialogue_dave_0__choice_2.title,Много их там?,
episode6.nodes.e6_dialogue_dave_1.data.speaker,Дэйв Коулмэн,
episode6.nodes.e6_dialogue_dave_1.data.text,Патронов много еще?,
episode6.nodes.e6_dialogue_dave_1.title,DialogMov(8) DlgArr[1],
episode6.nodes.e6_dialogue_dave_10.data.speaker,Дэйв Коулмэн,
episode6.nodes.e6_dialogue_dave_10.data.text,Патронов много еще?,
episode6.nodes.e6_dialogue_dave_10.title,DialogMov(8) DlgArr[10],
episode6.nodes.e6_dialogue_dave_103.data.speaker,Дэйв Коулмэн,
episode6.nodes.e6_dialogue_dave_103.data.text,"(Наклонившись поближе к Джеку) Застряли мы здесь — вот что. (Указав на выход из камеры) Пойди, проветрись.",
episode6.nodes.e6_dialogue_dave_103.title,DialogMov(8) DlgArr[103],
episode6.nodes.e6_dialogue_dave_103__choice_0.data.text,(Последовать совету).,
episode6.nodes.e6_dialogue_dave_103__choice_0.title,(Последовать совету).,
episode6.nodes.e6_dialogue_dave_103__choice_1.data.text,(Остаться сидеть).,
episode6.nodes.e6_dialogue_dave_103__choice_1.title,(Остаться сидеть).,
episode6.nodes.e6_dialogue_dave_10__choice_0.data.text,Полобоймы,
episode6.nodes.e6_dialogue_dave_10__choice_0.title,Полобоймы,
episode6.nodes.e6_dialogue_dave_10__choice_1.data.text,"(Выщелкнув магазин) Всего ничего. Четыре, нет, пять штук.",
episode6.nodes.e6_dialogue_dave_10__choice_1.title,"(Выщелкнув магазин) Всего ничего. Четыре, нет, пять штук.",
episode6.nodes.e6_dialogue_dave_11.data.speaker,Дэйв Коулмэн,
episode6.nodes.e6_dialogue_dave_11.data.text,(Запустив руку в бороду) Головой кто-то тронулся. Опять. У нас ведь тут целое судно... психов. (Уже тише) Черт бы его побрал.,
episode6.nodes.e6_dialogue_dave_11.title,DialogMov(8) DlgArr[11],
episode6.nodes.e6_dialogue_dave_11__choice_0.data.text,"Надо выбираться. Нет, надо валить нахрен отсюда!",
episode6.nodes.e6_dialogue_dave_11__choice_0.title,"Надо выбираться. Нет, надо валить нахрен отсюда!",
episode6.nodes.e6_dialogue_dave_11__choice_1.data.text,(Промолчать),
episode6.nodes.e6_dialogue_dave_11__choice_1.title,(Промолчать),
episode6.nodes.e6_dialogue_dave_1__choice_0.data.text,Полобоймы,
episode6.nodes.e6_dialogue_dave_1__choice_0.title,Полобоймы,
episode6.nodes.e6_dialogue_dave_1__choice_1.data.text,"(Выщелкнув магазин) Всего ничего. Четыре, нет, пять штук.",
episode6.nodes.e6_dialogue_dave_1__choice_1.title,"(Выщелкнув магазин) Всего ничего. Четыре, нет, пять штук.",
episode6.nodes.e6_dialogue_dave_2.data.speaker,Дэйв Коулмэн,
episode6.nodes.e6_dialogue_dave_2.data.text,"(Бросив взгляд сперва в направлении притихшего коридора, а затем — на спасенного Джеком товарища) Нечего там делать. Сами разберутся.",
episode6.nodes.e6_dialogue_dave_2.title,DialogMov(8) DlgArr[2],
episode6.nodes.e6_dialogue_dave_2__choice_0.data.text,(Молча согласиться).,
episode6.nodes.e6_dialogue_dave_2__choice_0.title,(Молча согласиться).,
episode6.nodes.e6_dialogue_dave_2__choice_1.data.text,Справятся? А если нет? Нас же здесь похоронят!,
episode6.nodes.e6_dialogue_dave_2__choice_1.title,Справятся? А если нет? Нас же здесь похоронят!,
episode6.nodes.e6_dialogue_dave_3.data.speaker,Дэйв Коулмэн,
episode6.nodes.e6_dialogue_dave_3.data.text,"(Указывая взглядом в сторону лежащего на полу мертвеца) Если ты про оживших, то этот последний. Пока что.",
episode6.nodes.e6_dialogue_dave_3.title,DialogMov(8) DlgArr[3],
episode6.nodes.e6_dialogue_dave_34.data.speaker,Дэйв Коулмэн,
episode6.nodes.e6_dialogue_dave_34.data.text,"(Неопределенно усмехнувшись) Прапор тебе в руки, дорогой.",
episode6.nodes.e6_dialogue_dave_34.title,DialogMov(8) DlgArr[34],
episode6.nodes.e6_dialogue_dave_34__choice_0.data.text,Что?,
episode6.nodes.e6_dialogue_dave_34__choice_0.title,Что?,
episode6.nodes.e6_dialogue_dave_34__choice_1.data.text,(Покинуть камеру).,
episode6.nodes.e6_dialogue_dave_34__choice_1.title,(Покинуть камеру).,
episode6.nodes.e6_dialogue_dave_3__choice_0.data.text,(Утвердительно кивнуть).,
episode6.nodes.e6_dialogue_dave_3__choice_0.title,(Утвердительно кивнуть).,
episode6.nodes.e6_dialogue_dave_3__choice_1.data.text,А что вообще произошло?,
episode6.nodes.e6_dialogue_dave_3__choice_1.title,А что вообще произошло?,
episode6.nodes.e6_dialogue_dave_8.data.speaker,Дэйв Коулмэн,
episode6.nodes.e6_dialogue_dave_8.data.text,(Все тем же спокойным тоном) Так иди. Вроде не заперто.,
episode6.nodes.e6_dialogue_dave_8.title,DialogMov(8) DlgArr[8],
episode6.nodes.e6_dialogue_dave_8__choice_0.data.text,(Покинуть камеру).,
episode6.nodes.e6_dialogue_dave_8__choice_0.title,(Покинуть камеру).,
episode6.nodes.e6_dialogue_dave_8__choice_1.data.text,(Сесть обратно на пол).,
episode6.nodes.e6_dialogue_dave_8__choice_1.title,(Сесть обратно на пол).,
episode6.nodes.e6_dialogue_hernandez_0.data.speaker,Доктор Эрнандес,
episode6.nodes.e6_dialogue_hernandez_0.data.text,"(Конвоирам) Мальчики, спасибо, но с этим я сама. Дуйте к Гордону по-быстрому.",
episode6.nodes.e6_dialogue_hernandez_0.title,DialogMov(6) DlgArr[0],
episode6.nodes.e6_dialogue_hernandez_0__choice_0.data.text,(Молчать).,
episode6.nodes.e6_dialogue_hernandez_0__choice_0.title,(Молчать).,
episode6.nodes.e6_dialogue_hernandez_0__choice_1.data.text,Что происходит?,
episode6.nodes.e6_dialogue_hernandez_0__choice_1.title,Что происходит?,
episode6.nodes.e6_dialogue_hernandez_0__choice_2.data.text,Есть какие-то результаты?,
episode6.nodes.e6_dialogue_hernandez_0__choice_2.title,Есть какие-то результаты?,
episode6.nodes.e6_dialogue_hernandez_1.data.speaker,Доктор Эрнандес,
episode6.nodes.e6_dialogue_hernandez_1.data.text,"(Указывая на Джека) Так, сэр. Да, да, вы. Подойдите к комтерминалу перед собой. Мне понадобится кое-какая информация.",
episode6.nodes.e6_dialogue_hernandez_1.title,DialogMov(6) DlgArr[1],
episode6.nodes.e6_dialogue_hernandez_10.data.speaker,Доктор Эрнандес,
episode6.nodes.e6_dialogue_hernandez_10.data.text,"Чудно. А теперь, пожалуйста, слушаем и стараемся отвечать на вопросы.",
episode6.nodes.e6_dialogue_hernandez_10.title,DialogMov(6) DlgArr[10],
episode6.nodes.e6_dialogue_hernandez_101.data.speaker,Доктор Эрнандес,
episode6.nodes.e6_dialogue_hernandez_101.data.text,(Доктор начинала терять терпение) Анализ состава вашей крови в целях повышения точности моего исследования вашего образца. Вы же примерно за этим сюда пришли? (Где-то сверху отчетливо заухали выстрелы).,
episode6.nodes.e6_dialogue_hernandez_101.title,DialogMov(6) DlgArr[101],
episode6.nodes.e6_dialogue_hernandez_101__choice_0.data.text,(Согласиться).,
episode6.nodes.e6_dialogue_hernandez_101__choice_0.title,(Согласиться).,
episode6.nodes.e6_dialogue_hernandez_101__choice_1.data.text,(Проследовать к выходу).,
episode6.nodes.e6_dialogue_hernandez_101__choice_1.title,(Проследовать к выходу).,
episode6.nodes.e6_dialogue_hernandez_10__choice_0.data.text,(Кивнуть).,
episode6.nodes.e6_dialogue_hernandez_10__choice_0.title,(Кивнуть).,
episode6.nodes.e6_dialogue_hernandez_10__choice_1.data.text,Что это за шум? Что-то случилось?,
episode6.nodes.e6_dialogue_hernandez_10__choice_1.title,Что это за шум? Что-то случилось?,
episode6.nodes.e6_dialogue_hernandez_10__choice_2.data.text,Кто такой Гордон?,
episode6.nodes.e6_dialogue_hernandez_10__choice_2.title,Кто такой Гордон?,
episode6.nodes.e6_dialogue_hernandez_125.data.speaker,Доктор Эрнандес,
episode6.nodes.e6_dialogue_hernandez_125.data.text,"Ни я, ни мои коллеги не контактировали с возможными носителями вируса. В отличие от вас. (Настороженно прислушиваясь) Прекратите ломать комедию, иначе я сейчас кого-нибудь за вами вызову. Вас это устроит?",
episode6.nodes.e6_dialogue_hernandez_125.title,DialogMov(6) DlgArr[125],
episode6.nodes.e6_dialogue_hernandez_125__choice_0.data.text,(Согласиться на анализ).,
episode6.nodes.e6_dialogue_hernandez_125__choice_0.title,(Согласиться на анализ).,
episode6.nodes.e6_dialogue_hernandez_125__choice_1.data.text,(Отказаться).,
episode6.nodes.e6_dialogue_hernandez_125__choice_1.title,(Отказаться).,
episode6.nodes.e6_dialogue_hernandez_13.data.speaker,Доктор Эрнандес,
episode6.nodes.e6_dialogue_hernandez_13.data.text,"В найденном вами образце ничего явного обнаружить не удалось. Возможно, имеет место некая дополнительная стимуляция, но это лишь догадки. Сейчас мне требуется взять вашу кровь на анализ.",
episode6.nodes.e6_dialogue_hernandez_13.title,DialogMov(6) DlgArr[13],
episode6.nodes.e6_dialogue_hernandez_13__choice_0.data.text,(Согласиться на анализ).,
episode6.nodes.e6_dialogue_hernandez_13__choice_0.title,(Согласиться на анализ).,
episode6.nodes.e6_dialogue_hernandez_13__choice_1.data.text,"Стоп, анализ? Я не заражен, зачем анализ?",
episode6.nodes.e6_dialogue_hernandez_13__choice_1.title,"Стоп, анализ? Я не заражен, зачем анализ?",
episode6.nodes.e6_dialogue_hernandez_13__choice_2.data.text,(Отказаться).,
episode6.nodes.e6_dialogue_hernandez_13__choice_2.title,(Отказаться).,
episode6.nodes.e6_dialogue_hernandez_14.data.speaker,Доктор Эрнандес,
episode6.nodes.e6_dialogue_hernandez_14.data.text,"Все, что в моих силах вам сообщить — в столовой сейчас какое-то серьезное ЧП. Как, что, почему — я понятия не имею. В любом случае вы еще нужны мне здесь. Необходимо взять немного крови на анализ.",
episode6.nodes.e6_dialogue_hernandez_14.title,DialogMov(6) DlgArr[14],
episode6.nodes.e6_dialogue_hernandez_14__choice_0.data.text,(Согласиться).,
episode6.nodes.e6_dialogue_hernandez_14__choice_0.title,(Согласиться).,
episode6.nodes.e6_dialogue_hernandez_14__choice_1.data.text,Крови? Вы меня в чем-то подозреваете?,
episode6.nodes.e6_dialogue_hernandez_14__choice_1.title,Крови? Вы меня в чем-то подозреваете?,
episode6.nodes.e6_dialogue_hernandez_14__choice_2.data.text,(Проследовать к выходу).,
episode6.nodes.e6_dialogue_hernandez_14__choice_2.title,(Проследовать к выходу).,
episode6.nodes.e6_dialogue_hernandez_15.data.speaker,Доктор Эрнандес,
episode6.nodes.e6_dialogue_hernandez_15.data.text,"(Коротко усмехнувшись). Вы тут, видимо, недавно. Успеете еще узнать. Сейчас подойдите к моему коллеге, он возьмет у вас немного крови на анализ.",
episode6.nodes.e6_dialogue_hernandez_15.title,DialogMov(6) DlgArr[15],
episode6.nodes.e6_dialogue_hernandez_15__choice_0.data.text,(Согласиться).,
episode6.nodes.e6_dialogue_hernandez_15__choice_0.title,(Согласиться).,
episode6.nodes.e6_dialogue_hernandez_15__choice_1.data.text,"Подождите, подождите, какой такой анализ?",
episode6.nodes.e6_dialogue_hernandez_15__choice_1.title,"Подождите, подождите, какой такой анализ?",
episode6.nodes.e6_dialogue_hernandez_15__choice_2.data.text,(Проследовать к выходу).,
episode6.nodes.e6_dialogue_hernandez_15__choice_2.title,(Проследовать к выходу).,
episode6.nodes.e6_dialogue_hernandez_1__choice_0.data.text,(Пройти к терминалу).,
episode6.nodes.e6_dialogue_hernandez_1__choice_0.title,(Пройти к терминалу).,
episode6.nodes.e6_dialogue_hernandez_2.data.speaker,Доктор Эрнандес,
episode6.nodes.e6_dialogue_hernandez_2.data.text,"Стоп. Теперь повторите все это, используя комтерминал перед вами.",
episode6.nodes.e6_dialogue_hernandez_2.title,DialogMov(6) DlgArr[2],
episode6.nodes.e6_dialogue_hernandez_206.data.speaker,Доктор Эрнандес,
episode6.nodes.e6_dialogue_hernandez_206.data.text,"Ни я, ни мои коллеги не контактировали с возможными носителями вируса. В отличие от вас. (Настороженно прислушиваясь) Прекратите ломать комедию, иначе я сейчас кого-нибудь за вами вызову. Вас это устроит?",
episode6.nodes.e6_dialogue_hernandez_206.title,DialogMov(6) DlgArr[206],
episode6.nodes.e6_dialogue_hernandez_206__choice_0.data.text,(Согласиться на анализ).,
episode6.nodes.e6_dialogue_hernandez_206__choice_0.title,(Согласиться на анализ).,
episode6.nodes.e6_dialogue_hernandez_206__choice_1.data.text,(Отказаться).,
episode6.nodes.e6_dialogue_hernandez_206__choice_1.title,(Отказаться).,
episode6.nodes.e6_dialogue_hernandez_22.data.speaker,Доктор Эрнандес,
episode6.nodes.e6_dialogue_hernandez_22.data.text,"В найденном вами образце ничего явного обнаружить не удалось. Возможно, имеет место некая дополнительная стимуляция, но это лишь догадки. Сейчас мне требуется взять вашу кровь на анализ.",
episode6.nodes.e6_dialogue_hernandez_22.title,DialogMov(6) DlgArr[22],
episode6.nodes.e6_dialogue_hernandez_22__choice_0.data.text,(Согласиться на анализ).,
episode6.nodes.e6_dialogue_hernandez_22__choice_0.title,(Согласиться на анализ).,
episode6.nodes.e6_dialogue_hernandez_22__choice_1.data.text,"Стоп, анализ? Я не заражен, зачем анализ?",
episode6.nodes.e6_dialogue_hernandez_22__choice_1.title,"Стоп, анализ? Я не заражен, зачем анализ?",
episode6.nodes.e6_dialogue_hernandez_22__choice_2.data.text,(Отказаться).,
episode6.nodes.e6_dialogue_hernandez_22__choice_2.title,(Отказаться).,
episode6.nodes.e6_dialogue_hernandez_23.data.speaker,Доктор Эрнандес,
episode6.nodes.e6_dialogue_hernandez_23.data.text,"Все, что в моих силах вам сообщить — в столовой сейчас какое-то серьезное ЧП. Как, что, почему — я понятия не имею. В любом случае вы еще нужны мне здесь. Необходимо взять немного крови на анализ.",
episode6.nodes.e6_dialogue_hernandez_23.title,DialogMov(6) DlgArr[23],
episode6.nodes.e6_dialogue_hernandez_23__choice_0.data.text,(Согласиться).,
episode6.nodes.e6_dialogue_hernandez_23__choice_0.title,(Согласиться).,
episode6.nodes.e6_dialogue_hernandez_23__choice_1.data.text,Крови? Вы меня в чем-то подозреваете?,
episode6.nodes.e6_dialogue_hernandez_23__choice_1.title,Крови? Вы меня в чем-то подозреваете?,
episode6.nodes.e6_dialogue_hernandez_23__choice_2.data.text,(Проследовать к выходу).,
episode6.nodes.e6_dialogue_hernandez_23__choice_2.title,(Проследовать к выходу).,
episode6.nodes.e6_dialogue_hernandez_24.data.speaker,Доктор Эрнандес,
episode6.nodes.e6_dialogue_hernandez_24.data.text,"(Коротко усмехнувшись). Вы тут, видимо, недавно. Успеете еще узнать. Сейчас подойдите к моему коллеге, он возьмет у вас немного крови на анализ.",
episode6.nodes.e6_dialogue_hernandez_24.title,DialogMov(6) DlgArr[24],
episode6.nodes.e6_dialogue_hernandez_24__choice_0.data.text,(Согласиться).,
episode6.nodes.e6_dialogue_hernandez_24__choice_0.title,(Согласиться).,
episode6.nodes.e6_dialogue_hernandez_24__choice_1.data.text,"Подождите, подождите, какой такой анализ?",
episode6.nodes.e6_dialogue_hernandez_24__choice_1.title,"Подождите, подождите, какой такой анализ?",
episode6.nodes.e6_dialogue_hernandez_24__choice_2.data.text,(Проследовать к выходу).,
episode6.nodes.e6_dialogue_hernandez_24__choice_2.title,(Проследовать к выходу).,
episode6.nodes.e6_dialogue_hernandez_287.data.speaker,Доктор Эрнандес,
episode6.nodes.e6_dialogue_hernandez_287.data.text,"Ни я, ни мои коллеги не контактировали с возможными носителями вируса. В отличие от вас. (Настороженно прислушиваясь) Прекратите ломать комедию, иначе я сейчас кого-нибудь за вами вызову. Вас это устроит?",
episode6.nodes.e6_dialogue_hernandez_287.title,DialogMov(6) DlgArr[287],
episode6.nodes.e6_dialogue_hernandez_287__choice_0.data.text,(Согласиться на анализ).,
episode6.nodes.e6_dialogue_hernandez_287__choice_0.title,(Согласиться на анализ).,
episode6.nodes.e6_dialogue_hernandez_287__choice_1.data.text,(Отказаться).,
episode6.nodes.e6_dialogue_hernandez_287__choice_1.title,(Отказаться).,
episode6.nodes.e6_dialogue_hernandez_2__choice_0.data.text,(Подойти к терминалу).,
episode6.nodes.e6_dialogue_hernandez_2__choice_0.title,(Подойти к терминалу).,
episode6.nodes.e6_dialogue_hernandez_3.data.speaker,Доктор Эрнандес,
episode6.nodes.e6_dialogue_hernandez_3.data.text,"Стоп. Теперь повторите все это, используя комтерминал перед вами.",
episode6.nodes.e6_dialogue_hernandez_3.title,DialogMov(6) DlgArr[3],
episode6.nodes.e6_dialogue_hernandez_31.data.speaker,Доктор Эрнандес,
episode6.nodes.e6_dialogue_hernandez_31.data.text,"В найденном вами образце ничего явного обнаружить не удалось. Возможно, имеет место некая дополнительная стимуляция, но это лишь догадки. Сейчас мне требуется взять вашу кровь на анализ.",
episode6.nodes.e6_dialogue_hernandez_31.title,DialogMov(6) DlgArr[31],
episode6.nodes.e6_dialogue_hernandez_31__choice_0.data.text,(Согласиться на анализ).,
episode6.nodes.e6_dialogue_hernandez_31__choice_0.title,(Согласиться на анализ).,
episode6.nodes.e6_dialogue_hernandez_31__choice_1.data.text,"Стоп, анализ? Я не заражен, зачем анализ?",
episode6.nodes.e6_dialogue_hernandez_31__choice_1.title,"Стоп, анализ? Я не заражен, зачем анализ?",
episode6.nodes.e6_dialogue_hernandez_31__choice_2.data.text,(Отказаться).,
episode6.nodes.e6_dialogue_hernandez_31__choice_2.title,(Отказаться).,
episode6.nodes.e6_dialogue_hernandez_32.data.speaker,Доктор Эрнандес,
episode6.nodes.e6_dialogue_hernandez_32.data.text,"Все, что в моих силах вам сообщить — в столовой сейчас какое-то серьезное ЧП. Как, что, почему — я понятия не имею. В любом случае вы еще нужны мне здесь. Необходимо взять немного крови на анализ.",
episode6.nodes.e6_dialogue_hernandez_32.title,DialogMov(6) DlgArr[32],
episode6.nodes.e6_dialogue_hernandez_32__choice_0.data.text,(Согласиться).,
episode6.nodes.e6_dialogue_hernandez_32__choice_0.title,(Согласиться).,
episode6.nodes.e6_dialogue_hernandez_32__choice_1.data.text,Крови? Вы меня в чем-то подозреваете?,
episode6.nodes.e6_dialogue_hernandez_32__choice_1.title,Крови? Вы меня в чем-то подозреваете?,
episode6.nodes.e6_dialogue_hernandez_32__choice_2.data.text,(Проследовать к выходу).,
episode6.nodes.e6_dialogue_hernandez_32__choice_2.title,(Проследовать к выходу).,
episode6.nodes.e6_dialogue_hernandez_33.data.speaker,Доктор Эрнандес,
episode6.nodes.e6_dialogue_hernandez_33.data.text,"(Коротко усмехнувшись). Вы тут, видимо, недавно. Успеете еще узнать. Сейчас подойдите к моему коллеге, он возьмет у вас немного крови на анализ.",
episode6.nodes.e6_dialogue_hernandez_33.title,DialogMov(6) DlgArr[33],
episode6.nodes.e6_dialogue_hernandez_33__choice_0.data.text,(Согласиться).,
episode6.nodes.e6_dialogue_hernandez_33__choice_0.title,(Согласиться).,
episode6.nodes.e6_dialogue_hernandez_33__choice_1.data.text,"Подождите, подождите, какой такой анализ?",
episode6.nodes.e6_dialogue_hernandez_33__choice_1.title,"Подождите, подождите, какой такой анализ?",
episode6.nodes.e6_dialogue_hernandez_33__choice_2.data.text,(Проследовать к выходу).,
episode6.nodes.e6_dialogue_hernandez_33__choice_2.title,(Проследовать к выходу).,
episode6.nodes.e6_dialogue_hernandez_3__choice_0.data.text,(Подойти к терминалу).,
episode6.nodes.e6_dialogue_hernandez_3__choice_0.title,(Подойти к терминалу).,
episode6.nodes.e6_dialogue_hernandez_4.data.speaker,Доктор Эрнандес,
episode6.nodes.e6_dialogue_hernandez_4.data.text,"Чудно. А теперь, пожалуйста, слушаем и стараемся отвечать на вопросы.",
episode6.nodes.e6_dialogue_hernandez_4.title,DialogMov(6) DlgArr[4],
episode6.nodes.e6_dialogue_hernandez_41.data.speaker,Доктор Эрнандес,
episode6.nodes.e6_dialogue_hernandez_41.data.text,"Не беспокойтесь, это рядовая процедура. Я проведу кое-какие сравнения. Смущает состав крови на образце. (Где-то сверху отчетливо заухали выстрелы).",
episode6.nodes.e6_dialogue_hernandez_41.title,DialogMov(6) DlgArr[41],
episode6.nodes.e6_dialogue_hernandez_41__choice_0.data.text,(Согласиться).,
episode6.nodes.e6_dialogue_hernandez_41__choice_0.title,(Согласиться).,
episode6.nodes.e6_dialogue_hernandez_41__choice_1.data.text,Почему бы вам в таком случае у себя кровь не взять?,
episode6.nodes.e6_dialogue_hernandez_41__choice_1.title,Почему бы вам в таком случае у себя кровь не взять?,
episode6.nodes.e6_dialogue_hernandez_41__choice_2.data.text,(Проследовать к выходу).,
episode6.nodes.e6_dialogue_hernandez_41__choice_2.title,(Проследовать к выходу).,
episode6.nodes.e6_dialogue_hernandez_44.data.speaker,Доктор Эрнандес,
episode6.nodes.e6_dialogue_hernandez_44.data.text,Никто вас ни в чем не подозревает. Ваша кровь нужна для более точных результатов. Вы же за этим сюда пришли? (Где-то сверху отчетливо заухали выстрелы).,
episode6.nodes.e6_dialogue_hernandez_44.title,DialogMov(6) DlgArr[44],
episode6.nodes.e6_dialogue_hernandez_44__choice_0.data.text,(Согласиться).,
episode6.nodes.e6_dialogue_hernandez_44__choice_0.title,(Согласиться).,
episode6.nodes.e6_dialogue_hernandez_44__choice_1.data.text,(Проследовать к выходу).,
episode6.nodes.e6_dialogue_hernandez_44__choice_1.title,(Проследовать к выходу).,
episode6.nodes.e6_dialogue_hernandez_47.data.speaker,Доктор Эрнандес,
episode6.nodes.e6_dialogue_hernandez_47.data.text,(Доктор начинала терять терпение) Анализ состава вашей крови в целях повышения точности моего исследования вашего образца. Вы же примерно за этим сюда пришли? (Где-то сверху отчетливо заухали выстрелы).,
episode6.nodes.e6_dialogue_hernandez_47.title,DialogMov(6) DlgArr[47],
episode6.nodes.e6_dialogue_hernandez_47__choice_0.data.text,(Согласиться).,
episode6.nodes.e6_dialogue_hernandez_47__choice_0.title,(Согласиться).,
episode6.nodes.e6_dialogue_hernandez_47__choice_1.data.text,(Проследовать к выходу).,
episode6.nodes.e6_dialogue_hernandez_47__choice_1.title,(Проследовать к выходу).,
episode6.nodes.e6_dialogue_hernandez_4__choice_0.data.text,(Кивнуть).,
episode6.nodes.e6_dialogue_hernandez_4__choice_0.title,(Кивнуть).,
episode6.nodes.e6_dialogue_hernandez_4__choice_1.data.text,Что это за шум? Что-то случилось?,
episode6.nodes.e6_dialogue_hernandez_4__choice_1.title,Что это за шум? Что-то случилось?,
episode6.nodes.e6_dialogue_hernandez_4__choice_2.data.text,Кто такой Гордон?,
episode6.nodes.e6_dialogue_hernandez_4__choice_2.title,Кто такой Гордон?,
episode6.nodes.e6_dialogue_hernandez_68.data.speaker,Доктор Эрнандес,
episode6.nodes.e6_dialogue_hernandez_68.data.text,"Не беспокойтесь, это рядовая процедура. Я проведу кое-какие сравнения. Смущает состав крови на образце. (Где-то сверху отчетливо заухали выстрелы).",
episode6.nodes.e6_dialogue_hernandez_68.title,DialogMov(6) DlgArr[68],
episode6.nodes.e6_dialogue_hernandez_68__choice_0.data.text,(Согласиться).,
episode6.nodes.e6_dialogue_hernandez_68__choice_0.title,(Согласиться).,
episode6.nodes.e6_dialogue_hernandez_68__choice_1.data.text,Почему бы вам в таком случае у себя кровь не взять?,
episode6.nodes.e6_dialogue_hernandez_68__choice_1.title,Почему бы вам в таком случае у себя кровь не взять?,
episode6.nodes.e6_dialogue_hernandez_68__choice_2.data.text,(Проследовать к выходу).,
episode6.nodes.e6_dialogue_hernandez_68__choice_2.title,(Проследовать к выходу).,
episode6.nodes.e6_dialogue_hernandez_7.data.speaker,Доктор Эрнандес,
episode6.nodes.e6_dialogue_hernandez_7.data.text,"Чудно. А теперь, пожалуйста, слушаем и стараемся отвечать на вопросы.",
episode6.nodes.e6_dialogue_hernandez_7.title,DialogMov(6) DlgArr[7],
episode6.nodes.e6_dialogue_hernandez_71.data.speaker,Доктор Эрнандес,
episode6.nodes.e6_dialogue_hernandez_71.data.text,Никто вас ни в чем не подозревает. Ваша кровь нужна для более точных результатов. Вы же за этим сюда пришли? (Где-то сверху отчетливо заухали выстрелы).,
episode6.nodes.e6_dialogue_hernandez_71.title,DialogMov(6) DlgArr[71],
episode6.nodes.e6_dialogue_hernandez_71__choice_0.data.text,(Согласиться).,
episode6.nodes.e6_dialogue_hernandez_71__choice_0.title,(Согласиться).,
episode6.nodes.e6_dialogue_hernandez_71__choice_1.data.text,(Проследовать к выходу).,
episode6.nodes.e6_dialogue_hernandez_71__choice_1.title,(Проследовать к выходу).,
episode6.nodes.e6_dialogue_hernandez_74.data.speaker,Доктор Эрнандес,
episode6.nodes.e6_dialogue_hernandez_74.data.text,(Доктор начинала терять терпение) Анализ состава вашей крови в целях повышения точности моего исследования вашего образца. Вы же примерно за этим сюда пришли? (Где-то сверху отчетливо заухали выстрелы).,
episode6.nodes.e6_dialogue_hernandez_74.title,DialogMov(6) DlgArr[74],
episode6.nodes.e6_dialogue_hernandez_74__choice_0.data.text,(Согласиться).,
episode6.nodes.e6_dialogue_hernandez_74__choice_0.title,(Согласиться).,
episode6.nodes.e6_dialogue_hernandez_74__choice_1.data.text,(Проследовать к выходу).,
episode6.nodes.e6_dialogue_hernandez_74__choice_1.title,(Проследовать к выходу).,
episode6.nodes.e6_dialogue_hernandez_7__choice_0.data.text,(Кивнуть).,
episode6.nodes.e6_dialogue_hernandez_7__choice_0.title,(Кивнуть).,
episode6.nodes.e6_dialogue_hernandez_7__choice_1.data.text,Что это за шум? Что-то случилось?,
episode6.nodes.e6_dialogue_hernandez_7__choice_1.title,Что это за шум? Что-то случилось?,
episode6.nodes.e6_dialogue_hernandez_7__choice_2.data.text,Кто такой Гордон?,
episode6.nodes.e6_dialogue_hernandez_7__choice_2.title,Кто такой Гордон?,
episode6.nodes.e6_dialogue_hernandez_95.data.speaker,Доктор Эрнандес,
episode6.nodes.e6_dialogue_hernandez_95.data.text,"Не беспокойтесь, это рядовая процедура. Я проведу кое-какие сравнения. Смущает состав крови на образце. (Где-то сверху отчетливо заухали выстрелы).",
episode6.nodes.e6_dialogue_hernandez_95.title,DialogMov(6) DlgArr[95],
episode6.nodes.e6_dialogue_hernandez_95__choice_0.data.text,(Согласиться).,
episode6.nodes.e6_dialogue_hernandez_95__choice_0.title,(Согласиться).,
episode6.nodes.e6_dialogue_hernandez_95__choice_1.data.text,Почему бы вам в таком случае у себя кровь не взять?,
episode6.nodes.e6_dialogue_hernandez_95__choice_1.title,Почему бы вам в таком случае у себя кровь не взять?,
episode6.nodes.e6_dialogue_hernandez_95__choice_2.data.text,(Проследовать к выходу).,
episode6.nodes.e6_dialogue_hernandez_95__choice_2.title,(Проследовать к выходу).,
episode6.nodes.e6_dialogue_hernandez_98.data.speaker,Доктор Эрнандес,
episode6.nodes.e6_dialogue_hernandez_98.data.text,Никто вас ни в чем не подозревает. Ваша кровь нужна для более точных результатов. Вы же за этим сюда пришли? (Где-то сверху отчетливо заухали выстрелы).,
episode6.nodes.e6_dialogue_hernandez_98.title,DialogMov(6) DlgArr[98],
episode6.nodes.e6_dialogue_hernandez_98__choice_0.data.text,(Согласиться).,
episode6.nodes.e6_dialogue_hernandez_98__choice_0.title,(Согласиться).,
episode6.nodes.e6_dialogue_hernandez_98__choice_1.data.text,(Проследовать к выходу).,
episode6.nodes.e6_dialogue_hernandez_98__choice_1.title,(Проследовать к выходу).,
episode6.nodes.e6_dialogue_pete_0.data.speaker,Пит Сандерс,
episode6.nodes.e6_dialogue_pete_0.data.text,"(Рычащим шепотом) Веди себя тихо. Иначе пулю схлопочешь.
(Череда глухих ударов эхом разнеслась по кораблю. Источник звука определить было крайне сложно — казалось, он постоянно перемещался).",
episode6.nodes.e6_dialogue_pete_0.title,DialogMov(7) DlgArr[0],
episode6.nodes.e6_dialogue_pete_0__choice_0.data.text,(Последовать совету).,
episode6.nodes.e6_dialogue_pete_0__choice_0.title,(Последовать совету).,
episode6.nodes.e6_dialogue_pete_0__choice_1.data.text,"(Сделать вопросительный жест, указать наверх).",
episode6.nodes.e6_dialogue_pete_0__choice_1.title,"(Сделать вопросительный жест, указать наверх).",
episode6.nodes.e6_dialogue_pete_2.data.speaker,Пит Сандерс,
episode6.nodes.e6_dialogue_pete_2.data.text,(Поправляя глушитель) Мутант.,
episode6.nodes.e6_dialogue_pete_2.title,DialogMov(7) DlgArr[2],
episode6.nodes.e6_dialogue_pete_2__choice_0.data.text,(Закончить разговор).,
episode6.nodes.e6_dialogue_pete_2__choice_0.title,(Закончить разговор).,
episode6.nodes.e6_noleg_1_v1.data.blocks.0.text,"Показавшийся поначалу нестерпимо ярким свет оказался лучом доживающего последние часы фонарика. Однако даже с его тусклой помощью Джеку удалось кое-как оглядеться. Первым, что бросилось в глаза, оказался стройный ряд металлических прутьев, перегородивших выход из его небольшой комнатушки. Тюрьма? Клетка? В попытке заглянуть подальше Джек заерзал, неловко дернулся — раздался хруст, окативший раненую ногу волной боли.",
episode6.nodes.e6_noleg_1_v1.data.text,"Показавшийся поначалу нестерпимо ярким свет оказался лучом доживающего последние часы фонарика. Однако даже с его тусклой помощью Джеку удалось кое-как оглядеться. Первым, что бросилось в глаза, оказался стройный ряд металлических прутьев, перегородивших выход из его небольшой комнатушки. Тюрьма? Клетка? В попытке заглянуть подальше Джек заерзал, неловко дернулся — раздался хруст, окативший раненую ногу волной боли.",
episode6.nodes.e6_noleg_1_v1.title,WithoutLeg frame 1; type 1,
episode6.nodes.e6_noleg_1_v1__choice_0.data.text,Далее,
episode6.nodes.e6_noleg_1_v1__choice_0.title,Далее,
episode6.nodes.e6_noleg_2_v1.data.blocks.0.text,"Неуклюжие попытки повернуться, оказаться ближе к свету еле живого фонаря окончились гулким падением. Раненую до этого, а теперь и вовсе непомерно раздувшуюся ногу прострелило болью так, что у Джека из глаз посыпались искры. Лишь мгновения после он осознал, что ухватился руками за что-то мягкое, что-то податливое. Удушливый запах вокруг все усиливался, набивался в ноздри. Прочь! ПРОЧЬ! Джек запаниковал и с противным шлепком отбросил на свет что-то белое и скрюченное. Человеческие пальцы.",
episode6.nodes.e6_noleg_2_v1.data.text,"Неуклюжие попытки повернуться, оказаться ближе к свету еле живого фонаря окончились гулким падением. Раненую до этого, а теперь и вовсе непомерно раздувшуюся ногу прострелило болью так, что у Джека из глаз посыпались искры. Лишь мгновения после он осознал, что ухватился руками за что-то мягкое, что-то податливое. Удушливый запах вокруг все усиливался, набивался в ноздри. Прочь! ПРОЧЬ! Джек запаниковал и с противным шлепком отбросил на свет что-то белое и скрюченное. Человеческие пальцы.",
episode6.nodes.e6_noleg_2_v1.title,WithoutLeg frame 2; type 1,
episode6.nodes.e6_noleg_2_v1__choice_0.data.text,Далее,
episode6.nodes.e6_noleg_2_v1__choice_0.title,Далее,
episode6.nodes.e6_noleg_3_v2.data.blocks.0.text,"В череп будто вогнали раскаленный добела гвоздь. Джек трясущимися руками шарил по неестественно раздувшейся конечности, толстый слой бинта стремительно темнел, наливаясь багрянцем. Сесть и дотянутся наконец до фонаря удалось с большим трудом и лишь спустя десяток минут непрерывных мучений. От боли ломило в висках, слезы градом стекали по лицу, но Джек своего добился. Радости это отнюдь не прибавило: в припадочно дрожащем луче фонаря то тут, то там засверкали костями человеческие останки.",
episode6.nodes.e6_noleg_3_v2.data.text,"В череп будто вогнали раскаленный добела гвоздь. Джек трясущимися руками шарил по неестественно раздувшейся конечности, толстый слой бинта стремительно темнел, наливаясь багрянцем. Сесть и дотянутся наконец до фонаря удалось с большим трудом и лишь спустя десяток минут непрерывных мучений. От боли ломило в висках, слезы градом стекали по лицу, но Джек своего добился. Радости это отнюдь не прибавило: в припадочно дрожащем луче фонаря то тут, то там засверкали костями человеческие останки.",
episode6.nodes.e6_noleg_3_v2.title,WithoutLeg frame 3; type 2,
episode6.nodes.e6_noleg_3_v2__choice_0.data.text,Далее,
episode6.nodes.e6_noleg_3_v2__choice_0.title,Далее,
episode6.nodes.e6_noleg_4_v2.data.blocks.0.text,"Густая, почти осязаемая тьма обволакивала, кровожадно щурилась свету из дальних углов клеток, щербато скалилась осунувшимися жуткими черепами. Ни вздоха, ни шороха, лишь мертвая давящая тишина и темнота вокруг. Джек в очередной раз резко обернулся — никого. Приволакиваемая нога налилась свинцом, он все меньше и меньше чувствовал ее, спотыкался, падал плашмя в распростертые костлявые объятья. В конце Джек уже не шел, полз. До черного непроглядного проема двери он добрался совершенно без сил.",
episode6.nodes.e6_noleg_4_v2.data.text,"Густая, почти осязаемая тьма обволакивала, кровожадно щурилась свету из дальних углов клеток, щербато скалилась осунувшимися жуткими черепами. Ни вздоха, ни шороха, лишь мертвая давящая тишина и темнота вокруг. Джек в очередной раз резко обернулся — никого. Приволакиваемая нога налилась свинцом, он все меньше и меньше чувствовал ее, спотыкался, падал плашмя в распростертые костлявые объятья. В конце Джек уже не шел, полз. До черного непроглядного проема двери он добрался совершенно без сил.",
episode6.nodes.e6_noleg_4_v2.title,WithoutLeg frame 4; type 2,
episode6.nodes.e6_noleg_4_v2__choice_0.data.text,Далее,
episode6.nodes.e6_noleg_4_v2__choice_0.title,Далее,
episode6.nodes.e6_noleg_4_v2_choice_66.data.text,"Далекий скрип: тихий, едва различимый. В звенящей тишине помещений любой шорох разносился далеко вокруг, эхом отражаясь от стенок и комингсов. «Скррр. Скр», — снова повторилось, уже ближе. По спине пробежал холодок: было ли это игрой его больного воображения? Проверять не хотелось.",
episode6.nodes.e6_noleg_4_v2_choice_66.title,NewItem(66),
episode6.nodes.e6_noleg_4_v2_choice_66__choice_0.data.text,Продвигаться дальше,
episode6.nodes.e6_noleg_4_v2_choice_66__choice_0.title,Продвигаться дальше,
episode6.nodes.e6_noleg_4_v2_choice_66__choice_1.data.text,Погасить фонарь,
episode6.nodes.e6_noleg_4_v2_choice_66__choice_1.title,Погасить фонарь,
episode6.nodes.e6_noleg_5_v1.data.blocks.0.text,"Тяжелое хриплое дыхание на мгновение прервалось, переросло в лающий кашель, нарушая тишину погруженного в кромешную тьму помещения. Согнувшийся на полу мужчина сплюнул очередной темный сгусток и снова зашелся в приступе. Зажатый до того в руке небольшой фонарик с жалобным стуком укатился куда-то в темноту. Вдребезги разбитый, смятый по бокам он был теперь совершенно бесполезен. «Кх-кххаа! Ччерт тебя дерхкх... дери», — Джек пришел в себя минут пять назад. Или десять? Казалось, время здесь остановилось. Что с ним? Где он находится? Липкий ужас капля за каплей точил изможденное сознание.",
episode6.nodes.e6_noleg_5_v1.data.text,"Тяжелое хриплое дыхание на мгновение прервалось, переросло в лающий кашель, нарушая тишину погруженного в кромешную тьму помещения. Согнувшийся на полу мужчина сплюнул очередной темный сгусток и снова зашелся в приступе. Зажатый до того в руке небольшой фонарик с жалобным стуком укатился куда-то в темноту. Вдребезги разбитый, смятый по бокам он был теперь совершенно бесполезен. «Кх-кххаа! Ччерт тебя дерхкх... дери», — Джек пришел в себя минут пять назад. Или десять? Казалось, время здесь остановилось. Что с ним? Где он находится? Липкий ужас капля за каплей точил изможденное сознание.",
episode6.nodes.e6_noleg_5_v1.title,WithoutLeg frame 5; type 1,
episode6.nodes.e6_noleg_5_v1__choice_0.data.text,Далее,
episode6.nodes.e6_noleg_5_v1__choice_0.title,Далее,
episode6.nodes.e6_noleg_6_v1.data.blocks.0.text,"«Скрррррр», — леденящий душу скрип донесся откуда-то сбоку. Джек как сидел, так и обмер, покрылся испариной с ног до головы. Легкие жгло огнем — дышать через раз, притворяясь мертвым, становилось все трудней. Тихий, едва уловимый щелчок. Мертвенно-бледный луч неспешно проник в помещение, пробежался по заляпанным кровью стенам, безразлично выхватил из мрака груду человеческих тел. У Джека от страха перехватило дыхание.",
episode6.nodes.e6_noleg_6_v1.data.text,"«Скрррррр», — леденящий душу скрип донесся откуда-то сбоку. Джек как сидел, так и обмер, покрылся испариной с ног до головы. Легкие жгло огнем — дышать через раз, притворяясь мертвым, становилось все трудней. Тихий, едва уловимый щелчок. Мертвенно-бледный луч неспешно проник в помещение, пробежался по заляпанным кровью стенам, безразлично выхватил из мрака груду человеческих тел. У Джека от страха перехватило дыхание.",
episode6.nodes.e6_noleg_6_v1.title,WithoutLeg frame 6; type 1,
episode6.nodes.e6_noleg_6_v1__choice_0.data.text,Далее,
episode6.nodes.e6_noleg_6_v1__choice_0.title,Далее,
episode6.nodes.e6_noleg_6_v2.data.blocks.0.text,"Не хотелось, но... Какой у Джека вообще был выбор? Не сидеть же ему вечность тут, в самом деле? Тяжело вздохнув, мужчина кое-как поднялся на ноги (хотя в его случае, скорее, «на ногу») и ступил во мрак коридора. Не успел он пройти и пары шагов, как из другого его конца раздался отчетливый тихий скрип. Трясущимися от волнения и страха руками Джек направил луч фонаря на звук. В метрах десяти от Джека стояла человеческая фигура.",
episode6.nodes.e6_noleg_6_v2.data.text,"Не хотелось, но... Какой у Джека вообще был выбор? Не сидеть же ему вечность тут, в самом деле? Тяжело вздохнув, мужчина кое-как поднялся на ноги (хотя в его случае, скорее, «на ногу») и ступил во мрак коридора. Не успел он пройти и пары шагов, как из другого его конца раздался отчетливый тихий скрип. Трясущимися от волнения и страха руками Джек направил луч фонаря на звук. В метрах десяти от Джека стояла человеческая фигура.",
episode6.nodes.e6_noleg_6_v2.title,WithoutLeg frame 6; type 2,
episode6.nodes.e6_noleg_6_v2__choice_0.data.text,Далее,
episode6.nodes.e6_noleg_6_v2__choice_0.title,Далее,
episode6.nodes.e6_noleg_6_v2_choice_67.data.text,"Чернокожий незнакомец медленно двигался навстречу Джеку. Пистолет в его руках, увенчанный массивным глушителем, мерно подрагивал в такт шагам.
«Прожектор свой погаси. Слепит», — донеслось до Джека, когда расстояние между людьми сократилось до пары метров.",
episode6.nodes.e6_noleg_6_v2_choice_67.title,NewItem(67),
episode6.nodes.e6_noleg_6_v2_choice_67__choice_0.data.text,Поговорить с незнакомцем,
episode6.nodes.e6_noleg_6_v2_choice_67__choice_0.title,Поговорить с незнакомцем,
episode6.nodes.e6_noleg_6_v2_choice_67__choice_1.data.text,Выключить фонарик,
episode6.nodes.e6_noleg_6_v2_choice_67__choice_1.title,Выключить фонарик,
episode6.nodes.e6_noleg_7_v1.data.blocks.0.text,"Кромешную тьму корабельной утробы теперь освещал лишь фонарь таинственного незнакомца. Еще шаги, теперь совсем близко. Буквально за поворотом! Порывавшегося было уползти куда-нибудь подальше Джека остановили успокаивающим жестом. И правда, спустя мгновение в лицо людям ударил яркий луч, а показавшийся следом человек уверенно двинулся им навстречу.",
episode6.nodes.e6_noleg_7_v1.data.text,"Кромешную тьму корабельной утробы теперь освещал лишь фонарь таинственного незнакомца. Еще шаги, теперь совсем близко. Буквально за поворотом! Порывавшегося было уползти куда-нибудь подальше Джека остановили успокаивающим жестом. И правда, спустя мгновение в лицо людям ударил яркий луч, а показавшийся следом человек уверенно двинулся им навстречу.",
episode6.nodes.e6_noleg_7_v1.title,WithoutLeg frame 7; type 1,
episode6.nodes.e6_noleg_7_v1__choice_0.data.text,Далее,
episode6.nodes.e6_noleg_7_v1__choice_0.title,Далее,
episode6.nodes.e6_noleg_7_v2.data.blocks.0.text,"Кромешную тьму корабельной утробы теперь освещал лишь фонарь таинственного незнакомца. Череда глухих ударов эхом разнеслась по палубам: источник звука определить было крайне сложно — казалось, он постоянно перемещался. Еще шаги, совсем близко. Буквально за поворотом! Порывавшегося было уползти куда-нибудь подальше Джека остановили успокаивающим жестом. И правда, спустя мгновение в лицо людям ударил яркий луч, а показавшийся следом человек уверенно двинулся им навстречу.",
episode6.nodes.e6_noleg_7_v2.data.text,"Кромешную тьму корабельной утробы теперь освещал лишь фонарь таинственного незнакомца. Череда глухих ударов эхом разнеслась по палубам: источник звука определить было крайне сложно — казалось, он постоянно перемещался. Еще шаги, совсем близко. Буквально за поворотом! Порывавшегося было уползти куда-нибудь подальше Джека остановили успокаивающим жестом. И правда, спустя мгновение в лицо людям ударил яркий луч, а показавшийся следом человек уверенно двинулся им навстречу.",
episode6.nodes.e6_noleg_7_v2.title,WithoutLeg frame 7; type 2,
episode6.nodes.e6_noleg_7_v2__choice_0.data.text,Далее,
episode6.nodes.e6_noleg_7_v2__choice_0.title,Далее,
episode6.nodes.e6_noleg_8_v1.data.blocks.0.text,"В какой-то момент Джеку даже показалось, что его просто-напросто бросят умирать здесь — настолько ожесточенно шли споры, в процессе которых все чаще проскальзывали упоминания «мутанта». Обошлось. Один из «сталкеров» взял мужчину под руку, и в обновленном составе группа направилась куда-то в темноту туннелей. Влево-вправо. Влево-вправо. Не прошло и пяти минут, как Джека начало откровенно мутить от все не прекращающейся тряски и терзающего потроха голода.",
episode6.nodes.e6_noleg_8_v1.data.text,"В какой-то момент Джеку даже показалось, что его просто-напросто бросят умирать здесь — настолько ожесточенно шли споры, в процессе которых все чаще проскальзывали упоминания «мутанта». Обошлось. Один из «сталкеров» взял мужчину под руку, и в обновленном составе группа направилась куда-то в темноту туннелей. Влево-вправо. Влево-вправо. Не прошло и пяти минут, как Джека начало откровенно мутить от все не прекращающейся тряски и терзающего потроха голода.",
episode6.nodes.e6_noleg_8_v1.title,WithoutLeg frame 8; type 1,
episode6.nodes.e6_noleg_8_v1__choice_0.data.text,Далее,
episode6.nodes.e6_noleg_8_v1__choice_0.title,Далее,
episode6.nodes.e6_noleg_8_v2.data.blocks.0.text,"В какой-то момент Джеку даже показалось, что его просто-напросто бросят умирать здесь — настолько ожесточенно шли споры, в процессе которых все чаще проскальзывали упоминания «мутанта». Обошлось. Один из «сталкеров» взял мужчину под руку, и в обновленном составе группа направилась куда-то в темноту туннелей. Влево-вправо. Влево-вправо. Не прошло и пяти минут, как Джека начало откровенно мутить от все не прекращающейся тряски и терзающего потроха голода.",
episode6.nodes.e6_noleg_8_v2.data.text,"В какой-то момент Джеку даже показалось, что его просто-напросто бросят умирать здесь — настолько ожесточенно шли споры, в процессе которых все чаще проскальзывали упоминания «мутанта». Обошлось. Один из «сталкеров» взял мужчину под руку, и в обновленном составе группа направилась куда-то в темноту туннелей. Влево-вправо. Влево-вправо. Не прошло и пяти минут, как Джека начало откровенно мутить от все не прекращающейся тряски и терзающего потроха голода.",
episode6.nodes.e6_noleg_8_v2.title,WithoutLeg frame 8; type 2,
episode6.nodes.e6_noleg_8_v2__choice_0.data.text,Далее,
episode6.nodes.e6_noleg_8_v2__choice_0.title,Далее,
episode6.nodes.e6_pickup_glock.data.text,"Glock 38, 6 патронов .45 G.A.P.",
episode6.nodes.e6_pickup_glock.title,AddItem(17),
episode6.nodes.e6_pickup_glock__choice_0.data.text,Забрать,
episode6.nodes.e6_pickup_glock__choice_0.title,Забрать,
episode6.nodes.e6_pickup_knife.data.text,Кухонный нож,
episode6.nodes.e6_pickup_knife.title,AddItem(15),
episode6.nodes.e6_pickup_knife__choice_0.data.text,Забрать,
episode6.nodes.e6_pickup_knife__choice_0.title,Забрать,
episode6.nodes.e6_pickup_m4_boats.data.text,"Colt М4A1, 30 патронов 5.56х45 мм",
episode6.nodes.e6_pickup_m4_boats.title,AddItem(16),
episode6.nodes.e6_pickup_m4_boats__choice_0.data.text,Забрать,
episode6.nodes.e6_pickup_m4_boats__choice_0.title,Забрать,
episode6.nodes.e6_pickup_m4_lab.data.text,"Colt М4A1, 30 патронов 5.56х45 мм",
episode6.nodes.e6_pickup_m4_lab.title,AddItem(16),
episode6.nodes.e6_pickup_m4_lab__choice_0.data.text,Забрать,
episode6.nodes.e6_pickup_m4_lab__choice_0.title,Забрать,
episode6.nodes.e6_pickup_tooth.data.text,"Окровавленный зуб, владелец неизвестен",
episode6.nodes.e6_pickup_tooth.title,AddItem(14),
episode6.nodes.e6_pickup_tooth__choice_0.data.text,Забрать,
episode6.nodes.e6_pickup_tooth__choice_0.title,Забрать,
episode6.nodes.e6_pickup_torch.data.text,Фонарик,
episode6.nodes.e6_pickup_torch.title,AddItem(18),
episode6.nodes.e6_pickup_torch__choice_0.data.text,Забрать,
episode6.nodes.e6_pickup_torch__choice_0.title,Забрать,
episode6.nodes.e6_prison_10_v5.data.blocks.0.text,"Страшный удар содрогнул судно, сталкивая забитые до отказа людьми катера друг с другом. Джек собственными глазами видел, как выпавших за борт несчастных в момент перетирало в труху беснующимися стальными махинами. А в тусклом багровом свете аварийных ламп это смотрелось еще более жутко. Под не стихающие человеческие крики два транспортных катера покинули тушу выброшенного на мель вертолетоносца.",
episode6.nodes.e6_prison_10_v5.data.text,"Страшный удар содрогнул судно, сталкивая забитые до отказа людьми катера друг с другом. Джек собственными глазами видел, как выпавших за борт несчастных в момент перетирало в труху беснующимися стальными махинами. А в тусклом багровом свете аварийных ламп это смотрелось еще более жутко. Под не стихающие человеческие крики два транспортных катера покинули тушу выброшенного на мель вертолетоносца.",
episode6.nodes.e6_prison_10_v5.title,TwoDaysPrison frame 10; type 5,
episode6.nodes.e6_prison_10_v5__choice_0.data.text,Далее,
episode6.nodes.e6_prison_10_v5__choice_0.title,Далее,
episode6.nodes.e6_prison_10_v5_choice_72.data.text,"Штурмовые винтовки бойцов разом застрекотали, опрокидывая первую волну высыпавших из леса на берег мертвецов. Обстановка накалялась. Тварей было так много, будто их кто-то намеренно согнал вместе ради этой массированной атаки. И Джек опасался, что именно так оно и было.",
episode6.nodes.e6_prison_10_v5_choice_72.title,NewItem(72),
episode6.nodes.e6_prison_10_v5_choice_72__choice_0.data.text,Остаться на месте,
episode6.nodes.e6_prison_10_v5_choice_72__choice_0.title,Остаться на месте,
episode6.nodes.e6_prison_10_v5_choice_72__choice_1.data.text,Попытаться сбежать,
episode6.nodes.e6_prison_10_v5_choice_72__choice_1.title,Попытаться сбежать,
episode6.nodes.e6_prison_10_v6.data.blocks.0.text,"Страшный удар содрогнул судно, сталкивая забитые до отказа людьми катера друг с другом. Джек собственными глазами видел, как выпавших за борт несчастных в момент перетирало в труху беснующимися стальными махинами. А в тусклом багровом свете аварийных ламп это смотрелось еще более жутко. Под не стихающие человеческие крики два транспортных катера покинули тушу выброшенного на мель вертолетоносца.",
episode6.nodes.e6_prison_10_v6.data.text,"Страшный удар содрогнул судно, сталкивая забитые до отказа людьми катера друг с другом. Джек собственными глазами видел, как выпавших за борт несчастных в момент перетирало в труху беснующимися стальными махинами. А в тусклом багровом свете аварийных ламп это смотрелось еще более жутко. Под не стихающие человеческие крики два транспортных катера покинули тушу выброшенного на мель вертолетоносца.",
episode6.nodes.e6_prison_10_v6.title,TwoDaysPrison frame 10; type 6,
episode6.nodes.e6_prison_10_v6__choice_0.data.text,Далее,
episode6.nodes.e6_prison_10_v6__choice_0.title,Далее,
episode6.nodes.e6_prison_10_v6_choice_72.data.text,"Штурмовые винтовки бойцов разом застрекотали, опрокидывая первую волну высыпавших из леса на берег мертвецов. Обстановка накалялась. Тварей было так много, будто их кто-то намеренно согнал вместе ради этой массированной атаки. И Джек опасался, что именно так оно и было.",
episode6.nodes.e6_prison_10_v6_choice_72.title,NewItem(72),
episode6.nodes.e6_prison_10_v6_choice_72__choice_0.data.text,Остаться на месте,
episode6.nodes.e6_prison_10_v6_choice_72__choice_0.title,Остаться на месте,
episode6.nodes.e6_prison_10_v6_choice_72__choice_1.data.text,Попытаться сбежать,
episode6.nodes.e6_prison_10_v6_choice_72__choice_1.title,Попытаться сбежать,
episode6.nodes.e6_prison_11_v5.data.blocks.0.text,"Пейзаж на горизонте казался смутно знакомым, однако Джек не придал этому значения, сходу вломившись в куцый подлесок. В горячке боя никому и дела не было до горстки сыпанувших кто куда беглецов. «Они эту посудину специально в берег вогнали, что ли?» — Джек в который раз невольно прокручивал в голове цепочку произошедших с ним событий. Тем временем где-то неподалеку, будто в подтверждение его самых страшных опасений, раздался леденящий душу вой. И этот звук было невозможно ни с чем спутать.",
episode6.nodes.e6_prison_11_v5.data.text,"Пейзаж на горизонте казался смутно знакомым, однако Джек не придал этому значения, сходу вломившись в куцый подлесок. В горячке боя никому и дела не было до горстки сыпанувших кто куда беглецов. «Они эту посудину специально в берег вогнали, что ли?» — Джек в который раз невольно прокручивал в голове цепочку произошедших с ним событий. Тем временем где-то неподалеку, будто в подтверждение его самых страшных опасений, раздался леденящий душу вой. И этот звук было невозможно ни с чем спутать.",
episode6.nodes.e6_prison_11_v5.title,TwoDaysPrison frame 11; type 5,
episode6.nodes.e6_prison_11_v5__choice_0.data.text,Далее,
episode6.nodes.e6_prison_11_v5__choice_0.title,Далее,
episode6.nodes.e6_prison_11_v6.data.blocks.0.text,"Пейзаж на горизонте казался смутно знакомым, однако Джек не придал этому значения, сходу вломившись в куцый подлесок. В горячке боя никому и дела не было до горстки сыпанувших кто куда беглецов. «Они эту посудину специально в берег вогнали, что ли?» — Джек в который раз невольно прокручивал в голове цепочку произошедших с ним событий. Тем временем где-то неподалеку, будто в подтверждение его самых страшных опасений, раздался леденящий душу вой. И этот звук было невозможно ни с чем спутать.",
episode6.nodes.e6_prison_11_v6.data.text,"Пейзаж на горизонте казался смутно знакомым, однако Джек не придал этому значения, сходу вломившись в куцый подлесок. В горячке боя никому и дела не было до горстки сыпанувших кто куда беглецов. «Они эту посудину специально в берег вогнали, что ли?» — Джек в который раз невольно прокручивал в голове цепочку произошедших с ним событий. Тем временем где-то неподалеку, будто в подтверждение его самых страшных опасений, раздался леденящий душу вой. И этот звук было невозможно ни с чем спутать.",
episode6.nodes.e6_prison_11_v6.title,TwoDaysPrison frame 11; type 6,
episode6.nodes.e6_prison_11_v6__choice_0.data.text,Далее,
episode6.nodes.e6_prison_11_v6__choice_0.title,Далее,
episode6.nodes.e6_prison_1_v1.data.blocks.0.text,"«Ну если уж этому пистолет не помог, то мне... мне он точно не понадобится», — подобно загнанному дикому зверю Джек забился в угол своей камеры-клетки. Спустя какое-то время хаос звуков снаружи постепенно пошел на убыль. Неужели все? Ответом Джеку стали разрозненные, доносящиеся со всех сторон крики: «Эй, она жива! Смотри! Смотри!!! Дейв, они поднимаются! Что за...? АААААААА!!! УБЕРИТЕ ЕГО ОТ МЕНЯ!».",
episode6.nodes.e6_prison_1_v1.data.text,"«Ну если уж этому пистолет не помог, то мне... мне он точно не понадобится», — подобно загнанному дикому зверю Джек забился в угол своей камеры-клетки. Спустя какое-то время хаос звуков снаружи постепенно пошел на убыль. Неужели все? Ответом Джеку стали разрозненные, доносящиеся со всех сторон крики: «Эй, она жива! Смотри! Смотри!!! Дейв, они поднимаются! Что за...? АААААААА!!! УБЕРИТЕ ЕГО ОТ МЕНЯ!».",
episode6.nodes.e6_prison_1_v1.title,TwoDaysPrison frame 1; type 1,
episode6.nodes.e6_prison_1_v1__choice_0.data.text,Далее,
episode6.nodes.e6_prison_1_v1__choice_0.title,Далее,
episode6.nodes.e6_prison_1_v2.data.blocks.0.text,"Слезы градом стекали по раскрасневшемуся девичьему лицу — казалось, несчастная совершенно не понимала, где находится. Сзади тем временем один за одним вырастали темные сгорбленные силуэты. Оружие в побелевших от напряжения руках Джека неловко качнулось, задрожало, что несказанно напугало девушку. Все последующие события промелькнули в голове Джека сплошным размытым пятном, а полный отчаяния женский крик еще долго звенел в голове, заставляя то и дело вздрагивать.",
episode6.nodes.e6_prison_1_v2.data.text,"Слезы градом стекали по раскрасневшемуся девичьему лицу — казалось, несчастная совершенно не понимала, где находится. Сзади тем временем один за одним вырастали темные сгорбленные силуэты. Оружие в побелевших от напряжения руках Джека неловко качнулось, задрожало, что несказанно напугало девушку. Все последующие события промелькнули в голове Джека сплошным размытым пятном, а полный отчаяния женский крик еще долго звенел в голове, заставляя то и дело вздрагивать.",
episode6.nodes.e6_prison_1_v2.title,TwoDaysPrison frame 1; type 2,
episode6.nodes.e6_prison_1_v2__choice_0.data.text,Далее,
episode6.nodes.e6_prison_1_v2__choice_0.title,Далее,
episode6.nodes.e6_prison_2_v1.data.blocks.0.text,"«Ддэйв? ДЭЙВ ТЫ ГДЕ?! Эй! Ну кто-нибудь!!!» — семенящий спиной вперед незнакомец отчаянно напрягал связки в попытках привлечь к себе внимание. Но то ли срывающийся голос бедняги был неспособен пробиться сквозь шумовую завесу, то ли у «Дэйва» были дела поважнее — на помощь ему никто не спешил. Джек осторожно выглянул из-за края кровати: свежеобратившийся мертвец неумолимо оттеснял мужчину вглубь камеры.",
episode6.nodes.e6_prison_2_v1.data.text,"«Ддэйв? ДЭЙВ ТЫ ГДЕ?! Эй! Ну кто-нибудь!!!» — семенящий спиной вперед незнакомец отчаянно напрягал связки в попытках привлечь к себе внимание. Но то ли срывающийся голос бедняги был неспособен пробиться сквозь шумовую завесу, то ли у «Дэйва» были дела поважнее — на помощь ему никто не спешил. Джек осторожно выглянул из-за края кровати: свежеобратившийся мертвец неумолимо оттеснял мужчину вглубь камеры.",
episode6.nodes.e6_prison_2_v1.title,TwoDaysPrison frame 2; type 1,
episode6.nodes.e6_prison_2_v1__choice_0.data.text,Далее,
episode6.nodes.e6_prison_2_v1__choice_0.title,Далее,
episode6.nodes.e6_prison_2_v2.data.blocks.0.text,"«Ддэйв? ДЭЙВ ТЫ ГДЕ?! Эй! Ну кто-нибудь!!!» — семенящий спиной вперед незнакомец отчаянно напрягал связки в попытках привлечь к себе внимание. Но то ли срывающийся голос бедняги был неспособен пробиться сквозь шумовую завесу, то ли у «Дэйва» были дела поважнее — на помощь ему никто не спешил. Джек осторожно выглянул из-за края кровати: свежеобратившийся мертвец неумолимо оттеснял мужчину вглубь камеры.",
episode6.nodes.e6_prison_2_v2.data.text,"«Ддэйв? ДЭЙВ ТЫ ГДЕ?! Эй! Ну кто-нибудь!!!» — семенящий спиной вперед незнакомец отчаянно напрягал связки в попытках привлечь к себе внимание. Но то ли срывающийся голос бедняги был неспособен пробиться сквозь шумовую завесу, то ли у «Дэйва» были дела поважнее — на помощь ему никто не спешил. Джек осторожно выглянул из-за края кровати: свежеобратившийся мертвец неумолимо оттеснял мужчину вглубь камеры.",
episode6.nodes.e6_prison_2_v2.title,TwoDaysPrison frame 2; type 2,
episode6.nodes.e6_prison_2_v2__choice_0.data.text,Далее,
episode6.nodes.e6_prison_2_v2__choice_0.title,Далее,
episode6.nodes.e6_prison_3_v1.title,TwoDaysPrison frame 3; type 1,
episode6.nodes.e6_prison_3_v1__choice_0.data.text,Успеть,
episode6.nodes.e6_prison_3_v1__choice_0.title,Успеть,
episode6.nodes.e6_prison_3_v1__choice_1.data.text,Не успеть,
episode6.nodes.e6_prison_3_v1__choice_1.title,Не успеть,
episode6.nodes.e6_prison_3_v2.title,TwoDaysPrison frame 3; type 2,
episode6.nodes.e6_prison_3_v2__choice_0.data.text,Успеть,
episode6.nodes.e6_prison_3_v2__choice_0.title,Успеть,
episode6.nodes.e6_prison_3_v2__choice_1.data.text,Не успеть,
episode6.nodes.e6_prison_3_v2__choice_1.title,Не успеть,
episode6.nodes.e6_prison_4_v1.data.blocks.0.text,"Предсмертные конвульсии все слабее сотрясали тело мужчины, жизнь стремительно утекала из него вместе с кусками ярко-красной плоти в зубах зомби. Сам Джек безмолвным истуканом застыл неподалеку, не в силах ступить за порог своей камеры. «Сэм, ты здесь? Проклятье!», — еще один незнакомец, быть может, тот самый Дэйв, разъяренным ураганом ворвался в клетку. Но было уже слишком поздно. «Ттыы! ТЫ! — наставленное дуло пистолета нервно дрожало у Джекова лба. — Уб... ублюдок!!!». В следующее мгновение пистолетная рукоять с хрустом обрушилась Джеку на голову.",
episode6.nodes.e6_prison_4_v1.data.text,"Предсмертные конвульсии все слабее сотрясали тело мужчины, жизнь стремительно утекала из него вместе с кусками ярко-красной плоти в зубах зомби. Сам Джек безмолвным истуканом застыл неподалеку, не в силах ступить за порог своей камеры. «Сэм, ты здесь? Проклятье!», — еще один незнакомец, быть может, тот самый Дэйв, разъяренным ураганом ворвался в клетку. Но было уже слишком поздно. «Ттыы! ТЫ! — наставленное дуло пистолета нервно дрожало у Джекова лба. — Уб... ублюдок!!!». В следующее мгновение пистолетная рукоять с хрустом обрушилась Джеку на голову.",
episode6.nodes.e6_prison_4_v1.title,TwoDaysPrison frame 4; type 1,
episode6.nodes.e6_prison_4_v1__choice_0.data.text,Далее,
episode6.nodes.e6_prison_4_v1__choice_0.title,Далее,
episode6.nodes.e6_prison_4_v2.data.blocks.0.text,"Тяжелое рваное дыхание незнакомца Джек слышал даже несмотря на доносящийся снаружи шум и гомон. Вдох, еще вдох — выдох, три вдоха — еще выдох. Казалось, мужчина все никак не мог насытиться, надышаться. Все еще не верил, что остался жив. «Сэм, ты здесь? Сэм...?» — громадный, заросший густой косматой бородой мужик застыл в проходе. При виде медведеподобного «Дэйва» (судя по всему, это был именно он) Джек разом стушевался, рука вместе с казавшимся теперь игрушечным пистолетом сама собой поползла книзу.",
episode6.nodes.e6_prison_4_v2.data.text,"Тяжелое рваное дыхание незнакомца Джек слышал даже несмотря на доносящийся снаружи шум и гомон. Вдох, еще вдох — выдох, три вдоха — еще выдох. Казалось, мужчина все никак не мог насытиться, надышаться. Все еще не верил, что остался жив. «Сэм, ты здесь? Сэм...?» — громадный, заросший густой косматой бородой мужик застыл в проходе. При виде медведеподобного «Дэйва» (судя по всему, это был именно он) Джек разом стушевался, рука вместе с казавшимся теперь игрушечным пистолетом сама собой поползла книзу.",
episode6.nodes.e6_prison_4_v2.title,TwoDaysPrison frame 4; type 2,
episode6.nodes.e6_prison_4_v2__choice_0.data.text,Далее,
episode6.nodes.e6_prison_4_v2__choice_0.title,Далее,
episode6.nodes.e6_prison_4_v3.data.blocks.0.text,"Предсмертные конвульсии все слабее сотрясали тело мужчины, жизнь стремительно утекала из него вместе с кусками ярко-красной плоти в зубах зомби. Сам Джек безмолвным истуканом застыл неподалеку, не в силах ступить за порог своей камеры. «Сэм, ты здесь? Проклятье!», — еще один незнакомец, быть может, тот самый Дейв, разъяренным ураганом ворвался в клетку. Но было уже слишком поздно. «Ттыы! ТЫ! — до этого в бешенстве размазавший зомби по стене «Дэйв» теперь танком пер на Джека. — Уб... ублюдок!!!». Палец сам собой вдавил спусковой крючок.",
episode6.nodes.e6_prison_4_v3.data.text,"Предсмертные конвульсии все слабее сотрясали тело мужчины, жизнь стремительно утекала из него вместе с кусками ярко-красной плоти в зубах зомби. Сам Джек безмолвным истуканом застыл неподалеку, не в силах ступить за порог своей камеры. «Сэм, ты здесь? Проклятье!», — еще один незнакомец, быть может, тот самый Дейв, разъяренным ураганом ворвался в клетку. Но было уже слишком поздно. «Ттыы! ТЫ! — до этого в бешенстве размазавший зомби по стене «Дэйв» теперь танком пер на Джека. — Уб... ублюдок!!!». Палец сам собой вдавил спусковой крючок.",
episode6.nodes.e6_prison_4_v3.title,TwoDaysPrison frame 4; type 3,
episode6.nodes.e6_prison_4_v3__choice_0.data.text,Далее,
episode6.nodes.e6_prison_4_v3__choice_0.title,Далее,
episode6.nodes.e6_prison_5_v3.data.blocks.0.text,"Рассаженная губа нещадно кровоточила. И ведь почти достал, гнида... Еще бы вот столечко, сантиметров пять, не больше, и громадная лапища этого медведеподобного бородача размазала бы Джека по стене. Лежал бы он тогда сейчас себе тихо, мирно и в луже крови на полу. «Но хер там был», — Джек презрительно сплюнул, и, сунув за пояс разряженный Глок, принялся обшаривать кое-как сваленные в углу камеры трупы.",
episode6.nodes.e6_prison_5_v3.data.text,"Рассаженная губа нещадно кровоточила. И ведь почти достал, гнида... Еще бы вот столечко, сантиметров пять, не больше, и громадная лапища этого медведеподобного бородача размазала бы Джека по стене. Лежал бы он тогда сейчас себе тихо, мирно и в луже крови на полу. «Но хер там был», — Джек презрительно сплюнул, и, сунув за пояс разряженный Глок, принялся обшаривать кое-как сваленные в углу камеры трупы.",
episode6.nodes.e6_prison_5_v3.title,TwoDaysPrison frame 5; type 3,
episode6.nodes.e6_prison_5_v3__choice_0.data.text,Далее,
episode6.nodes.e6_prison_5_v3__choice_0.title,Далее,
episode6.nodes.e6_prison_6_v5.data.blocks.0.text,"Мысли о еде лишь усиливали терзающий потроха голод. Джек уже в который раз с надеждой ворошил пожитки убитых в поисках съестного, но последнюю оставшуюся галету он доел несколько часов назад. С тех пор изменилось не многое: корабль все также монотонно гудел, возвещая о своем непрерывном движении, а усиливающийся с каждой минутой голод продолжал мучать заточенных внутри людей.",
episode6.nodes.e6_prison_6_v5.data.text,"Мысли о еде лишь усиливали терзающий потроха голод. Джек уже в который раз с надеждой ворошил пожитки убитых в поисках съестного, но последнюю оставшуюся галету он доел несколько часов назад. С тех пор изменилось не многое: корабль все также монотонно гудел, возвещая о своем непрерывном движении, а усиливающийся с каждой минутой голод продолжал мучать заточенных внутри людей.",
episode6.nodes.e6_prison_6_v5.title,TwoDaysPrison frame 6; type 5,
episode6.nodes.e6_prison_6_v5__choice_0.data.text,Далее,
episode6.nodes.e6_prison_6_v5__choice_0.title,Далее,
episode6.nodes.e6_prison_6_v6.data.blocks.0.text,"Мысли о еде лишь усиливали терзающий потроха голод. Последнюю галету, скрипя сердцем, поделили на троих несколько часов назад. С тех пор изменилось не многое: корабль все также монотонно гудел, возвещая о своем непрерывном движении, а усиливающийся с каждой минутой голод продолжал мучать заточенных внутри людей. «Джек, это бесполезно. Побереги ты силы, — Сэм в очередной раз выглянул в коридор в попытке вразумить нового знакомого. — Там металла сантиметров пять, если не больше!»",
episode6.nodes.e6_prison_6_v6.data.text,"Мысли о еде лишь усиливали терзающий потроха голод. Последнюю галету, скрипя сердцем, поделили на троих несколько часов назад. С тех пор изменилось не многое: корабль все также монотонно гудел, возвещая о своем непрерывном движении, а усиливающийся с каждой минутой голод продолжал мучать заточенных внутри людей. «Джек, это бесполезно. Побереги ты силы, — Сэм в очередной раз выглянул в коридор в попытке вразумить нового знакомого. — Там металла сантиметров пять, если не больше!»",
episode6.nodes.e6_prison_6_v6.title,TwoDaysPrison frame 6; type 6,
episode6.nodes.e6_prison_6_v6__choice_0.data.text,Далее,
episode6.nodes.e6_prison_6_v6__choice_0.title,Далее,
episode6.nodes.e6_prison_7_v7.data.blocks.0.text,"В коридоре было на редкость тихо. Нет, не так чтобы совсем: из дальнего его конца доносились чьи-то приглушенные стенания, слышались шорохи и стук, однако контраст был ощутим. Выжившие затаились. Джек, стараясь не смотреть на распростертые под ногами тела, перебежками добрался до двери отсека. В небольшом смотровом окошке — никого. «Да чтоб тебя!» — в мыслях Джек уже практически стоял снаружи, когда выяснилось, что отсюда дверь ему открыть не удастся. Изнутри та не имела каких бы то ни было ручек или замков.",
episode6.nodes.e6_prison_7_v7.data.text,"В коридоре было на редкость тихо. Нет, не так чтобы совсем: из дальнего его конца доносились чьи-то приглушенные стенания, слышались шорохи и стук, однако контраст был ощутим. Выжившие затаились. Джек, стараясь не смотреть на распростертые под ногами тела, перебежками добрался до двери отсека. В небольшом смотровом окошке — никого. «Да чтоб тебя!» — в мыслях Джек уже практически стоял снаружи, когда выяснилось, что отсюда дверь ему открыть не удастся. Изнутри та не имела каких бы то ни было ручек или замков.",
episode6.nodes.e6_prison_7_v7.title,TwoDaysPrison frame 7; type 7,
episode6.nodes.e6_prison_7_v7__choice_0.data.text,Далее,
episode6.nodes.e6_prison_7_v7__choice_0.title,Далее,
episode6.nodes.e6_prison_8_v5.data.blocks.0.text,"Время все тянулось и тянулось, иногда и вовсе застывая, подобно патоке. Вместе с ним прибывало чувство холодной отрешенности, какого-то внутреннего иррационального спокойствия. Выстрелы. Донесшиеся, казалось, из другой вселенной звуки разом смахнули толстенный слой пыли с сердец отчаявшихся людей, вновь разожгли в них костерок надежды. Спустя двадцать томительных минут дверь отсека со скрипом отворилась. «Эй, кто живой, на выход! Отстающих не ждем», — на пороге, в клубах то ли дыма, то ли пыли с винтовкой на изготовку стоял потрепанный военный.",
episode6.nodes.e6_prison_8_v5.data.text,"Время все тянулось и тянулось, иногда и вовсе застывая, подобно патоке. Вместе с ним прибывало чувство холодной отрешенности, какого-то внутреннего иррационального спокойствия. Выстрелы. Донесшиеся, казалось, из другой вселенной звуки разом смахнули толстенный слой пыли с сердец отчаявшихся людей, вновь разожгли в них костерок надежды. Спустя двадцать томительных минут дверь отсека со скрипом отворилась. «Эй, кто живой, на выход! Отстающих не ждем», — на пороге, в клубах то ли дыма, то ли пыли с винтовкой на изготовку стоял потрепанный военный.",
episode6.nodes.e6_prison_8_v5.title,TwoDaysPrison frame 8; type 5,
episode6.nodes.e6_prison_8_v5__choice_0.data.text,Далее,
episode6.nodes.e6_prison_8_v5__choice_0.title,Далее,
episode6.nodes.e6_prison_8_v6.data.blocks.0.text,"Время все тянулось и тянулось, иногда и вовсе застывая, подобно патоке. Вместе с ним прибывало чувство холодной отрешенности, какого-то внутреннего иррационального спокойствия. Выстрелы. Донесшиеся, казалось, из другой вселенной звуки разом смахнули толстенный слой пыли с сердец отчаявшихся людей, вновь разожгли в них костерок надежды. Спустя двадцать томительных минут дверь отсека со скрипом отворилась. «Эй, кто живой, на выход! Отстающих не ждем», — на пороге, в клубах то ли дыма, то ли пыли с винтовкой на изготовку стоял потрепанный военный.",
episode6.nodes.e6_prison_8_v6.data.text,"Время все тянулось и тянулось, иногда и вовсе застывая, подобно патоке. Вместе с ним прибывало чувство холодной отрешенности, какого-то внутреннего иррационального спокойствия. Выстрелы. Донесшиеся, казалось, из другой вселенной звуки разом смахнули толстенный слой пыли с сердец отчаявшихся людей, вновь разожгли в них костерок надежды. Спустя двадцать томительных минут дверь отсека со скрипом отворилась. «Эй, кто живой, на выход! Отстающих не ждем», — на пороге, в клубах то ли дыма, то ли пыли с винтовкой на изготовку стоял потрепанный военный.",
episode6.nodes.e6_prison_8_v6.title,TwoDaysPrison frame 8; type 6,
episode6.nodes.e6_prison_8_v6__choice_0.data.text,Далее,
episode6.nodes.e6_prison_8_v6__choice_0.title,Далее,
episode6.nodes.e6_prison_8_v6_choice_71.data.text,"Для пущей убедительности боец несколько раз звонко стукнул прикладом о металл двери. От скорости закручивающегося вокруг него вихря событий Джек даже слегка опешил, а когда опомнился — дверной проем был уже пуст.",
episode6.nodes.e6_prison_8_v6_choice_71.title,NewItem(71),
episode6.nodes.e6_prison_8_v6_choice_71__choice_0.data.text,Подождать новых знакомых,
episode6.nodes.e6_prison_8_v6_choice_71__choice_0.title,Подождать новых знакомых,
episode6.nodes.e6_prison_8_v6_choice_71__choice_1.data.text,Броситься вдогонку,
episode6.nodes.e6_prison_8_v6_choice_71__choice_1.title,Броситься вдогонку,
episode6.nodes.e6_prison_8_v7.data.blocks.0.text,"Неясный шелестящий интершум наждачной бумагой елозил по черепу, заставляя Джека болезненно морщиться. Что это за место? Мужчина на трясущихся от напряжения руках приподнялся и встал на четвереньки. Накативший следом приступ головокружения едва не опрокинул Джека обратно — в растекшуюся под ним отвратительную бурую лужу. Тем временем сквозь набившуюся в уши вату стали пробиваться отдельные звуки: топот ног, крики, выстрелы... Мужчина ошалело заозирался, силясь понять хоть что-нибудь.",
episode6.nodes.e6_prison_8_v7.data.text,"Неясный шелестящий интершум наждачной бумагой елозил по черепу, заставляя Джека болезненно морщиться. Что это за место? Мужчина на трясущихся от напряжения руках приподнялся и встал на четвереньки. Накативший следом приступ головокружения едва не опрокинул Джека обратно — в растекшуюся под ним отвратительную бурую лужу. Тем временем сквозь набившуюся в уши вату стали пробиваться отдельные звуки: топот ног, крики, выстрелы... Мужчина ошалело заозирался, силясь понять хоть что-нибудь.",
episode6.nodes.e6_prison_8_v7.title,TwoDaysPrison frame 8; type 7,
episode6.nodes.e6_prison_8_v7__choice_0.data.text,Далее,
episode6.nodes.e6_prison_8_v7__choice_0.title,Далее,
episode6.nodes.e6_prison_9_v5.data.blocks.0.text,"Спертый корабельный воздух огнем жег отвыкшие от нагрузок легкие. Джеку приходилось тратить все свои и без того скудные силы, дабы не потерять из виду маячащую впереди затянутую в бронежилет фигуру. Поворот, дверь, лестница в полу, еще поворот — военный без устали пер вперед, каким-то невероятным образом умудряясь отыскивать дорогу в царившем вокруг полумраке.",
episode6.nodes.e6_prison_9_v5.data.text,"Спертый корабельный воздух огнем жег отвыкшие от нагрузок легкие. Джеку приходилось тратить все свои и без того скудные силы, дабы не потерять из виду маячащую впереди затянутую в бронежилет фигуру. Поворот, дверь, лестница в полу, еще поворот — военный без устали пер вперед, каким-то невероятным образом умудряясь отыскивать дорогу в царившем вокруг полумраке.",
episode6.nodes.e6_prison_9_v5.title,TwoDaysPrison frame 9; type 5,
episode6.nodes.e6_prison_9_v5__choice_0.data.text,Далее,
episode6.nodes.e6_prison_9_v5__choice_0.title,Далее,
episode6.nodes.e6_prison_9_v6.data.blocks.0.text,"Спертый корабельный воздух огнем жег отвыкшие от нагрузок легкие. Джеку приходилось тратить все свои и без того скудные силы, дабы не потерять из виду маячащую впереди затянутую в бронежилет фигуру. Беглый взгляд за спину — где-то позади, среди десятка безликих силуэтов промелькнула косматая борода Дэйва. Или ему показалось? Поворот, дверь, лестница в полу, еще поворот — военный без устали пер вперед, каким-то невероятным образом умудряясь отыскивать дорогу в царившем вокруг полумраке.",
episode6.nodes.e6_prison_9_v6.data.text,"Спертый корабельный воздух огнем жег отвыкшие от нагрузок легкие. Джеку приходилось тратить все свои и без того скудные силы, дабы не потерять из виду маячащую впереди затянутую в бронежилет фигуру. Беглый взгляд за спину — где-то позади, среди десятка безликих силуэтов промелькнула косматая борода Дэйва. Или ему показалось? Поворот, дверь, лестница в полу, еще поворот — военный без устали пер вперед, каким-то невероятным образом умудряясь отыскивать дорогу в царившем вокруг полумраке.",
episode6.nodes.e6_prison_9_v6.title,TwoDaysPrison frame 9; type 6,
episode6.nodes.e6_prison_9_v6__choice_0.data.text,Далее,
episode6.nodes.e6_prison_9_v6__choice_0.title,Далее,
episode6.nodes.e6_prison_9_v7.data.blocks.0.text,"Растолкать мерно посапывающего бородача удалось далеко не с первого раза и лишь после того, как Сэм отвесил брату пару звонких затрещин. Еще несколько минут ушло на то, чтобы втолковать насупившемуся и походящему на медведя-шатуна Дэйву что, собственно, от него вообще хотят. В итоге троица во главе с Джеком покинула отсек одной из последних. При этом бежать приходилось практически на звук, по топоту шагов и редким выстрелам определяя дальнейшее направление.",
episode6.nodes.e6_prison_9_v7.data.text,"Растолкать мерно посапывающего бородача удалось далеко не с первого раза и лишь после того, как Сэм отвесил брату пару звонких затрещин. Еще несколько минут ушло на то, чтобы втолковать насупившемуся и походящему на медведя-шатуна Дэйву что, собственно, от него вообще хотят. В итоге троица во главе с Джеком покинула отсек одной из последних. При этом бежать приходилось практически на звук, по топоту шагов и редким выстрелам определяя дальнейшее направление.",
episode6.nodes.e6_prison_9_v7.title,TwoDaysPrison frame 9; type 7,
episode6.nodes.e6_prison_9_v7__choice_0.data.text,Далее,
episode6.nodes.e6_prison_9_v7__choice_0.title,Далее,
episode6.nodes.e6_result_137.data.text,"Не выдержав, Джек в последний момент успел ухватить бедолагу за руку. Впрочем, он тут же пожалел о своем решении. Спасаемый им мужчина конвульсивно дергался, неистово кричал что-то крепко матерное, захлестываемый накатывающей паникой. В какой-то момент Джек осознал всю опасность разворачивающейся ситуации, но было уже поздно: сразу трое разъяренных выживших набросились на них, осыпая градом ударов. Живот, спина, пах, голова. На десятом ударе взгляд Джека затуманился, сознание покидало изувеченное тело, оставляя его на растерзание нападавшим.",
episode6.nodes.e6_result_137.title,ResultBad(137),
episode6.nodes.e6_result_138.data.text,"Уже поднимая в мирном жесте руки, он осознал, что жестоко просчитался. Глаза командира группы стремительно краснели под действием закачиваемой в кровь дозы адреналина. Долгожданные спасители неожиданно превратились в ангелов смерти, а сам Джек оказался зажат между молотом и наковальней. Спустя несколько секунд звереющий командир развернется к своему отряду и одной длинной очередью сократит его вдвое, развязывая новый виток кровавой бойни.",
episode6.nodes.e6_result_138.title,ResultBad(138),
episode6.nodes.e6_result_139.data.text,"Убойная доза адреналина бросила зазевавшегося Джека в сторону стеллажей. Стоп-кадр. Темнота. Спустя секунды мужчина обнаружил себя придавленным несколькими окровавленными телами. В поле зрения попала рука с ножом. Его рука. Конечность лежала в нескольких метрах изредка мелко-мелко подрагивая. Что за бл... Звон в ушах постепенно уступал место чьему-то истеричному верещанию. Здесь, совсем рядом. Джек сквозь боль пытался было прислушаться, когда огромная подошва стремительно перекрыла весь и без того скудный обзор.",
episode6.nodes.e6_result_139.title,ResultBad(139),
episode6.nodes.e6_result_140.data.text,"На кого он был сейчас похож? На бешеного зверя? Или на жертву? Последнее — вряд ли. Вены на руках вздулись от напряжения, длинные ногти раз за разом царапали кожу, но Джек, казалось, не замечал этого, все сильнее сжимая кулаки. «Повернись! Считаю до трё...» — незаконченное слово эхом повисло в воздухе, застыло в сизых клубах порохового дыма. Джек мешком осел у самых ног военных.",
episode6.nodes.e6_result_140.title,ResultBad(140),
episode6.nodes.e6_result_141.data.text,"Решение далось Джеку не сразу. Понятие «правильно» уже давно потеряло здесь всякий смысл, уступив место дикой жажде жизни. Теперь любые, даже самые подлые и низкие, поступки совершались вслед за шепотком инстинкта самосохранения. И в этот раз шепоток требовал от Джека безумства. Бешеный рывок — мужчина во мгновение ока ворвался в самую гущу драки. Силы старика были уже на исходе. И если бы не Джек... В следующее мгновение длинная очередь огненным лезвием перечеркнула «спасителя».",
episode6.nodes.e6_result_141.title,ResultBad(141),
episode6.nodes.e6_result_142.data.text,"Первым за углом оказался Джек и тут же получил сильнейший удар в грудь. Ребра предательски хрустнули, разжигая перед глазами сноп искр. На ощупь, кое-как поднявшись на ноги, мужчина поплелся куда глаза глядят. За спиной Джека один за одним раздавались хлесткие звуки ударов: неизвестно откуда взявшийся патлатый старик с остервенением выбивал дух из его конвоира. Звуки выстрелов отбойным молотком пронеслись по коридору. Военный из последних сил зажал спусковой крючок, посылая пули во все стороны.",
episode6.nodes.e6_result_142.title,ResultBad(142),
episode6.nodes.e6_result_143.data.text,"Чей это голос? Джека? Казалось, кто-то совершенно посторонний завладел его телом, хриплым потоком исторгая наружу малосвязные оскорбления. Чавканье в углу прекратилось, уступило место вскипающему рыку: «Повтори. Ссука». И Джек повторил. Будь его воля, он бы раз и навсегда заткнул этого урода, забил его «повтори» ему в глотку вместе с зубами. Волна ярости захлестнула теряющих над собой контроль людей. Подоспевшие на шум военные открыли огонь на поражение. Согласно новому приказу.",
episode6.nodes.e6_result_143.title,ResultBad(143),
episode6.nodes.e6_result_144.data.text,"Злость все сильнее пульсировала где-то внутри, черная пелена перед глазами становилась все непрогляднее. Что... Что с ним такое?! Мимолетная стычка в камере уже вовсю переросла в бойню: потоки бурых брызг окропляли все вокруг, люди вырывали друг другу волосы, выбивали зубы, давили глаза. Где-то далеко-далеко послышался лязг оружия и разъяренные крики военных. Тьма поглотила Джека, бросила на прутья клетки в бешеной попытке добраться, разорвать, убить. Бойцы встретили его рывок потоком свинца.",
episode6.nodes.e6_result_144.title,ResultBad(144),
episode6.nodes.e6_result_145.data.text,"Дотянуться до вожделенного Глока и одновременно остаться незамеченным казалось все более невыполнимой задачей. Шаг. Еще один. Где-то за стеной истошно верещала женщина, заставляя Джека раз за разом вздрагивать в холодном поту. Ужасная, ужаснейшая затея. В какой-то момент он сдался. Обхватил двумя руками холодный металл двери, потянул на себя. Протяжный скрип, на первый взгляд почти неслышный, пронесся между камерами, мигом привлекая к Джеку внимание. Мужчина от неожиданности дернулся, жалобно лязгнул язычок замка, и... И дверь не закрылась. Он потянул еще раз, еще, но тщетно. Джек своими руками подписал себе смертный приговор.",
episode6.nodes.e6_result_145.title,ResultBad(145),
episode6.nodes.e6_result_146.data.text,"Изорванное пулями девичье тело мешком осело на пол. А вместе с ним там оказалась вся решимость и уверенность Джека. Выстрелы привлекли ненужное внимание. Время стремительно утекало, но мужчина все не мог оторвать взгляда от наполненных безмерной болью и... удивлением мертвых глаз. Бежать. Сбросив оцепенение, он рванулся было к выходу, но что-то цепко схватило его за ногу. Выстрел за спину, наугад. Последний. В следующее мгновение тело Джека оторвалось от земли, чтобы затем стремительно приземлиться на прутья ближайшей клетки. Время вышло.",
episode6.nodes.e6_result_146.title,ResultBad(146),
episode6.nodes.e6_result_147.data.text,"Торопливые шаги из темноты, заглушенные непрекращающимся кашлем, стали для мужчины полной неожиданностью. Чей-то темный человекоподобный силуэт во мгновение ока навис над ним. У Джека перехватило дыхание: «Нашли, его нашли. Притвориться мертвым? Уже нет смысла...»
В следующее мгновение ярчайшая вспышка вырвала из мрака бледное, обескровленное мужское лицо. Лицо Джека. Раздался хлопок — тишина. Лишь эхо выстрела продолжало метаться по обшарпанным холодным стенам.",
episode6.nodes.e6_result_147.title,ResultBad(147),
episode6.nodes.e6_result_148.data.text,"Пистолет в руках незнакомца, увенчанный массивным глушителем, мелко подрагивал. Казалось, еще немного, и вот он, родимый, смотрит тебе прямиком между глаз. Джек держался. В горле нещадно першило, во рту пересохло от напряжения, но он держался. «Кхххм! Кхх-Кха», — особенно сильный приступ кашля согнул мужчину пополам. Незнакомец тут же оказался рядом: «Тише. Заткнись!» — в его шепоте читался нешуточный испуг. Джек попытался было ответить, но лишь еще больше закашлялся, зажав рот двумя руками. Раздался хлопок — тишина. Лишь эхо выстрела продолжало метаться по обшарпанным холодным стенам.",
episode6.nodes.e6_result_148.title,ResultBad(148),
episode6.nodes.e6_result_149.data.text,"Погруженная в непроглядный мрак лестница, казалось, была пуста. Лишь стойкое ощущение некой неправильности, зыбкости происходящего заставляло Джека раз за разом поеживаться. Мужчина бросил осторожный взгляд на своих спасителей — нервозность их движений была заметна невооруженным взглядом. Жуткий пробирающий вой пронесся над головами людей, бешеным ураганом сметая остатки их уверенности и самообладания.
Вяло перебирающий конечностями Джек лежал в тусклом круге фонарного света. Истинная подлая задумка «спасителей» открылась лишь сейчас. Тяжелая скрипящая поступь звучала все ближе. Мужчина закрыл глаза.",
episode6.nodes.e6_result_149.title,ResultBad(149),
episode6.nodes.e6_result_151.data.text,"— Мы все заражены. С помощью этих веществ мне удавалось как-то состояние стабилизировать. Да, приступы прекратились. Проблема в том, что сегодня препарат кончился, — доктор Эрнандес понуро обводила взглядом собравшиеся вокруг грузовика полторы сотни выживших.
— Заражены?! Адро... что? Что она несет? — по толпе прокатился многоголосый ропот.
— Капитан Гордон принял решение прекратить плавание... — доктор на мгновение запнулась, подбирая слова.
— Все недовольные могут быть свободны, — на импровизированную трибуну взошел седоволосый военный. — Всех остальных прошу по машинам. Хватит полемики.",
episode6.nodes.e6_result_151.title,ResultBad(151),
episode6.nodes.e6_result_152.data.text,"Стоило Джеку, еле дыша, выбраться обратно на берег, как он тут же наткнулся на своих мертвых преследователей. Ранее упустившие мужчину из виду зомби теперь один за другим поворачивали в его сторону пустые провалы глазниц. От все растущего напряжения и подкатывающей к горлу паники Джек неловко покачнулся, картинка перед глазами подернулась и потемнела. Раздавшийся следом полный животного азарта вой он встретил уже откуда-то издалека — наблюдателем со стороны.",
episode6.nodes.e6_result_152.title,ResultBad(152),
episode6.nodes.e6_result_153.data.text,"Граната волчком завертелась у ног Измененного, но существо даже не шелохнулось, немигающим взглядом прикованное к доживающему последние мгновения человеку. Взрыв. Дальнейшая круговерть событий слилась для Джека в пеструю болезненную кашу: он то бежал, то иступленно что-то кричал, оглушенный и дезориентированный. Тошнота и слабость яростным прибоем бились о маяк его тускнеющего сознания. И лишь стоящий позади поросячий визг удерживал мужчину от небытия, толкал вперед. Но стоило Джеку, еле дыша, выбраться обратно на берег, как он тут же наткнулся на своих мертвых преследователей. Отчаянный взмах винтовки — осечка.",
episode6.nodes.e6_result_153.title,ResultBad(153),
episode6.nodes.e6_result_154.data.text,"Граната волчком завертелась у ног Измененного, но существо даже не шелохнулось, немигающим взглядом прикованное к доживающему последние мгновения человеку. Взрыв. Дальнейшая круговерть событий слилась для Джека в пеструю болезненную кашу: он то бежал, то иступленно что-то кричал, оглушенный и дезориентированный. Тошнота и слабость яростным прибоем бились о маяк его тускнеющего сознания. И лишь стоящий позади поросячий визг удерживал мужчину от небытия, толкал вперед. Но стоило Джеку снова оказаться на берегу, как он тут же наткнулся на своих мертвых преследователей. Ранее упустившие мужчину из виду зомби теперь один за другим поворачивали в его сторону пустые провалы глазниц.",
episode6.nodes.e6_result_154.title,ResultBad(154),
episode6.nodes.e6_result_155.data.text,"Успел. В последний момент Джеку удается-таки столкнуть извивающегося, липкого от крови зомби с незнакомца на пол. В попытке завершить начатое он с силой опускает подошву на голову твари, однако удар проходит вскользь — облезлые кеды едут на залитом бурой жижей полу. Джек теряет равновесие и с округлившимися от ужаса глазами падает на четвереньки. Зубы мертвеца тут же смыкаются на его дрожащем предплечье. Кровь толчками, алыми упругими струями заливает все вокруг: барахтающегося подле Джека зомби, самого Джека, вяло, будто в трансе перебирающего здоровыми конечностями, стены, пол.",
episode6.nodes.e6_result_155.title,ResultBad(155),
episode6.nodes.e6_result_156.data.text,"Голые обшарпанные стены оканчивались рядом металлических прутьев от пола до потолка. Как в тюрьме. Помещение действительно больше всего походило именно на тюремную камеру, однако Джек совершенно не помнил, как здесь очутился. Сказать по правде, ему вообще мало что удавалось выудить из трясины своих разрозненных, противоречащих друг другу воспоминаний. Холод металла подействовал отрезвляюще. «Нет, ннет, нет! Как... как же это... ЭЙ! КТО-НИБУДЬ! ЭЙ!» — обломок ключа намертво застыл в замочной скважине, и как Джек ни старался, сдвинуть его с места было нереально. Со стороны выхода из отсека донеслось протяжное сипение.",
episode6.nodes.e6_result_156.title,ResultBad(156),
episode6.nodes.e6_result_157.data.text,"Поворот, еще поворот. Спертый корабельный воздух огнем жег отвыкшие от нагрузок легкие. «Тише стало, что ли? Неужели не туда...» — мысль еще не успела до конца оформиться в голове несущегося впереди всех Джека, когда...
«Дэйв, Дэйв, надо валить! Что ты делаешь?! — брат отчаянно тормошил неподвижно застывшего бородача. — ЕМУ УЖЕ НЕ ПОМОЧЬ! ДЭЙВ!» Яркая вспышка на мгновение озарила коридор, вырвав из полумрака мертвенно-бледные осунувшиеся лица. Десять, двадцать, тридцать! И где-то в глубине этого копошащегося бесформенного месива мешком осело Джеково тело.",
episode6.nodes.e6_result_157.title,ResultBad(157),
episode6.nodes.e6_result_158.data.text,"Будто бы в подтверждение его самых страшных опасений, по берегу прокатился многоголосый звериный вой. Этот звук было невозможно ни с чем спутать. Измененные. И единственное, что отделяло их сейчас от трясущихся в кузовах грузовиков людей — это жалкая сотня военных. Не успели бойцы опомниться, как из леса выскочили сразу три гибкие черные твари. В несколько огромных прыжков преодолев разделявшие их десятки метров, Измененные набросились на беззащитных людей. Живыми с берега удалось уйти единицам.",
episode6.nodes.e6_result_158.title,ResultBad(158),
episode6.nodes.e6_result_159.data.text,"Окончательно выбившийся из сил Джек прислонился к дереву, силясь унять растущее головокружение. Организм тут же принялся исторгать из себя содержимое и без того пустого желудка, заставив мужчину нещадно скорчиться прямо в куче нападавшей подле листвы. Хруст веток неподалеку лишь усугубил положение. С каждой секундой окружавшая Джека темная пелена становилась все плотнее и непрогляднее, а его разом вдруг сделавшееся чужим тело все хуже слушалось хозяина. Между тем шорох листьев раздавался уже совсем рядом.",
episode6.nodes.e6_result_159.title,ResultBad(159),
episode6.nodes.e6_result_160.data.text,"Последние лучи заходящего солнца лениво касались крыши старого двухэтажного магазинчика, будто говоря: «Уж мы то знаем, вы здесь! От нас-то, поди, не спрячешься!» Однако стоящий у окна бородатый мужчина лишь задумчиво и даже слегка насмешливо улыбался им в ответ.
— Ты же понимаешь, что мы рисковали, Дэйв? Да он нас кинул вообще! Как... — раздавшийся за спиной бородача молодой голос неожиданно смолк. — Как мусор, хлам какой-то!
— Сэм, ты не забывай, — Дэйв неторопливо обернулся. — Шкуру он твою тогда спас. А мог бы этого и не делать. Все, закончили на этом.
Брат в ответ лишь плюнул и вышел из комнаты.",
episode6.nodes.e6_result_160.title,ResultBad(160),
episode6.nodes.e6_result_161.data.text,"Для надежности подпустив тварь поближе, Джек привычным движением нажал на спуск. Последовал отчетливый звонкий щелчок, однако выстрел так и не состоялся. Осечка. Совершенно неготовый к такому повороту Джек еще секунду продолжал недоуменно терзать спусковой крючок, позволив мертвецу подобраться вплотную. И только когда облезлые белесые пальцы начали обхватывать ствол его карабина, мужчина вышел из ступора и, будто ошпаренный, отскочил назад. Кеды тут же зарылись в глубокий песок, заставив Джека с шумом рухнуть навзничь. Тварь неуклюже последовала за ним.",
episode6.nodes.e6_result_161.title,ResultBad(161),
episode6.nodes.e6_wake_10_v3.data.blocks.0.text,"Это походило на некую игру: во весь экран была развернута интерактивная карта мира, испещренная мириадами разноцветных отметин. Вот его родной остров. Он красно-черный. Южная Америка вся сплошь залита красным, а вот в Канаде, Сибири или Техасе пометок почти не было. Сзади раздался тихий протяжный скрип. Будто кто-то медленно обернулся, кто-то, сидящий в... Джек, холодея, оторвал взгляд от экрана. За его спиной неторопливо вращалось пустое офисное кресло. «Дшшеееекк», — просвистело прямо над ухом.",
episode6.nodes.e6_wake_10_v3.data.text,"Это походило на некую игру: во весь экран была развернута интерактивная карта мира, испещренная мириадами разноцветных отметин. Вот его родной остров. Он красно-черный. Южная Америка вся сплошь залита красным, а вот в Канаде, Сибири или Техасе пометок почти не было. Сзади раздался тихий протяжный скрип. Будто кто-то медленно обернулся, кто-то, сидящий в... Джек, холодея, оторвал взгляд от экрана. За его спиной неторопливо вращалось пустое офисное кресло. «Дшшеееекк», — просвистело прямо над ухом.",
episode6.nodes.e6_wake_10_v3.title,WakeUpNoLeg frame 10; type 3,
episode6.nodes.e6_wake_10_v3__choice_0.data.text,Далее,
episode6.nodes.e6_wake_10_v3__choice_0.title,Далее,
episode6.nodes.e6_wake_11_v3.data.blocks.0.text,"«Дшшеееекк», — тихий свистящий голос долетел до слуха, стоило Джеку оставить электронный могильник позади. Мужчину с неистовой силой тянуло вперед, будто именно в том следующем помещении он найдет желанную разгадку. Силуэт. Темная сгорбленная фигура, казалось, мерно покачивалась в дверном проеме напротив. Тонкий запах знакомых до боли духов шелком обвил ноздри. Сердце Джека непроизвольно забилось быстрей, зашлось в ударах: тук, тук, тук, тук. В следующий момент фигура пришла в движение.",
episode6.nodes.e6_wake_11_v3.data.text,"«Дшшеееекк», — тихий свистящий голос долетел до слуха, стоило Джеку оставить электронный могильник позади. Мужчину с неистовой силой тянуло вперед, будто именно в том следующем помещении он найдет желанную разгадку. Силуэт. Темная сгорбленная фигура, казалось, мерно покачивалась в дверном проеме напротив. Тонкий запах знакомых до боли духов шелком обвил ноздри. Сердце Джека непроизвольно забилось быстрей, зашлось в ударах: тук, тук, тук, тук. В следующий момент фигура пришла в движение.",
episode6.nodes.e6_wake_11_v3.title,WakeUpNoLeg frame 11; type 3,
episode6.nodes.e6_wake_11_v3__choice_0.data.text,Далее,
episode6.nodes.e6_wake_11_v3__choice_0.title,Далее,
episode6.nodes.e6_wake_12_v3.title,WakeUpNoLeg frame 12; type 3,
episode6.nodes.e6_wake_12_v3__choice_0.data.text,Далее,
episode6.nodes.e6_wake_12_v3__choice_0.title,Далее,
episode6.nodes.e6_wake_13_v3.data.blocks.0.text,"В этот раз он зашел особенно далеко — Джек с содроганием прислушался к затихающим внутри отголоскам ночного кошмара. Совершенно промокшая от пота футболка то и дело липла к телу, заставляя мужчину зябко поеживаться. Это всего лишь сон. Чертов сюрреалистичный, повторяющийся раз за разом сон. Наверное, он просто сходит с ума. Как и все здесь. Сколько уже длится их заточение? День? Два? Целую вечность? Даже в туалет тут ходили под конвоем. Не говоря уж о «кормежке»...",
episode6.nodes.e6_wake_13_v3.data.text,"В этот раз он зашел особенно далеко — Джек с содроганием прислушался к затихающим внутри отголоскам ночного кошмара. Совершенно промокшая от пота футболка то и дело липла к телу, заставляя мужчину зябко поеживаться. Это всего лишь сон. Чертов сюрреалистичный, повторяющийся раз за разом сон. Наверное, он просто сходит с ума. Как и все здесь. Сколько уже длится их заточение? День? Два? Целую вечность? Даже в туалет тут ходили под конвоем. Не говоря уж о «кормежке»...",
episode6.nodes.e6_wake_13_v3.title,WakeUpNoLeg frame 13; type 3,
episode6.nodes.e6_wake_13_v3__choice_0.data.text,Далее,
episode6.nodes.e6_wake_13_v3__choice_0.title,Далее,
episode6.nodes.e6_wake_14_v3.data.blocks.0.text,"Спокойствие и всеобщее умиротворение безраздельно владели этими местами. Ни души. Лишь ветер-хулиган одиноко метался по равнинам, заигрывал с реденькой желтеющей порослью да посвистывал в трубах покинутых человеком строений. Стальная громада корабля казалась чуждой на фоне здешнего пейзажа. Исландия встретила чужеземцев освежающе-колким моросящим дождем. «Наконец-то...» — капля за каплей вода струилась по осунувшемуся и заросшему за время странствований лицу Джека. Мужчина улыбался.",
episode6.nodes.e6_wake_14_v3.data.text,"Спокойствие и всеобщее умиротворение безраздельно владели этими местами. Ни души. Лишь ветер-хулиган одиноко метался по равнинам, заигрывал с реденькой желтеющей порослью да посвистывал в трубах покинутых человеком строений. Стальная громада корабля казалась чуждой на фоне здешнего пейзажа. Исландия встретила чужеземцев освежающе-колким моросящим дождем. «Наконец-то...» — капля за каплей вода струилась по осунувшемуся и заросшему за время странствований лицу Джека. Мужчина улыбался.",
episode6.nodes.e6_wake_14_v3.title,WakeUpNoLeg frame 14; type 3,
episode6.nodes.e6_wake_14_v3__choice_0.data.text,Далее,
episode6.nodes.e6_wake_14_v3__choice_0.title,Далее,
episode6.nodes.e6_wake_1_v1.data.blocks.0.text,"С хриплым стоном Джек прикрыл рукой отвыкшие от света глаза. Ощущения не из приятных. Как из прошлой жизни всплыла аналогия с пьянками бурной молодости: все те же ломота по телу, пустая голова и неизвестное место вокруг. Мужчина криво ухмыльнулся и приподнялся на локте. В глазах тут же резко потемнело.",
episode6.nodes.e6_wake_1_v1.data.text,"С хриплым стоном Джек прикрыл рукой отвыкшие от света глаза. Ощущения не из приятных. Как из прошлой жизни всплыла аналогия с пьянками бурной молодости: все те же ломота по телу, пустая голова и неизвестное место вокруг. Мужчина криво ухмыльнулся и приподнялся на локте. В глазах тут же резко потемнело.",
episode6.nodes.e6_wake_1_v1.title,WakeUpNoLeg frame 1; type 1,
episode6.nodes.e6_wake_1_v1__choice_0.data.text,Далее,
episode6.nodes.e6_wake_1_v1__choice_0.title,Далее,
episode6.nodes.e6_wake_1_v1_choice_60.data.text,Сколько он тут пролежал? И что это за... Джек только сейчас обратил внимание на тошнотворный сладковатый запах. Определить его источник было пока решительно невозможно — мужчина в себя так до конца не пришел.,
episode6.nodes.e6_wake_1_v1_choice_60.title,NewItem(60),
episode6.nodes.e6_wake_1_v1_choice_60__choice_0.data.text,Слезть с койки,
episode6.nodes.e6_wake_1_v1_choice_60__choice_0.title,Слезть с койки,
episode6.nodes.e6_wake_1_v1_choice_60__choice_1.data.text,Осмотреться,
episode6.nodes.e6_wake_1_v1_choice_60__choice_1.title,Осмотреться,
episode6.nodes.e6_wake_2_v2.data.blocks.0.text,"Полумрак камеры скрадывал силуэты сидящих людей, лишь поблескивающие красные угольки служили негласной границей. Границей, отделяющей новый жесткий мир от остатков старого, слабого. Люди не способны быть честными даже с самими собой, что уж и говорить о чем-то большем. Джек обреченно откинулся назад — остатки запекшейся крови отказывались стираться с его дрожащих мелким тремором рук.",
episode6.nodes.e6_wake_2_v2.data.text,"Полумрак камеры скрадывал силуэты сидящих людей, лишь поблескивающие красные угольки служили негласной границей. Границей, отделяющей новый жесткий мир от остатков старого, слабого. Люди не способны быть честными даже с самими собой, что уж и говорить о чем-то большем. Джек обреченно откинулся назад — остатки запекшейся крови отказывались стираться с его дрожащих мелким тремором рук.",
episode6.nodes.e6_wake_2_v2.title,WakeUpNoLeg frame 2; type 2,
episode6.nodes.e6_wake_2_v2__choice_0.data.text,Далее,
episode6.nodes.e6_wake_2_v2__choice_0.title,Далее,
episode6.nodes.e6_wake_2_v3.data.blocks.0.text,"Вязкий туман в голове постепенно рассеивался, давая Джеку возможность получше рассмотреть место своего заточения. Широкие прутья, высокий выщербленный потолок — мужчина поймал себя на мысли, что совершенно не помнит, как здесь очутился. Камера была другой. К тому же в этот раз он был отнюдь не одинок: стоило Джеку приподняться, как прямо напротив блеснули два багровых уголька-глаза.",
episode6.nodes.e6_wake_2_v3.data.text,"Вязкий туман в голове постепенно рассеивался, давая Джеку возможность получше рассмотреть место своего заточения. Широкие прутья, высокий выщербленный потолок — мужчина поймал себя на мысли, что совершенно не помнит, как здесь очутился. Камера была другой. К тому же в этот раз он был отнюдь не одинок: стоило Джеку приподняться, как прямо напротив блеснули два багровых уголька-глаза.",
episode6.nodes.e6_wake_2_v3.title,WakeUpNoLeg frame 2; type 3,
episode6.nodes.e6_wake_2_v3__choice_0.data.text,Далее,
episode6.nodes.e6_wake_2_v3__choice_0.title,Далее,
episode6.nodes.e6_wake_2_v5.data.blocks.0.text,"Страх и паника постепенно уступали место здравому смыслу. Что они, мать его, делают? Далекие выстрелы звучали все реже, что могло означать одно из двух: либо военные дожали тех психов, либо... Впрочем, об этом Джек предпочитал пока не думать. В любом случае помогать старику никто не спешил. В этот момент длинная очередь пресекла все вопросы и споры. Под бездыханным телом их лидера стремительно растекалась багряно- маслянистая лужа.",
episode6.nodes.e6_wake_2_v5.data.text,"Страх и паника постепенно уступали место здравому смыслу. Что они, мать его, делают? Далекие выстрелы звучали все реже, что могло означать одно из двух: либо военные дожали тех психов, либо... Впрочем, об этом Джек предпочитал пока не думать. В любом случае помогать старику никто не спешил. В этот момент длинная очередь пресекла все вопросы и споры. Под бездыханным телом их лидера стремительно растекалась багряно- маслянистая лужа.",
episode6.nodes.e6_wake_2_v5.title,WakeUpNoLeg frame 2; type 5,
episode6.nodes.e6_wake_2_v5__choice_0.data.text,Далее,
episode6.nodes.e6_wake_2_v5__choice_0.title,Далее,
episode6.nodes.e6_wake_2_v6.data.blocks.0.text,"Притащивший его сюда ранее боец вскинул винтовку и сделал это нарочито агрессивно и нервно. Сам Джек сопротивляться был уже не в состоянии: зажатый в тисках собственного выходящего из-под контроля тела он мог лишь тихо хрипеть от напряжения и заливающей тлеющее сознание боли. В конце концов темнота отступила, позволив мужчине приподнять перетянутую кое-как бинтом голову. Широкие прутья, высокий выщербленный потолок — Джек поймал себя на мысли, что совершенно не помнит, как здесь очутился.",
episode6.nodes.e6_wake_2_v6.data.text,"Притащивший его сюда ранее боец вскинул винтовку и сделал это нарочито агрессивно и нервно. Сам Джек сопротивляться был уже не в состоянии: зажатый в тисках собственного выходящего из-под контроля тела он мог лишь тихо хрипеть от напряжения и заливающей тлеющее сознание боли. В конце концов темнота отступила, позволив мужчине приподнять перетянутую кое-как бинтом голову. Широкие прутья, высокий выщербленный потолок — Джек поймал себя на мысли, что совершенно не помнит, как здесь очутился.",
episode6.nodes.e6_wake_2_v6.title,WakeUpNoLeg frame 2; type 6,
episode6.nodes.e6_wake_2_v6__choice_0.data.text,Далее,
episode6.nodes.e6_wake_2_v6__choice_0.title,Далее,
episode6.nodes.e6_wake_3_v2.data.blocks.0.text,"Неизвестность и время дополняли друг друга в жестокий инструмент помешательства. «Сколько он здесь? Что теперь будет дальше?» — вопросы непрерывным потоком возникали в воспаленном сознании Джека, раз за разом оставаясь без ответа. Погруженный в свои мысли, мужчина задремал. Крики, выстрелы... Какофония вокруг сперва была принята за продолжение безумного сна. Но реальность оказалась даже хуже.",
episode6.nodes.e6_wake_3_v2.data.text,"Неизвестность и время дополняли друг друга в жестокий инструмент помешательства. «Сколько он здесь? Что теперь будет дальше?» — вопросы непрерывным потоком возникали в воспаленном сознании Джека, раз за разом оставаясь без ответа. Погруженный в свои мысли, мужчина задремал. Крики, выстрелы... Какофония вокруг сперва была принята за продолжение безумного сна. Но реальность оказалась даже хуже.",
episode6.nodes.e6_wake_3_v2.title,WakeUpNoLeg frame 3; type 2,
episode6.nodes.e6_wake_3_v2__choice_0.data.text,Далее,
episode6.nodes.e6_wake_3_v2__choice_0.title,Далее,
episode6.nodes.e6_wake_3_v2_choice_65.data.text,"Его одиночная камера оказалась приоткрыта. Снаружи то и дело мелькали сгорбленные силуэты, раздавалась отчаянная пальба, с трудом перекрывающая стоящую вокруг какофонию. И тут Джек заметил его. В остекленевших глазах молодого военного читались ужас и страх, однако зачерствевшего за время скитаний мужчину привлекло другое. Пистолет.",
episode6.nodes.e6_wake_3_v2_choice_65.title,NewItem(65),
episode6.nodes.e6_wake_3_v2_choice_65__choice_0.data.text,Броситься к оружию,
episode6.nodes.e6_wake_3_v2_choice_65__choice_0.title,Броситься к оружию,
episode6.nodes.e6_wake_3_v2_choice_65__choice_1.data.text,Сидеть на месте,
episode6.nodes.e6_wake_3_v2_choice_65__choice_1.title,Сидеть на месте,
episode6.nodes.e6_wake_3_v2_choice_65__choice_2.data.text,Закрыться изнутри,
episode6.nodes.e6_wake_3_v2_choice_65__choice_2.title,Закрыться изнутри,
episode6.nodes.e6_wake_3_v3.data.blocks.0.text,"Неизвестность и время дополняли друг друга в жестокий инструмент помешательства. «Сколько он здесь? Что будет дальше? Что вообще, бблять, происходит?» — вопросы непрерывным потоком возникали в воспаленном сознании Джека, раз за разом оставаясь без ответа. О темных сгорбившихся силуэтах людей напротив он предпочитал не думать. Не думать. Не смотреть. Не слышать пробирающего хриплого сипения... «ОБЕД! Встаем по стенам! Руки держ...» — только сейчас Джек внезапно вспомнил, насколько голоден.",
episode6.nodes.e6_wake_3_v3.data.text,"Неизвестность и время дополняли друг друга в жестокий инструмент помешательства. «Сколько он здесь? Что будет дальше? Что вообще, бблять, происходит?» — вопросы непрерывным потоком возникали в воспаленном сознании Джека, раз за разом оставаясь без ответа. О темных сгорбившихся силуэтах людей напротив он предпочитал не думать. Не думать. Не смотреть. Не слышать пробирающего хриплого сипения... «ОБЕД! Встаем по стенам! Руки держ...» — только сейчас Джек внезапно вспомнил, насколько голоден.",
episode6.nodes.e6_wake_3_v3.title,WakeUpNoLeg frame 3; type 3,
episode6.nodes.e6_wake_3_v3__choice_0.data.text,Далее,
episode6.nodes.e6_wake_3_v3__choice_0.title,Далее,
episode6.nodes.e6_wake_3_v5.data.blocks.0.text,"Неизвестность и время дополняли друг друга в жестокий инструмент помешательства. «Сколько он здесь? Что будет дальше? Что вообще, бблять, происходит?» — вопросы непрерывным потоком возникали в воспаленном сознании Джека, раз за разом оставаясь без ответа. О темных сгорбившихся силуэтах людей напротив он предпочитал не думать. Не думать. Не смотреть. Не слышать пробирающего хриплого сипения... «ОБЕД! Встаем по стенам! Руки держ...» — только сейчас Джек внезапно вспомнил, насколько голоден.",
episode6.nodes.e6_wake_3_v5.data.text,"Неизвестность и время дополняли друг друга в жестокий инструмент помешательства. «Сколько он здесь? Что будет дальше? Что вообще, бблять, происходит?» — вопросы непрерывным потоком возникали в воспаленном сознании Джека, раз за разом оставаясь без ответа. О темных сгорбившихся силуэтах людей напротив он предпочитал не думать. Не думать. Не смотреть. Не слышать пробирающего хриплого сипения... «ОБЕД! Встаем по стенам! Руки держ...» — только сейчас Джек внезапно вспомнил, насколько голоден.",
episode6.nodes.e6_wake_3_v5.title,WakeUpNoLeg frame 3; type 5,
episode6.nodes.e6_wake_3_v5__choice_0.data.text,Далее,
episode6.nodes.e6_wake_3_v5__choice_0.title,Далее,
episode6.nodes.e6_wake_3_v5_choice_64.data.text,"Пожалуй, это были самые восхитительные макароны с мясом в его жизни. Хотя был ли Джек непредвзят... На фоне слегка потеплевшей атмосферы то тут, то там начали слышаться тихие переговоры. «Черт, ну на хрена так чавкать?!» — в какой-то момент Джек осознал, что его подзадолбали смачные причмокивания из угла камеры.",
episode6.nodes.e6_wake_3_v5_choice_64.title,NewItem(64),
episode6.nodes.e6_wake_3_v5_choice_64__choice_0.data.text,Одернуть сокамерника,
episode6.nodes.e6_wake_3_v5_choice_64__choice_0.title,Одернуть сокамерника,
episode6.nodes.e6_wake_3_v5_choice_64__choice_1.data.text,Промолчать,
episode6.nodes.e6_wake_3_v5_choice_64__choice_1.title,Промолчать,
episode6.nodes.e6_wake_3_v6.data.blocks.0.text,"Неизвестность и время дополняли друг друга в жестокий инструмент помешательства. «Сколько он здесь? Что теперь будет дальше?» — вопросы непрерывным потоком возникали в воспаленном сознании Джека, раз за разом оставаясь без ответа. Погруженный в свои мысли, мужчина задремал. Крики, выстрелы... Какофония вокруг сперва была принята за продолжение безумного сна. Но реальность оказалась даже хуже.",
episode6.nodes.e6_wake_3_v6.data.text,"Неизвестность и время дополняли друг друга в жестокий инструмент помешательства. «Сколько он здесь? Что теперь будет дальше?» — вопросы непрерывным потоком возникали в воспаленном сознании Джека, раз за разом оставаясь без ответа. Погруженный в свои мысли, мужчина задремал. Крики, выстрелы... Какофония вокруг сперва была принята за продолжение безумного сна. Но реальность оказалась даже хуже.",
episode6.nodes.e6_wake_3_v6.title,WakeUpNoLeg frame 3; type 6,
episode6.nodes.e6_wake_3_v6__choice_0.data.text,Далее,
episode6.nodes.e6_wake_3_v6__choice_0.title,Далее,
episode6.nodes.e6_wake_3_v6_choice_65.data.text,"Его одиночная камера оказалась приоткрыта. Снаружи то и дело мелькали сгорбленные силуэты, раздавалась отчаянная пальба, с трудом перекрывающая стоящую вокруг какофонию. И тут Джек заметил его. В остекленевших глазах молодого военного читались ужас и страх, однако зачерствевшего за время скитаний мужчину привлекло другое. Пистолет.",
episode6.nodes.e6_wake_3_v6_choice_65.title,NewItem(65),
episode6.nodes.e6_wake_3_v6_choice_65__choice_0.data.text,Броситься к оружию,
episode6.nodes.e6_wake_3_v6_choice_65__choice_0.title,Броситься к оружию,
episode6.nodes.e6_wake_3_v6_choice_65__choice_1.data.text,Сидеть на месте,
episode6.nodes.e6_wake_3_v6_choice_65__choice_1.title,Сидеть на месте,
episode6.nodes.e6_wake_3_v6_choice_65__choice_2.data.text,Закрыться изнутри,
episode6.nodes.e6_wake_3_v6_choice_65__choice_2.title,Закрыться изнутри,
episode6.nodes.e6_wake_4_v3.data.blocks.0.text,"Пожалуй, это были самые восхитительные макароны с мясом в его жизни. Хотя был ли Джек непредвзят... Все же хрустящая на зубах время от времени соль (или что это вообще было?) заставляла его поморщиться. Темные силуэты постепенно перестали казаться Джеку враждебными, совершенно чудесным образом превратившись в обычных людей, таких же выживших, как и он сам. Более того, на фоне потеплевшей атмосферы то тут, то там начали слышаться тихие разговоры. Все возвращалось на круги своя.",
episode6.nodes.e6_wake_4_v3.data.text,"Пожалуй, это были самые восхитительные макароны с мясом в его жизни. Хотя был ли Джек непредвзят... Все же хрустящая на зубах время от времени соль (или что это вообще было?) заставляла его поморщиться. Темные силуэты постепенно перестали казаться Джеку враждебными, совершенно чудесным образом превратившись в обычных людей, таких же выживших, как и он сам. Более того, на фоне потеплевшей атмосферы то тут, то там начали слышаться тихие разговоры. Все возвращалось на круги своя.",
episode6.nodes.e6_wake_4_v3.title,WakeUpNoLeg frame 4; type 3,
episode6.nodes.e6_wake_4_v3__choice_0.data.text,Далее,
episode6.nodes.e6_wake_4_v3__choice_0.title,Далее,
episode6.nodes.e6_wake_4_v5.data.blocks.0.text,"Мужчина уже вовсю горел желанием заткнуть бестактную свинью, когда по камере разлетелся басовитый рык: «А потише жрать никак нельзя?» Всего одной фразы хватило, чтобы разжечь из вялотекущей трапезы перепалку на повышенных тонах. И Джек совсем не прочь был перевести ее в линчевание. Стоп. Что за... О чем он вообще? Какое такое линчивание? Мужчина в недоумении протер раскрасневшиеся глаза.",
episode6.nodes.e6_wake_4_v5.data.text,"Мужчина уже вовсю горел желанием заткнуть бестактную свинью, когда по камере разлетелся басовитый рык: «А потише жрать никак нельзя?» Всего одной фразы хватило, чтобы разжечь из вялотекущей трапезы перепалку на повышенных тонах. И Джек совсем не прочь был перевести ее в линчевание. Стоп. Что за... О чем он вообще? Какое такое линчивание? Мужчина в недоумении протер раскрасневшиеся глаза.",
episode6.nodes.e6_wake_4_v5.title,WakeUpNoLeg frame 4; type 5,
episode6.nodes.e6_wake_4_v5__choice_0.data.text,Далее,
episode6.nodes.e6_wake_4_v5__choice_0.title,Далее,
episode6.nodes.e6_wake_5_v6.data.blocks.0.text,"Дотянуться до вожделенного Глока и одновременно остаться незамеченным казалось все более невыполнимой задачей. Шаг. Еще один. Где-то за стеной истошно верещала женщина, заставляя Джека раз за разом вздрагивать в холодном поту. Ужасная, ужаснейшая затея. Мужчина затаил дыхание, прислушался к хаосу снаружи. Нет, лучшего момента уже не будет, пора. Очертя голову он бросился к оружию.",
episode6.nodes.e6_wake_5_v6.data.text,"Дотянуться до вожделенного Глока и одновременно остаться незамеченным казалось все более невыполнимой задачей. Шаг. Еще один. Где-то за стеной истошно верещала женщина, заставляя Джека раз за разом вздрагивать в холодном поту. Ужасная, ужаснейшая затея. Мужчина затаил дыхание, прислушался к хаосу снаружи. Нет, лучшего момента уже не будет, пора. Очертя голову он бросился к оружию.",
episode6.nodes.e6_wake_5_v6.title,WakeUpNoLeg frame 5; type 6,
episode6.nodes.e6_wake_5_v6__choice_0.data.text,Далее,
episode6.nodes.e6_wake_5_v6__choice_0.title,Далее,
episode6.nodes.e6_wake_6_v6.data.blocks.0.text,"Часть клеток все еще была закрыта, оттуда за Джеком немигающими, полными злобы и ненависти взглядами наблюдали зараженные. Кунсткамера чертова... Стараясь не смотреть на обезображенный труп владельца, мужчина нервными торопливыми движениями вырвал пистолет, проверил скудный боезапас. Осознание надвигающейся угрозы пришло с запозданием: Джек резко вскочил, вскинул Глок — напротив него, мерно, сомнамбулически покачиваясь, стояла девушка.",
episode6.nodes.e6_wake_6_v6.data.text,"Часть клеток все еще была закрыта, оттуда за Джеком немигающими, полными злобы и ненависти взглядами наблюдали зараженные. Кунсткамера чертова... Стараясь не смотреть на обезображенный труп владельца, мужчина нервными торопливыми движениями вырвал пистолет, проверил скудный боезапас. Осознание надвигающейся угрозы пришло с запозданием: Джек резко вскочил, вскинул Глок — напротив него, мерно, сомнамбулически покачиваясь, стояла девушка.",
episode6.nodes.e6_wake_6_v6.title,WakeUpNoLeg frame 6; type 6,
episode6.nodes.e6_wake_6_v6__choice_0.data.text,Далее,
episode6.nodes.e6_wake_6_v6__choice_0.title,Далее,
episode6.nodes.e6_wake_7_v6.title,WakeUpNoLeg frame 7; type 6,
episode6.nodes.e6_wake_7_v6__choice_0.data.text,Успеть,
episode6.nodes.e6_wake_7_v6__choice_0.title,Успеть,
episode6.nodes.e6_wake_7_v6__choice_1.data.text,Не успеть,
episode6.nodes.e6_wake_7_v6__choice_1.title,Не успеть,
episode6.nodes.e6_wake_8_v6.data.blocks.0.text,"Палец судорожно наглаживал спусковой крючок: «Подойди. Давай, еще шаг, сука». Однако, как Джек себя ни накручивал, уверенность капля за каплей утекала, уступала место поглощающему бессилию. Он был не способен, но... что его останавливало? И тут в безумных глазах девушки что-то неуловимо изменилось, как по щелчку пальцев. Щелк — и в двух метрах от Джека, в круге истошно мигающего света стоит обычный человек. Обычный, до смерти напуганный человек.",
episode6.nodes.e6_wake_8_v6.data.text,"Палец судорожно наглаживал спусковой крючок: «Подойди. Давай, еще шаг, сука». Однако, как Джек себя ни накручивал, уверенность капля за каплей утекала, уступала место поглощающему бессилию. Он был не способен, но... что его останавливало? И тут в безумных глазах девушки что-то неуловимо изменилось, как по щелчку пальцев. Щелк — и в двух метрах от Джека, в круге истошно мигающего света стоит обычный человек. Обычный, до смерти напуганный человек.",
episode6.nodes.e6_wake_8_v6.title,WakeUpNoLeg frame 8; type 6,
episode6.nodes.e6_wake_8_v6__choice_0.data.text,Далее,
episode6.nodes.e6_wake_8_v6__choice_0.title,Далее,
episode6.nodes.e6_wake_9_v3.data.blocks.0.text,"Безмолвный ряд застывших в BSODе машин заливал помещение мертвенно-бледным синеватым свечением. Джек медленно даже не шел, летел сквозь этот сумрачный компьютерный склеп, все больше узнавая, примечая давно известные ему мелочи. Афиша группы Green Day (да, тот концерт вообще забыть было сложно), уже лет сто не поливаемый фикус на комоде, порядком износившийся, покрытый глубокими трещинками паркет — подобно пришельцам из прошлого возникали в голове воспоминания.",
episode6.nodes.e6_wake_9_v3.data.text,"Безмолвный ряд застывших в BSODе машин заливал помещение мертвенно-бледным синеватым свечением. Джек медленно даже не шел, летел сквозь этот сумрачный компьютерный склеп, все больше узнавая, примечая давно известные ему мелочи. Афиша группы Green Day (да, тот концерт вообще забыть было сложно), уже лет сто не поливаемый фикус на комоде, порядком износившийся, покрытый глубокими трещинками паркет — подобно пришельцам из прошлого возникали в голове воспоминания.",
episode6.nodes.e6_wake_9_v3.title,WakeUpNoLeg frame 9; type 3,
episode6.nodes.e6_wake_9_v3__choice_0.data.text,Далее,
episode6.nodes.e6_wake_9_v3__choice_0.title,Далее,
episode6.nodes.e6_wake_9_v3_choice_68.data.text,"Один за одним проплывали мимо электронные «зомби», глазами-мониторами безразлично взирающие на Джека из своего потустороннего электронного мира. Он узнал это место. Даже несмотря на вязкий полумрак вокруг — узнал. Взгляд зацепился за что-то в углу помещения: один из компьютеров, кажется, был еще жив.",
episode6.nodes.e6_wake_9_v3_choice_68.title,NewItem(68),
episode6.nodes.e6_wake_9_v3_choice_68__choice_0.data.text,Проверить выжившего,
episode6.nodes.e6_wake_9_v3_choice_68__choice_0.title,Проверить выжившего,
episode6.nodes.e6_wake_9_v3_choice_68__choice_1.data.text,Двигаться дальше,
episode6.nodes.e6_wake_9_v3_choice_68__choice_1.title,Двигаться дальше,
episode6.title,VI. Рассвет,
