key,ru,en
episode5.description,"Тучи сгущаются над спящим Нью-Тауном, и бегство — лучший выход. Но от некоторых проблем не скрыться.",
episode5.nodes.e5_dialogue_lex_0.data.speaker,Лекс Лембиков,
episode5.nodes.e5_dialogue_lex_0.data.text,"Стойте, где стоите, мисс, слышите? Поднимите руки, чтобы я их видел!",
episode5.nodes.e5_dialogue_lex_0.title,DialogMov(5) DlgArr[0],
episode5.nodes.e5_dialogue_lex_0__choice_0.data.text,(Следовать указаниям).,
episode5.nodes.e5_dialogue_lex_0__choice_0.title,(Следовать указаниям).,
episode5.nodes.e5_dialogue_lex_0__choice_1.data.text,"Это какое-то сумасшествие! Я... Я еле сюда добралась, сэр!",
episode5.nodes.e5_dialogue_lex_0__choice_1.title,"Это какое-то сумасшествие! Я... Я еле сюда добралась, сэр!",
episode5.nodes.e5_dialogue_lex_0__choice_2.data.text,"(Указать в сторону лестницы) Там кто-то есть, сэр, я слышала!",
episode5.nodes.e5_dialogue_lex_0__choice_2.title,"(Указать в сторону лестницы) Там кто-то есть, сэр, я слышала!",
episode5.nodes.e5_dialogue_lex_1.data.speaker,Лекс Лембиков,
episode5.nodes.e5_dialogue_lex_1.data.text,(Пилот водил стволом из стороны в сторону в поисках угрозы). Здесь еще кто-нибудь есть?,
episode5.nodes.e5_dialogue_lex_1.title,DialogMov(5) DlgArr[1],
episode5.nodes.e5_dialogue_lex_10.data.speaker,Лекс Лембиков,
episode5.nodes.e5_dialogue_lex_10.data.text,(Лекс немного расслабился). Отлично. О каких тварях велась речь? Что там происходит?,
episode5.nodes.e5_dialogue_lex_10.title,DialogMov(5) DlgArr[10],
episode5.nodes.e5_dialogue_lex_100.data.speaker,Лекс Лембиков,
episode5.nodes.e5_dialogue_lex_100.data.text,"Если честно, то цифра сказала мне меньше, чем я планировал, к сожалению. (Пилот невесело усмехнулся). Вирус, вирус... Что за гребанный цирк?! Мы не в компьютерной игре! Так, вот что. Ты оставайся здесь. Если уж к этому моменту здесь никто не появился, то шансов не склеить ласты тут явно побольше, чем снизу. А я должен помочь своим. Блядский цирк... (С этими словами Лекс направился к лестнице).",
episode5.nodes.e5_dialogue_lex_100.title,DialogMov(5) DlgArr[100],
episode5.nodes.e5_dialogue_lex_100__choice_0.data.text,(Промолчать).,
episode5.nodes.e5_dialogue_lex_100__choice_0.title,(Промолчать).,
episode5.nodes.e5_dialogue_lex_100__choice_1.data.text,(Последовать за пилотом).,
episode5.nodes.e5_dialogue_lex_100__choice_1.title,(Последовать за пилотом).,
episode5.nodes.e5_dialogue_lex_101.data.speaker,Лекс Лембиков,
episode5.nodes.e5_dialogue_lex_101.data.text,"Зараза... Ладно, выбора у меня все равно нет, людям помощь нужна. Вирус, вирус... Что за гребанный цирк?! Мы не в компьютерной игре! Так, вот что. Ты оставайся здесь. Если уж к этому моменту здесь никто не появился, то шансов не склеить ласты тут явно побольше, чем снизу. А я должен помочь своим. Блядский цирк... (С этими словами Лекс направился к лестнице).",
episode5.nodes.e5_dialogue_lex_101.title,DialogMov(5) DlgArr[101],
episode5.nodes.e5_dialogue_lex_101__choice_0.data.text,(Промолчать).,
episode5.nodes.e5_dialogue_lex_101__choice_0.title,(Промолчать).,
episode5.nodes.e5_dialogue_lex_101__choice_1.data.text,(Последовать за пилотом).,
episode5.nodes.e5_dialogue_lex_101__choice_1.title,(Последовать за пилотом).,
episode5.nodes.e5_dialogue_lex_10__choice_0.data.text,"Не знаю я. Все было спокойно, но в один момент наступил какой-то пиздец!",
episode5.nodes.e5_dialogue_lex_10__choice_0.title,"Не знаю я. Все было спокойно, но в один момент наступил какой-то пиздец!",
episode5.nodes.e5_dialogue_lex_10__choice_1.data.text,"Что-то произошло в бизнес-классе, там, внизу. Как раз оттуда все началось.",
episode5.nodes.e5_dialogue_lex_10__choice_1.title,"Что-то произошло в бизнес-классе, там, внизу. Как раз оттуда все началось.",
episode5.nodes.e5_dialogue_lex_10__choice_2.data.text,"Какое-то заражение, вирус, не знаю. Люди будто с ума сходят там!",
episode5.nodes.e5_dialogue_lex_10__choice_2.title,"Какое-то заражение, вирус, не знаю. Люди будто с ума сходят там!",
episode5.nodes.e5_dialogue_lex_10__choice_2__route_0.title,Условный переход,
episode5.nodes.e5_dialogue_lex_10__variant_0.data.patch.choices.0.text,"Не знаю я. Все было спокойно, но в один момент наступил какой-то пиздец!",
episode5.nodes.e5_dialogue_lex_10__variant_0.data.patch.choices.1.text,"Что-то произошло в бизнес-классе, там, внизу. Как раз оттуда все началось.",
episode5.nodes.e5_dialogue_lex_10__variant_0.data.patch.choices.2.text,"Это какой-то лабораторный вирус, я нашла здесь документы о нем.",
episode5.nodes.e5_dialogue_lex_10__variant_0.title,Вариант сцены,
episode5.nodes.e5_dialogue_lex_15.data.speaker,Лекс Лембиков,
episode5.nodes.e5_dialogue_lex_15.data.text,"(Было видно, что ему и самому по душе такая идея). Хорошо, пошли. Держись за спиной только и не отсвечивай сильно... Как тебя зовут?",
episode5.nodes.e5_dialogue_lex_15.title,DialogMov(5) DlgArr[15],
episode5.nodes.e5_dialogue_lex_15__choice_0.data.text,(Слабо улыбнувшись). Алиса. Спасибо вам... тебе большое!,
episode5.nodes.e5_dialogue_lex_15__choice_0.title,(Слабо улыбнувшись). Алиса. Спасибо вам... тебе большое!,
episode5.nodes.e5_dialogue_lex_16.data.speaker,Лекс Лембиков,
episode5.nodes.e5_dialogue_lex_16.data.text,"Прискорбно, мисс. Много их хоть? Кейт сказала, что пассажиры забаррикадировались в хвосте, но времени у них мало, твари в конце концов их продавят.",
episode5.nodes.e5_dialogue_lex_16.title,DialogMov(5) DlgArr[16],
episode5.nodes.e5_dialogue_lex_16__choice_0.data.text,"Я точно не помню, но... Сейчас... Не меньше пяти‒семи их где-то.",
episode5.nodes.e5_dialogue_lex_16__choice_0.title,"Я точно не помню, но... Сейчас... Не меньше пяти‒семи их где-то.",
episode5.nodes.e5_dialogue_lex_16__choice_1.data.text,Да они там повсюду были! Я еле успела сбежать от них!,
episode5.nodes.e5_dialogue_lex_16__choice_1.title,Да они там повсюду были! Я еле успела сбежать от них!,
episode5.nodes.e5_dialogue_lex_16__choice_2.data.text,В хвосте? И вы будете пробиваться туда? Один?,
episode5.nodes.e5_dialogue_lex_16__choice_2.title,В хвосте? И вы будете пробиваться туда? Один?,
episode5.nodes.e5_dialogue_lex_17.data.speaker,Лекс Лембиков,
episode5.nodes.e5_dialogue_lex_17.data.text,"В бизнес-классе, значится... Значит сначала нужно туда заглянуть, а уже потом в хвост. (Мужчина вслух прикидывал детали предстоящей самоубийстенной операции). Вы останетесь здесь?",
episode5.nodes.e5_dialogue_lex_17.title,DialogMov(5) DlgArr[17],
episode5.nodes.e5_dialogue_lex_17__choice_0.data.text,"Да, мне будет здесь спокойнее. Будьте осторожны.",
episode5.nodes.e5_dialogue_lex_17__choice_0.title,"Да, мне будет здесь спокойнее. Будьте осторожны.",
episode5.nodes.e5_dialogue_lex_17__choice_1.data.text,"Лекс, это безумие! Вы не перебьете всех тварей в одиночку!",
episode5.nodes.e5_dialogue_lex_17__choice_1.title,"Лекс, это безумие! Вы не перебьете всех тварей в одиночку!",
episode5.nodes.e5_dialogue_lex_17__choice_2.data.text,Есть еще варианты?,
episode5.nodes.e5_dialogue_lex_17__choice_2.title,Есть еще варианты?,
episode5.nodes.e5_dialogue_lex_18.data.speaker,Лекс Лембиков,
episode5.nodes.e5_dialogue_lex_18.data.text,"Вирус, твари... Бред какой-то, черт побери! Много их там? Тварей этих.",
episode5.nodes.e5_dialogue_lex_18.title,DialogMov(5) DlgArr[18],
episode5.nodes.e5_dialogue_lex_18__choice_0.data.text,"Я точно не помню, но... Сейчас... Не меньше пяти‒семи их где-то.",
episode5.nodes.e5_dialogue_lex_18__choice_0.title,"Я точно не помню, но... Сейчас... Не меньше пяти‒семи их где-то.",
episode5.nodes.e5_dialogue_lex_18__choice_1.data.text,Да они там повсюду были! Я еле успела сбежать от них!,
episode5.nodes.e5_dialogue_lex_18__choice_1.title,Да они там повсюду были! Я еле успела сбежать от них!,
episode5.nodes.e5_dialogue_lex_1__choice_0.data.text,"Нет, сэр. Мне одной удалось добраться.",
episode5.nodes.e5_dialogue_lex_1__choice_0.title,"Нет, сэр. Мне одной удалось добраться.",
episode5.nodes.e5_dialogue_lex_1__choice_1.data.text,"(Возбужденным шепотом). Я одна, да, но я слышала скрип на лестнице!",
episode5.nodes.e5_dialogue_lex_1__choice_1.title,"(Возбужденным шепотом). Я одна, да, но я слышала скрип на лестнице!",
episode5.nodes.e5_dialogue_lex_2.data.speaker,Лекс Лембиков,
episode5.nodes.e5_dialogue_lex_2.data.text,Здесь еще кто-нибудь есть? Мы видели двух человек на этой палубе.,
episode5.nodes.e5_dialogue_lex_2.title,DialogMov(5) DlgArr[2],
episode5.nodes.e5_dialogue_lex_242.data.speaker,Лекс Лембиков,
episode5.nodes.e5_dialogue_lex_242.data.text,"А у меня есть выбор? Вы слышите? Слышите? (В этот момент с нижней палубы раздался особенно громкий вскрик). Я постараюсь пробиться к хвосту, а вы оставайтесь здесь, вернее, там — у лестницы и дайте мне знак, если какая-то из тварей попытается зайти мне в спину. Все поняла?",
episode5.nodes.e5_dialogue_lex_242.title,DialogMov(5) DlgArr[242],
episode5.nodes.e5_dialogue_lex_242__choice_0.data.text,"Да, да, все понятно. Будьте осторожны, Лекс.",
episode5.nodes.e5_dialogue_lex_242__choice_0.title,"Да, да, все понятно. Будьте осторожны, Лекс.",
episode5.nodes.e5_dialogue_lex_243.data.speaker,Лекс Лембиков,
episode5.nodes.e5_dialogue_lex_243.data.text,"Варианты? О чем вы вообще? Вы слышите? Слышите? (В этот момент с нижней палубы раздался особенно громкий вскрик). Я постараюсь пробиться к хвосту, а вы оставайтесь здесь, вернее, там — у лестницы и дайте мне знак, если какая-то из тварей попытается зайти мне в спину. Вы будете в относительной безопасности, но сможете мне помочь. Все понятно?",
episode5.nodes.e5_dialogue_lex_243.title,DialogMov(5) DlgArr[243],
episode5.nodes.e5_dialogue_lex_243__choice_0.data.text,"Да, хорошо, поняла!",
episode5.nodes.e5_dialogue_lex_243__choice_0.title,"Да, хорошо, поняла!",
episode5.nodes.e5_dialogue_lex_25.data.speaker,Лекс Лембиков,
episode5.nodes.e5_dialogue_lex_25.data.text,"Ладно, разберемся... Мы уже идем на экстренную посадку, однако пассажирам нужно до нее еще дожить. (С этими словами пилот медленно направился к лестнице).",
episode5.nodes.e5_dialogue_lex_25.title,DialogMov(5) DlgArr[25],
episode5.nodes.e5_dialogue_lex_25__choice_0.data.text,Стойте! Вы собираетесь идти вниз один? Это же безумие!,
episode5.nodes.e5_dialogue_lex_25__choice_0.title,Стойте! Вы собираетесь идти вниз один? Это же безумие!,
episode5.nodes.e5_dialogue_lex_25__choice_1.data.text,(Ничего не предпринимать).,
episode5.nodes.e5_dialogue_lex_25__choice_1.title,(Ничего не предпринимать).,
episode5.nodes.e5_dialogue_lex_26.data.speaker,Лекс Лембиков,
episode5.nodes.e5_dialogue_lex_26.data.text,(Мужчина грязно выругался). Этот мужик неплохо спонсировал нашу авиакомпанию. Хотя сволочью был редкостной... Что там происходит вообще внизу?,
episode5.nodes.e5_dialogue_lex_26.title,DialogMov(5) DlgArr[26],
episode5.nodes.e5_dialogue_lex_26__choice_0.data.text,Пиздец там. Люди сошли с ума и жрут других людей. Если вкратце.,
episode5.nodes.e5_dialogue_lex_26__choice_0.title,Пиздец там. Люди сошли с ума и жрут других людей. Если вкратце.,
episode5.nodes.e5_dialogue_lex_26__choice_1.data.text,"Что-то произошло в бизнес-классе, там, внизу. Не знаю точно что.",
episode5.nodes.e5_dialogue_lex_26__choice_1.title,"Что-то произошло в бизнес-классе, там, внизу. Не знаю точно что.",
episode5.nodes.e5_dialogue_lex_26__choice_2.data.text,"Какое-то заражение, вирус, не знаю. Люди будто с ума сходят там!",
episode5.nodes.e5_dialogue_lex_26__choice_2.title,"Какое-то заражение, вирус, не знаю. Люди будто с ума сходят там!",
episode5.nodes.e5_dialogue_lex_26__choice_2__route_0.title,Условный переход,
episode5.nodes.e5_dialogue_lex_26__variant_0.data.patch.choices.0.text,Пиздец там. Люди сошли с ума и жрут других людей. Если вкратце.,
episode5.nodes.e5_dialogue_lex_26__variant_0.data.patch.choices.1.text,"Что-то произошло в бизнес-классе, там, внизу. Не знаю точно что.",
episode5.nodes.e5_dialogue_lex_26__variant_0.data.patch.choices.2.text,"Это какой-то лабораторный вирус, я нашла здесь документы о нем.",
episode5.nodes.e5_dialogue_lex_26__variant_0.title,Вариант сцены,
episode5.nodes.e5_dialogue_lex_2__choice_0.data.text,"Нет, сэр, здесь только я.",
episode5.nodes.e5_dialogue_lex_2__choice_0.title,"Нет, сэр, здесь только я.",
episode5.nodes.e5_dialogue_lex_2__choice_1.data.text,"Как это двух?! Я тут одна, но кто-то скрипел в районе лестницы!",
episode5.nodes.e5_dialogue_lex_2__choice_1.title,"Как это двух?! Я тут одна, но кто-то скрипел в районе лестницы!",
episode5.nodes.e5_dialogue_lex_3.data.speaker,Лекс Лембиков,
episode5.nodes.e5_dialogue_lex_3.data.text,"Руки. Поднимите. И не делайте резких движений, мисс.",
episode5.nodes.e5_dialogue_lex_3.title,DialogMov(5) DlgArr[3],
episode5.nodes.e5_dialogue_lex_31.data.speaker,Лекс Лембиков,
episode5.nodes.e5_dialogue_lex_31.data.text,"Держите себя в руках, мисс, и давайте поподробнее. (Мужчина время от времени косился в сторону лестницы). Хотя подождите... Расскажете все по пути, вы идете со мной. (С этими словами пилот перехватил поудобнее пистолет и направился к выходу).",
episode5.nodes.e5_dialogue_lex_31.title,DialogMov(5) DlgArr[31],
episode5.nodes.e5_dialogue_lex_31__choice_0.data.text,"Стоп, как это с вами? Я безоружна, куда мне вообще?",
episode5.nodes.e5_dialogue_lex_31__choice_0.title,"Стоп, как это с вами? Я безоружна, куда мне вообще?",
episode5.nodes.e5_dialogue_lex_31__choice_1.data.text,(Последовать за Лексом).,
episode5.nodes.e5_dialogue_lex_31__choice_1.title,(Последовать за Лексом).,
episode5.nodes.e5_dialogue_lex_32.data.speaker,Лекс Лембиков,
episode5.nodes.e5_dialogue_lex_32.data.text,"В бизнес-классе, значится... Значит сначала нужно туда заглянуть, а уже потом в хвост. (Мужчина вслух прикидывал детали предстоящей самоубийстенной операции). Вы останетесь здесь?",
episode5.nodes.e5_dialogue_lex_32.title,DialogMov(5) DlgArr[32],
episode5.nodes.e5_dialogue_lex_32__choice_0.data.text,"Да, мне будет здесь спокойнее. Будьте осторожны.",
episode5.nodes.e5_dialogue_lex_32__choice_0.title,"Да, мне будет здесь спокойнее. Будьте осторожны.",
episode5.nodes.e5_dialogue_lex_32__choice_1.data.text,"Лекс, это безумие! Вы не перебьете всех тварей в одиночку!",
episode5.nodes.e5_dialogue_lex_32__choice_1.title,"Лекс, это безумие! Вы не перебьете всех тварей в одиночку!",
episode5.nodes.e5_dialogue_lex_32__choice_2.data.text,Есть еще варианты?,
episode5.nodes.e5_dialogue_lex_32__choice_2.title,Есть еще варианты?,
episode5.nodes.e5_dialogue_lex_33.data.speaker,Лекс Лембиков,
episode5.nodes.e5_dialogue_lex_33.data.text,"Вирус, твари... Бред какой-то, черт побери! Много их там? Тварей этих.",
episode5.nodes.e5_dialogue_lex_33.title,DialogMov(5) DlgArr[33],
episode5.nodes.e5_dialogue_lex_33__choice_0.data.text,"Я точно не помню, но... Сейчас... Не меньше пяти‒семи их где-то.",
episode5.nodes.e5_dialogue_lex_33__choice_0.title,"Я точно не помню, но... Сейчас... Не меньше пяти‒семи их где-то.",
episode5.nodes.e5_dialogue_lex_33__choice_1.data.text,Да они там повсюду были! Я еле успела сбежать от них!,
episode5.nodes.e5_dialogue_lex_33__choice_1.title,Да они там повсюду были! Я еле успела сбежать от них!,
episode5.nodes.e5_dialogue_lex_3__choice_0.data.text,"(Сделать примирительный жест). Хорошо, хорошо, Лекс.",
episode5.nodes.e5_dialogue_lex_3__choice_0.title,"(Сделать примирительный жест). Хорошо, хорошо, Лекс.",
episode5.nodes.e5_dialogue_lex_3__choice_1.data.text,"Да какие, к черту, руки?! Нас сейчас порвут, пока вы ерундой занимаетесь!",
episode5.nodes.e5_dialogue_lex_3__choice_1.title,"Да какие, к черту, руки?! Нас сейчас порвут, пока вы ерундой занимаетесь!",
episode5.nodes.e5_dialogue_lex_4.data.speaker,Лекс Лембиков,
episode5.nodes.e5_dialogue_lex_4.data.text,"С вами все в порядке? Мне необходимо спуститься вниз, требуется моя помощь. Оставайтесь здесь, мисс.",
episode5.nodes.e5_dialogue_lex_4.title,DialogMov(5) DlgArr[4],
episode5.nodes.e5_dialogue_lex_49.data.speaker,Лекс Лембиков,
episode5.nodes.e5_dialogue_lex_49.data.text,"Если честно, то цифра сказала мне меньше, чем я планировал... (В этот момент с нижней палубы раздался особенно громкий вскрик, заставив Лекса резко стать серьезным). Так, вниз ни шагу, понятно, мисс? Ждите здесь. В случае чего, пароль от двери — {PilotCode}. Запомнили? Хорошо. Однако учтите, что дверь откроется лишь через 30 секунд после ввода этого пароля.",
episode5.nodes.e5_dialogue_lex_49.title,DialogMov(5) DlgArr[49],
episode5.nodes.e5_dialogue_lex_49__choice_0.data.text,"Поняла, сэр, да. Так, {PilotCodeSpaced}.",
episode5.nodes.e5_dialogue_lex_49__choice_0.title,"Поняла, сэр, да. Так, {PilotCodeSpaced}.",
episode5.nodes.e5_dialogue_lex_49__choice_0__effects.title,Последствия выбора,
episode5.nodes.e5_dialogue_lex_4__choice_0.data.text,"Сэр, там опасно, вам не стоит туда идти!",
episode5.nodes.e5_dialogue_lex_4__choice_0.title,"Сэр, там опасно, вам не стоит туда идти!",
episode5.nodes.e5_dialogue_lex_4__choice_1.data.text,"Хорошо, сэр. Будьте осторожны.",
episode5.nodes.e5_dialogue_lex_4__choice_1.title,"Хорошо, сэр. Будьте осторожны.",
episode5.nodes.e5_dialogue_lex_4__choice_2.data.text,Могу ли я пойти с вами? Одному вам там не справиться!,
episode5.nodes.e5_dialogue_lex_4__choice_2.title,Могу ли я пойти с вами? Одному вам там не справиться!,
episode5.nodes.e5_dialogue_lex_5.data.speaker,Лекс Лембиков,
episode5.nodes.e5_dialogue_lex_5.data.text,(Мужчина напряженно всматривался в указанном Алисой направлении). Что там за чертовщина творится у вас? Что это за твари?,
episode5.nodes.e5_dialogue_lex_5.title,DialogMov(5) DlgArr[5],
episode5.nodes.e5_dialogue_lex_50.data.speaker,Лекс Лембиков,
episode5.nodes.e5_dialogue_lex_50.data.text,"Зараза... Ладно, выбора у меня все равно нет, людям помощь нужна. (В этот момент с нижней палубы раздался особенно громкий вскрик, заставив Лекса резко стать серьезным). Так, вниз ни шагу, понятно, мисс? Ждите здесь. В случае чего, пароль от двери — {PilotCode}. Запомнили? Отлично. Однако учтите, что дверь откроется лишь через 30 секунд после ввода этого пароля.",
episode5.nodes.e5_dialogue_lex_50.title,DialogMov(5) DlgArr[50],
episode5.nodes.e5_dialogue_lex_50__choice_0.data.text,"Будьте осторожны, Лекс. Спасибо вам большое! Так, {PilotCodeSpaced}.",
episode5.nodes.e5_dialogue_lex_50__choice_0.title,"Будьте осторожны, Лекс. Спасибо вам большое! Так, {PilotCodeSpaced}.",
episode5.nodes.e5_dialogue_lex_50__choice_0__effects.title,Последствия выбора,
episode5.nodes.e5_dialogue_lex_51.data.speaker,Лекс Лембиков,
episode5.nodes.e5_dialogue_lex_51.data.text,"А у меня есть выбор? Вы слышите? Слышите? (В этот момент с нижней палубы раздался особенно громкий вскрик). Я постараюсь пробиться к хвосту, а вы оставайтесь здесь, вернее, там — у лестницы и дайте мне знак, если какая-то из тварей попытается зайти мне в спину. Все поняла?",
episode5.nodes.e5_dialogue_lex_51.title,DialogMov(5) DlgArr[51],
episode5.nodes.e5_dialogue_lex_51__choice_0.data.text,"Да, да, все понятно. Будьте осторожны, Лекс.",
episode5.nodes.e5_dialogue_lex_51__choice_0.title,"Да, да, все понятно. Будьте осторожны, Лекс.",
episode5.nodes.e5_dialogue_lex_53.data.speaker,Лекс Лембиков,
episode5.nodes.e5_dialogue_lex_53.data.text,"А у меня есть выбор? Вы слышите? Слышите? (В этот момент с нижней палубы раздался особенно громкий вскрик). Я постараюсь пробиться к хвосту, а вы оставайтесь здесь, вернее, там — у лестницы и дайте мне знак, если какая-то из тварей попытается зайти мне в спину. Все поняла?",
episode5.nodes.e5_dialogue_lex_53.title,DialogMov(5) DlgArr[53],
episode5.nodes.e5_dialogue_lex_53__choice_0.data.text,"Да, да, все понятно. Будьте осторожны, Лекс.",
episode5.nodes.e5_dialogue_lex_53__choice_0.title,"Да, да, все понятно. Будьте осторожны, Лекс.",
episode5.nodes.e5_dialogue_lex_54.data.speaker,Лекс Лембиков,
episode5.nodes.e5_dialogue_lex_54.data.text,"Варианты? О чем вы вообще? Вы слышите? Слышите? (В этот момент с нижней палубы раздался особенно громкий вскрик). Я постараюсь пробиться к хвосту, а вы оставайтесь здесь, вернее, там — у лестницы и дайте мне знак, если какая-то из тварей попытается зайти мне в спину. Вы будете в относительной безопасности, но сможете мне помочь. Все понятно?",
episode5.nodes.e5_dialogue_lex_54.title,DialogMov(5) DlgArr[54],
episode5.nodes.e5_dialogue_lex_54__choice_0.data.text,"Да, хорошо, поняла!",
episode5.nodes.e5_dialogue_lex_54__choice_0.title,"Да, хорошо, поняла!",
episode5.nodes.e5_dialogue_lex_55.data.speaker,Лекс Лембиков,
episode5.nodes.e5_dialogue_lex_55.data.text,"Если честно, то цифра сказала мне меньше, чем я планировал, к сожалению. (Пилот невесело усмехнулся). Вирус, вирус... Что за гребанный цирк?! Мы не в компьютерной игре! Так, вот что. Ты оставайся здесь. Если уж к этому моменту здесь никто не появился, то шансов не склеить ласты тут явно побольше, чем снизу. А я должен помочь своим. Блядский цирк... (С этими словами Лекс направился к лестнице).",
episode5.nodes.e5_dialogue_lex_55.title,DialogMov(5) DlgArr[55],
episode5.nodes.e5_dialogue_lex_55__choice_0.data.text,(Промолчать).,
episode5.nodes.e5_dialogue_lex_55__choice_0.title,(Промолчать).,
episode5.nodes.e5_dialogue_lex_55__choice_1.data.text,(Последовать за пилотом).,
episode5.nodes.e5_dialogue_lex_55__choice_1.title,(Последовать за пилотом).,
episode5.nodes.e5_dialogue_lex_56.data.speaker,Лекс Лембиков,
episode5.nodes.e5_dialogue_lex_56.data.text,"Зараза... Ладно, выбора у меня все равно нет, людям помощь нужна. Вирус, вирус... Что за гребанный цирк?! Мы не в компьютерной игре! Так, вот что. Ты оставайся здесь. Если уж к этому моменту здесь никто не появился, то шансов не склеить ласты тут явно побольше, чем снизу. А я должен помочь своим. Блядский цирк... (С этими словами Лекс направился к лестнице).",
episode5.nodes.e5_dialogue_lex_56.title,DialogMov(5) DlgArr[56],
episode5.nodes.e5_dialogue_lex_56__choice_0.data.text,(Промолчать).,
episode5.nodes.e5_dialogue_lex_56__choice_0.title,(Промолчать).,
episode5.nodes.e5_dialogue_lex_56__choice_1.data.text,(Последовать за пилотом).,
episode5.nodes.e5_dialogue_lex_56__choice_1.title,(Последовать за пилотом).,
episode5.nodes.e5_dialogue_lex_5__choice_0.data.text,"Я... Я не знаю, все произошло слишком быстро.",
episode5.nodes.e5_dialogue_lex_5__choice_0.title,"Я... Я не знаю, все произошло слишком быстро.",
episode5.nodes.e5_dialogue_lex_5__choice_1.data.text,Что-то произошло в бизнес-классе. Как раз оттуда все началось.,
episode5.nodes.e5_dialogue_lex_5__choice_1.title,Что-то произошло в бизнес-классе. Как раз оттуда все началось.,
episode5.nodes.e5_dialogue_lex_5__choice_2.data.text,"Какое-то заражение, вирус, не знаю. Люди будто с ума сходят там!",
episode5.nodes.e5_dialogue_lex_5__choice_2.title,"Какое-то заражение, вирус, не знаю. Люди будто с ума сходят там!",
episode5.nodes.e5_dialogue_lex_5__choice_2__route_0.title,Условный переход,
episode5.nodes.e5_dialogue_lex_5__variant_0.data.patch.choices.0.text,"Я... Я не знаю, все произошло слишком быстро.",
episode5.nodes.e5_dialogue_lex_5__variant_0.data.patch.choices.1.text,Что-то произошло в бизнес-классе. Как раз оттуда все началось.,
episode5.nodes.e5_dialogue_lex_5__variant_0.data.patch.choices.2.text,"Это какой-то лабораторный вирус, я нашла здесь документы о нем.",
episode5.nodes.e5_dialogue_lex_5__variant_0.title,Вариант сцены,
episode5.nodes.e5_dialogue_lex_7.data.speaker,Лекс Лембиков,
episode5.nodes.e5_dialogue_lex_7.data.text,"Так, с вами все в порядке? Мне необходимо спуститься вниз, требуется моя помощь. Оставайтесь здесь, мисс.",
episode5.nodes.e5_dialogue_lex_7.title,DialogMov(5) DlgArr[7],
episode5.nodes.e5_dialogue_lex_76.data.speaker,Лекс Лембиков,
episode5.nodes.e5_dialogue_lex_76.data.text,"Безумие? (Лекса невесело усмехнулся). Это Сп... (Он вдруг осекся, услышав какой-то звук, походивший на близкий скрип ступенек). Оставайтесь здесь, тут более менее безопасно. Уже.",
episode5.nodes.e5_dialogue_lex_76.title,DialogMov(5) DlgArr[76],
episode5.nodes.e5_dialogue_lex_76__choice_0.data.text,"Будьте осторожны, Лекс!",
episode5.nodes.e5_dialogue_lex_76__choice_0.title,"Будьте осторожны, Лекс!",
episode5.nodes.e5_dialogue_lex_76__choice_1.data.text,(Промолчать).,
episode5.nodes.e5_dialogue_lex_76__choice_1.title,(Промолчать).,
episode5.nodes.e5_dialogue_lex_79.data.speaker,Лекс Лембиков,
episode5.nodes.e5_dialogue_lex_79.data.text,"Ты выглядишь слишком спокойной для человека, рассказывающего о таких вещах. (Мужчина поднял пистолет и двинулся к темному провалу лестницы. Оружие в его руках ощутимо подрагивало). Выбора у меня все равно нет, людям помощь нужна. Ты оставайся здесь. Если уж к этому моменту здесь никто не появился, то шансов не склеить ласты тут явно побольше, чем снизу. А я должен помочь своим.",
episode5.nodes.e5_dialogue_lex_79.title,DialogMov(5) DlgArr[79],
episode5.nodes.e5_dialogue_lex_79__choice_0.data.text,"Береги себя, Лекс.",
episode5.nodes.e5_dialogue_lex_79__choice_0.title,"Береги себя, Лекс.",
episode5.nodes.e5_dialogue_lex_79__choice_1.data.text,Я с тобой. Иди первый.,
episode5.nodes.e5_dialogue_lex_79__choice_1.title,Я с тобой. Иди первый.,
episode5.nodes.e5_dialogue_lex_7__choice_0.data.text,Но ведь там опасно! Не оставляйте меня здесь одну!,
episode5.nodes.e5_dialogue_lex_7__choice_0.title,Но ведь там опасно! Не оставляйте меня здесь одну!,
episode5.nodes.e5_dialogue_lex_7__choice_1.data.text,"Будьте осторожны, Лекс.",
episode5.nodes.e5_dialogue_lex_7__choice_1.title,"Будьте осторожны, Лекс.",
episode5.nodes.e5_dialogue_lex_8.data.speaker,Лекс Лембиков,
episode5.nodes.e5_dialogue_lex_8.data.text,"Двух, двух... (Мужчина медленно продвигался к выходу). Здесь была Ксения, стюардесса, и какой-то чиновник, важная шишка, но ты не являешься ни той, ни тем.",
episode5.nodes.e5_dialogue_lex_8.title,DialogMov(5) DlgArr[8],
episode5.nodes.e5_dialogue_lex_80.data.speaker,Лекс Лембиков,
episode5.nodes.e5_dialogue_lex_80.data.text,"В бизнес-классе, значится... Значит сначала нужно туда заглянуть, а уже потом в хвост. (Мужчина вслух прикидывал детали предстоящей самоубийстенной операции). Вы останетесь здесь?",
episode5.nodes.e5_dialogue_lex_80.title,DialogMov(5) DlgArr[80],
episode5.nodes.e5_dialogue_lex_80__choice_0.data.text,"Да, мне будет здесь спокойнее. Будьте осторожны.",
episode5.nodes.e5_dialogue_lex_80__choice_0.title,"Да, мне будет здесь спокойнее. Будьте осторожны.",
episode5.nodes.e5_dialogue_lex_80__choice_1.data.text,"Лекс, это безумие! Вы не перебьете всех тварей в одиночку!",
episode5.nodes.e5_dialogue_lex_80__choice_1.title,"Лекс, это безумие! Вы не перебьете всех тварей в одиночку!",
episode5.nodes.e5_dialogue_lex_80__choice_2.data.text,Есть еще варианты?,
episode5.nodes.e5_dialogue_lex_80__choice_2.title,Есть еще варианты?,
episode5.nodes.e5_dialogue_lex_81.data.speaker,Лекс Лембиков,
episode5.nodes.e5_dialogue_lex_81.data.text,"Вирус, заражение, кровища повсюду... Бред какой-то, цирк блядский. Поменялся сменами на свою голову... (Алисе). Ладно, Я постараюсь пробиться к хвосту, а ты оставайся здесь, вернее, там — у лестницы и дай мне знак, если что-то пойдет не так. Все поняла?",
episode5.nodes.e5_dialogue_lex_81.title,DialogMov(5) DlgArr[81],
episode5.nodes.e5_dialogue_lex_81__choice_0.data.text,"Да, да, все понятно. Будьте осторожны, Лекс.",
episode5.nodes.e5_dialogue_lex_81__choice_0.title,"Да, да, все понятно. Будьте осторожны, Лекс.",
episode5.nodes.e5_dialogue_lex_8__choice_0.data.text,"Когда я поднялась, здесь не было ни души! Только кровь повсюду...",
episode5.nodes.e5_dialogue_lex_8__choice_0.title,"Когда я поднялась, здесь не было ни души! Только кровь повсюду...",
episode5.nodes.e5_dialogue_lex_8__choice_1.data.text,(Показать на кровавое пятно). Ваш чиновник здесь сидел?,
episode5.nodes.e5_dialogue_lex_8__choice_1.title,(Показать на кровавое пятно). Ваш чиновник здесь сидел?,
episode5.nodes.e5_dialogue_lex_98.data.speaker,Лекс Лембиков,
episode5.nodes.e5_dialogue_lex_98.data.text,"А у меня есть выбор? Вы слышите? Слышите? (В этот момент с нижней палубы раздался особенно громкий вскрик). Я постараюсь пробиться к хвосту, а вы оставайтесь здесь, вернее, там — у лестницы и дайте мне знак, если какая-то из тварей попытается зайти мне в спину. Все поняла?",
episode5.nodes.e5_dialogue_lex_98.title,DialogMov(5) DlgArr[98],
episode5.nodes.e5_dialogue_lex_98__choice_0.data.text,"Да, да, все понятно. Будьте осторожны, Лекс.",
episode5.nodes.e5_dialogue_lex_98__choice_0.title,"Да, да, все понятно. Будьте осторожны, Лекс.",
episode5.nodes.e5_dialogue_lex_99.data.speaker,Лекс Лембиков,
episode5.nodes.e5_dialogue_lex_99.data.text,"Варианты? О чем вы вообще? Вы слышите? Слышите? (В этот момент с нижней палубы раздался особенно громкий вскрик). Я постараюсь пробиться к хвосту, а вы оставайтесь здесь, вернее, там — у лестницы и дайте мне знак, если какая-то из тварей попытается зайти мне в спину. Вы будете в относительной безопасности, но сможете мне помочь. Все понятно?",
episode5.nodes.e5_dialogue_lex_99.title,DialogMov(5) DlgArr[99],
episode5.nodes.e5_dialogue_lex_99__choice_0.data.text,"Да, хорошо, поняла!",
episode5.nodes.e5_dialogue_lex_99__choice_0.title,"Да, хорошо, поняла!",
episode5.nodes.e5_hide_10_v1.data.blocks.0.text,"Продвижение шло споро, и уже совсем скоро группа, возглавляемая автором безумного способа спасения, преодолела основное скопление зомби. Казалось бы, всё, выбрались, живы, однако на деле проблемы еще только начинались: среди безвольно бредущих истуканов то тут, то там проскакивали преследующие людей сгорбленные тени. Часть тварей провести так просто не удалось, быстрые, они подобно загонщикам следовали за своими жертвами, подступая все ближе, карауля момент. И такой момент представился.",
episode5.nodes.e5_hide_10_v1.data.text,"Продвижение шло споро, и уже совсем скоро группа, возглавляемая автором безумного способа спасения, преодолела основное скопление зомби. Казалось бы, всё, выбрались, живы, однако на деле проблемы еще только начинались: среди безвольно бредущих истуканов то тут, то там проскакивали преследующие людей сгорбленные тени. Часть тварей провести так просто не удалось, быстрые, они подобно загонщикам следовали за своими жертвами, подступая все ближе, карауля момент. И такой момент представился.",
episode5.nodes.e5_hide_10_v1.title,HideInTheEnd frame 10; type 1,
episode5.nodes.e5_hide_10_v1__choice_0.data.text,Далее,
episode5.nodes.e5_hide_10_v1__choice_0.title,Далее,
episode5.nodes.e5_hide_10_v2.data.blocks.0.text,"Продвижение шло споро, и уже совсем скоро группа, возглавляемая автором безумного способа спасения, преодолела основное скопление зомби. Казалось бы, всё, выбрались, живы, однако на деле проблемы еще только начинались: среди безвольно бредущих истуканов то тут, то там проскакивали преследующие людей сгорбленные тени. Часть тварей провести так просто не удалось, быстрые, они подобно загонщикам следовали за своими жертвами, подступая все ближе, карауля момент. И такой момент представился.",
episode5.nodes.e5_hide_10_v2.data.text,"Продвижение шло споро, и уже совсем скоро группа, возглавляемая автором безумного способа спасения, преодолела основное скопление зомби. Казалось бы, всё, выбрались, живы, однако на деле проблемы еще только начинались: среди безвольно бредущих истуканов то тут, то там проскакивали преследующие людей сгорбленные тени. Часть тварей провести так просто не удалось, быстрые, они подобно загонщикам следовали за своими жертвами, подступая все ближе, карауля момент. И такой момент представился.",
episode5.nodes.e5_hide_10_v2.title,HideInTheEnd frame 10; type 2,
episode5.nodes.e5_hide_10_v2__choice_0.data.text,Далее,
episode5.nodes.e5_hide_10_v2__choice_0.title,Далее,
episode5.nodes.e5_hide_1_v1.data.blocks.0.text,"Впереди замаячила перегородка, закуток, где находилась полетная кухня, а значит, бегущая куда глаза глядят толпа преодолела уже больше половины салона. Скоро бежать станет банально некуда. Стоило Алисе на всей возможной в таком узком пространстве скорости пролететь мимо кухни, как за ее спиной раздался тяжелый металлический грохот. Неужели нагоняют? И самое главное — КТО?!",
episode5.nodes.e5_hide_1_v1.data.text,"Впереди замаячила перегородка, закуток, где находилась полетная кухня, а значит, бегущая куда глаза глядят толпа преодолела уже больше половины салона. Скоро бежать станет банально некуда. Стоило Алисе на всей возможной в таком узком пространстве скорости пролететь мимо кухни, как за ее спиной раздался тяжелый металлический грохот. Неужели нагоняют? И самое главное — КТО?!",
episode5.nodes.e5_hide_1_v1.title,HideInTheEnd frame 1; type 1,
episode5.nodes.e5_hide_1_v1__choice_0.data.text,Далее,
episode5.nodes.e5_hide_1_v1__choice_0.title,Далее,
episode5.nodes.e5_hide_1_v1_choice_52.data.text,"Взгляд через плечо — за спиной стремительно вырастала баррикада из попадавшихся людям под руку вещей: тележек с едой, сумок и даже одежды. Животный ужас витал в воздухе, читался в глазах каждого, кто находился рядом. Сжимающий сердце крик из-за самодельных укреплений. Переходящий в хрипение.",
episode5.nodes.e5_hide_1_v1_choice_52.title,NewItem(52),
episode5.nodes.e5_hide_1_v1_choice_52__choice_0.data.text,Продолжать бежать,
episode5.nodes.e5_hide_1_v1_choice_52__choice_0.title,Продолжать бежать,
episode5.nodes.e5_hide_1_v1_choice_52__choice_1.data.text,Броситься на помощь,
episode5.nodes.e5_hide_1_v1_choice_52__choice_1.title,Броситься на помощь,
episode5.nodes.e5_hide_1_v2.data.blocks.0.text,"Впереди замаячила перегородка, закуток, где находилась полетная кухня, а значит, бегущая куда глаза глядят толпа преодолела уже больше половины салона. Скоро бежать станет банально некуда. Стоило Алисе на всей возможной в таком узком пространстве скорости пролететь мимо кухни, как за ее спиной раздался тяжелый металлический грохот. Неужели нагоняют? И самое главное — КТО?!",
episode5.nodes.e5_hide_1_v2.data.text,"Впереди замаячила перегородка, закуток, где находилась полетная кухня, а значит, бегущая куда глаза глядят толпа преодолела уже больше половины салона. Скоро бежать станет банально некуда. Стоило Алисе на всей возможной в таком узком пространстве скорости пролететь мимо кухни, как за ее спиной раздался тяжелый металлический грохот. Неужели нагоняют? И самое главное — КТО?!",
episode5.nodes.e5_hide_1_v2.title,HideInTheEnd frame 1; type 2,
episode5.nodes.e5_hide_1_v2__choice_0.data.text,Далее,
episode5.nodes.e5_hide_1_v2__choice_0.title,Далее,
episode5.nodes.e5_hide_1_v2_choice_52.data.text,"Взгляд через плечо — за спиной стремительно вырастала баррикада из попадавшихся людям под руку вещей: тележек с едой, сумок и даже одежды. Животный ужас витал в воздухе, читался в глазах каждого, кто находился рядом. Сжимающий сердце крик из-за самодельных укреплений. Переходящий в хрипение.",
episode5.nodes.e5_hide_1_v2_choice_52.title,NewItem(52),
episode5.nodes.e5_hide_1_v2_choice_52__choice_0.data.text,Продолжать бежать,
episode5.nodes.e5_hide_1_v2_choice_52__choice_0.title,Продолжать бежать,
episode5.nodes.e5_hide_1_v2_choice_52__choice_1.data.text,Броситься на помощь,
episode5.nodes.e5_hide_1_v2_choice_52__choice_1.title,Броситься на помощь,
episode5.nodes.e5_hide_1_v3.data.blocks.0.text,"Впереди замаячила перегородка, закуток, где находилась полетная кухня, а значит, бегущая куда глаза глядят толпа преодолела уже больше половины салона. Скоро бежать станет банально некуда. Стоило Алисе на всей возможной в таком узком пространстве скорости пролететь мимо кухни, как за ее спиной раздался тяжелый металлический грохот. Неужели нагоняют? И самое главное — ОТКУДА ВЗЯЛИСЬ ЭТИ ТВАРИ?!",
episode5.nodes.e5_hide_1_v3.data.text,"Впереди замаячила перегородка, закуток, где находилась полетная кухня, а значит, бегущая куда глаза глядят толпа преодолела уже больше половины салона. Скоро бежать станет банально некуда. Стоило Алисе на всей возможной в таком узком пространстве скорости пролететь мимо кухни, как за ее спиной раздался тяжелый металлический грохот. Неужели нагоняют? И самое главное — ОТКУДА ВЗЯЛИСЬ ЭТИ ТВАРИ?!",
episode5.nodes.e5_hide_1_v3.title,HideInTheEnd frame 1; type 3,
episode5.nodes.e5_hide_1_v3__choice_0.data.text,Далее,
episode5.nodes.e5_hide_1_v3__choice_0.title,Далее,
episode5.nodes.e5_hide_1_v3_choice_52.data.text,"Взгляд через плечо — за спиной стремительно вырастала баррикада из попадавшихся людям под руку вещей: тележек с едой, сумок и даже одежды. Животный ужас витал в воздухе, читался в глазах каждого, кто находился рядом. Сжимающий сердце крик из-за самодельных укреплений. Переходящий в хрипение.",
episode5.nodes.e5_hide_1_v3_choice_52.title,NewItem(52),
episode5.nodes.e5_hide_1_v3_choice_52__choice_0.data.text,Продолжать бежать,
episode5.nodes.e5_hide_1_v3_choice_52__choice_0.title,Продолжать бежать,
episode5.nodes.e5_hide_1_v3_choice_52__choice_1.data.text,Броситься на помощь,
episode5.nodes.e5_hide_1_v3_choice_52__choice_1.title,Броситься на помощь,
episode5.nodes.e5_hide_2_v1.data.blocks.0.text,"Посчитав, что не ее это дело, Алиса устремилась дальше, вслед синеющему впереди пиджаку стюардессы. Все происходило так стремительно, что часть людей вокруг не понимала, что происходит, и вносила еще большую неразбериху вокруг. Ругань и споры уже грозили было перерасти во всеобщую драку, когда откуда-то сверху, со стороны кабины пилотов раздались частые выстрелы.",
episode5.nodes.e5_hide_2_v1.data.text,"Посчитав, что не ее это дело, Алиса устремилась дальше, вслед синеющему впереди пиджаку стюардессы. Все происходило так стремительно, что часть людей вокруг не понимала, что происходит, и вносила еще большую неразбериху вокруг. Ругань и споры уже грозили было перерасти во всеобщую драку, когда откуда-то сверху, со стороны кабины пилотов раздались частые выстрелы.",
episode5.nodes.e5_hide_2_v1.title,HideInTheEnd frame 2; type 1,
episode5.nodes.e5_hide_2_v1__choice_0.data.text,Далее,
episode5.nodes.e5_hide_2_v1__choice_0.title,Далее,
episode5.nodes.e5_hide_2_v2.data.blocks.0.text,"Посчитав, что не ее это дело, Алиса устремилась дальше, вслед синеющему впереди пиджаку стюардессы. Все происходило так стремительно, что часть людей вокруг не понимала, что происходит, и вносила еще большую неразбериху вокруг. Ругань и споры уже грозили было перерасти во всеобщую драку, когда откуда-то сверху, со стороны кабины пилотов раздались частые выстрелы.",
episode5.nodes.e5_hide_2_v2.data.text,"Посчитав, что не ее это дело, Алиса устремилась дальше, вслед синеющему впереди пиджаку стюардессы. Все происходило так стремительно, что часть людей вокруг не понимала, что происходит, и вносила еще большую неразбериху вокруг. Ругань и споры уже грозили было перерасти во всеобщую драку, когда откуда-то сверху, со стороны кабины пилотов раздались частые выстрелы.",
episode5.nodes.e5_hide_2_v2.title,HideInTheEnd frame 2; type 2,
episode5.nodes.e5_hide_2_v2__choice_0.data.text,Далее,
episode5.nodes.e5_hide_2_v2__choice_0.title,Далее,
episode5.nodes.e5_hide_2_v3.data.blocks.0.text,"Посчитав, что не ее это дело, Алиса устремилась дальше, вслед синеющему впереди пиджаку стюардессы. Все происходило так стремительно, что часть людей вокруг не понимала, что происходит, и вносила еще большую неразбериху вокруг. Ругань и споры уже грозили было перерасти во всеобщую драку, когда откуда-то сверху, со стороны кабины пилотов раздались частые выстрелы.",
episode5.nodes.e5_hide_2_v3.data.text,"Посчитав, что не ее это дело, Алиса устремилась дальше, вслед синеющему впереди пиджаку стюардессы. Все происходило так стремительно, что часть людей вокруг не понимала, что происходит, и вносила еще большую неразбериху вокруг. Ругань и споры уже грозили было перерасти во всеобщую драку, когда откуда-то сверху, со стороны кабины пилотов раздались частые выстрелы.",
episode5.nodes.e5_hide_2_v3.title,HideInTheEnd frame 2; type 3,
episode5.nodes.e5_hide_2_v3__choice_0.data.text,Далее,
episode5.nodes.e5_hide_2_v3__choice_0.title,Далее,
episode5.nodes.e5_hide_3_v1.title,HideInTheEnd frame 3; type 1,
episode5.nodes.e5_hide_3_v1__choice_0.data.text,Успеть,
episode5.nodes.e5_hide_3_v1__choice_0.title,Успеть,
episode5.nodes.e5_hide_3_v1__choice_1.data.text,Не успеть,
episode5.nodes.e5_hide_3_v1__choice_1.title,Не успеть,
episode5.nodes.e5_hide_3_v2.title,HideInTheEnd frame 3; type 2,
episode5.nodes.e5_hide_3_v2__choice_0.data.text,Успеть,
episode5.nodes.e5_hide_3_v2__choice_0.title,Успеть,
episode5.nodes.e5_hide_3_v2__choice_1.data.text,Не успеть,
episode5.nodes.e5_hide_3_v2__choice_1.title,Не успеть,
episode5.nodes.e5_hide_3_v3.title,HideInTheEnd frame 3; type 3,
episode5.nodes.e5_hide_3_v3__choice_0.data.text,Успеть,
episode5.nodes.e5_hide_3_v3__choice_0.title,Успеть,
episode5.nodes.e5_hide_3_v3__choice_1.data.text,Не успеть,
episode5.nodes.e5_hide_3_v3__choice_1.title,Не успеть,
episode5.nodes.e5_hide_4_v1.data.blocks.0.text,"Нервы с каждой секундой натягивались все сильнее, и, когда неприметная служебная дверка умудрилась закрыться прямо перед ее носом, Алиса не выдержала и... В общем, еще никогда она так сильно и отчаянно не материлась. И не она одна. Как только пассажиры поняли, что помощи ждать особо неоткуда, началось неконтролируемое безумие, подогреваемое хрустом разлетающихся баррикад. Каждый стал сам за себя.",
episode5.nodes.e5_hide_4_v1.data.text,"Нервы с каждой секундой натягивались все сильнее, и, когда неприметная служебная дверка умудрилась закрыться прямо перед ее носом, Алиса не выдержала и... В общем, еще никогда она так сильно и отчаянно не материлась. И не она одна. Как только пассажиры поняли, что помощи ждать особо неоткуда, началось неконтролируемое безумие, подогреваемое хрустом разлетающихся баррикад. Каждый стал сам за себя.",
episode5.nodes.e5_hide_4_v1.title,HideInTheEnd frame 4; type 1,
episode5.nodes.e5_hide_4_v1__choice_0.data.text,Далее,
episode5.nodes.e5_hide_4_v1__choice_0.title,Далее,
episode5.nodes.e5_hide_4_v1_choice_56.data.text,"Бежать? Прятаться? Ждать помощи? Разум, казалось, залили тормозной жидкостью — настолько медленно роились мысли. В хаотичном людском водовороте отчетливо выделялись несколько человек, уверенно направлявшихся в сторону раскуроченных баррикад.",
episode5.nodes.e5_hide_4_v1_choice_56.title,NewItem(56),
episode5.nodes.e5_hide_4_v1_choice_56__choice_0.data.text,Найти укрытие,
episode5.nodes.e5_hide_4_v1_choice_56__choice_0.title,Найти укрытие,
episode5.nodes.e5_hide_4_v1_choice_56__choice_1.data.text,Остаться ждать помощи,
episode5.nodes.e5_hide_4_v1_choice_56__choice_1.title,Остаться ждать помощи,
episode5.nodes.e5_hide_4_v1_choice_56__choice_2.data.text,Последовать за незнакомцами,
episode5.nodes.e5_hide_4_v1_choice_56__choice_2.title,Последовать за незнакомцами,
episode5.nodes.e5_hide_4_v2.data.blocks.0.text,"Нервы с каждой секундой натягивались все сильнее, и, когда неприметная служебная дверка умудрилась закрыться прямо перед ее носом, Алиса не выдержала и... В общем, еще никогда она так сильно и отчаянно не материлась. И не она одна. Как только пассажиры поняли, что помощи ждать особо неоткуда, началось неконтролируемое безумие, подогреваемое хрустом разлетающихся баррикад. Каждый стал сам за себя.",
episode5.nodes.e5_hide_4_v2.data.text,"Нервы с каждой секундой натягивались все сильнее, и, когда неприметная служебная дверка умудрилась закрыться прямо перед ее носом, Алиса не выдержала и... В общем, еще никогда она так сильно и отчаянно не материлась. И не она одна. Как только пассажиры поняли, что помощи ждать особо неоткуда, началось неконтролируемое безумие, подогреваемое хрустом разлетающихся баррикад. Каждый стал сам за себя.",
episode5.nodes.e5_hide_4_v2.title,HideInTheEnd frame 4; type 2,
episode5.nodes.e5_hide_4_v2__choice_0.data.text,Далее,
episode5.nodes.e5_hide_4_v2__choice_0.title,Далее,
episode5.nodes.e5_hide_4_v2_choice_56.data.text,"Бежать? Прятаться? Ждать помощи? Разум, казалось, залили тормозной жидкостью — настолько медленно роились мысли. В хаотичном людском водовороте отчетливо выделялись несколько человек, уверенно направлявшихся в сторону раскуроченных баррикад.",
episode5.nodes.e5_hide_4_v2_choice_56.title,NewItem(56),
episode5.nodes.e5_hide_4_v2_choice_56__choice_0.data.text,Найти укрытие,
episode5.nodes.e5_hide_4_v2_choice_56__choice_0.title,Найти укрытие,
episode5.nodes.e5_hide_4_v2_choice_56__choice_1.data.text,Остаться ждать помощи,
episode5.nodes.e5_hide_4_v2_choice_56__choice_1.title,Остаться ждать помощи,
episode5.nodes.e5_hide_4_v2_choice_56__choice_2.data.text,Последовать за незнакомцами,
episode5.nodes.e5_hide_4_v2_choice_56__choice_2.title,Последовать за незнакомцами,
episode5.nodes.e5_hide_4_v3.data.blocks.0.text,"Нервы с каждой секундой натягивались все сильнее, и, когда неприметная служебная дверка умудрилась закрыться прямо перед ее носом, Алиса не выдержала и... В общем, еще никогда она так сильно и отчаянно не материлась. И не она одна. Как только пассажиры поняли, что помощи ждать особо неоткуда, началось неконтролируемое безумие, подогреваемое хрустом разлетающихся баррикад. Каждый стал сам за себя.",
episode5.nodes.e5_hide_4_v3.data.text,"Нервы с каждой секундой натягивались все сильнее, и, когда неприметная служебная дверка умудрилась закрыться прямо перед ее носом, Алиса не выдержала и... В общем, еще никогда она так сильно и отчаянно не материлась. И не она одна. Как только пассажиры поняли, что помощи ждать особо неоткуда, началось неконтролируемое безумие, подогреваемое хрустом разлетающихся баррикад. Каждый стал сам за себя.",
episode5.nodes.e5_hide_4_v3.title,HideInTheEnd frame 4; type 3,
episode5.nodes.e5_hide_4_v3__choice_0.data.text,Далее,
episode5.nodes.e5_hide_4_v3__choice_0.title,Далее,
episode5.nodes.e5_hide_4_v3_choice_56_1.data.text,"Бежать? Прятаться? Ждать помощи? Разум, казалось, залили тормозной жидкостью — настолько медленно роились мысли. В хаотичном людском водовороте отчетливо выделялись несколько человек, уверенно направлявшихся в сторону раскуроченных баррикад.",
episode5.nodes.e5_hide_4_v3_choice_56_1.title,NewItem(56.1),
episode5.nodes.e5_hide_4_v3_choice_56_1__choice_0.data.text,Найти укрытие,
episode5.nodes.e5_hide_4_v3_choice_56_1__choice_0.title,Найти укрытие,
episode5.nodes.e5_hide_4_v3_choice_56_1__choice_1.data.text,Остаться ждать помощи,
episode5.nodes.e5_hide_4_v3_choice_56_1__choice_1.title,Остаться ждать помощи,
episode5.nodes.e5_hide_5_v1.data.blocks.0.text,"Безумие, безумие, это безумие! Алиса все ускоряющимися шагами нагоняла загадочную группу. То тут, то там вспыхивали драки за одинаково небезопасные места, но она просто шла мимо. Кровь, кровь, куски одежды, погнутые тележки и десятки жутких бредущих существ — люди добрались до остатков баррикад. И... Стоп, что за хренотень? Алиса сперва не поверила своим глазам: один из мужчин вдруг схватил стоящую спиной к людям тварь, глодающую ногу какого-то толстяка, замотал ей рот и, обняв сзади как любимую девушку, двинулся сквозь надвигающуюся орду. Как на чертову прогулку!",
episode5.nodes.e5_hide_5_v1.data.text,"Безумие, безумие, это безумие! Алиса все ускоряющимися шагами нагоняла загадочную группу. То тут, то там вспыхивали драки за одинаково небезопасные места, но она просто шла мимо. Кровь, кровь, куски одежды, погнутые тележки и десятки жутких бредущих существ — люди добрались до остатков баррикад. И... Стоп, что за хренотень? Алиса сперва не поверила своим глазам: один из мужчин вдруг схватил стоящую спиной к людям тварь, глодающую ногу какого-то толстяка, замотал ей рот и, обняв сзади как любимую девушку, двинулся сквозь надвигающуюся орду. Как на чертову прогулку!",
episode5.nodes.e5_hide_5_v1.title,HideInTheEnd frame 5; type 1,
episode5.nodes.e5_hide_5_v1__choice_0.data.text,Далее,
episode5.nodes.e5_hide_5_v1__choice_0.title,Далее,
episode5.nodes.e5_hide_5_v2.data.blocks.0.text,"Безумие, безумие, это безумие! Алиса все ускоряющимися шагами нагоняла загадочную группу. То тут, то там вспыхивали драки за одинаково небезопасные места, но она просто шла мимо. Кровь, кровь, куски одежды, погнутые тележки и десятки жутких бредущих существ — люди добрались до остатков баррикад. И... Стоп, что за хренотень? Алиса сперва не поверила своим глазам: один из мужчин вдруг схватил стоящую спиной к людям тварь, глодающую ногу какого-то толстяка, замотал ей рот и, обняв сзади как любимую девушку, двинулся сквозь надвигающуюся орду. Как на чертову прогулку!",
episode5.nodes.e5_hide_5_v2.data.text,"Безумие, безумие, это безумие! Алиса все ускоряющимися шагами нагоняла загадочную группу. То тут, то там вспыхивали драки за одинаково небезопасные места, но она просто шла мимо. Кровь, кровь, куски одежды, погнутые тележки и десятки жутких бредущих существ — люди добрались до остатков баррикад. И... Стоп, что за хренотень? Алиса сперва не поверила своим глазам: один из мужчин вдруг схватил стоящую спиной к людям тварь, глодающую ногу какого-то толстяка, замотал ей рот и, обняв сзади как любимую девушку, двинулся сквозь надвигающуюся орду. Как на чертову прогулку!",
episode5.nodes.e5_hide_5_v2.title,HideInTheEnd frame 5; type 2,
episode5.nodes.e5_hide_5_v2__choice_0.data.text,Далее,
episode5.nodes.e5_hide_5_v2__choice_0.title,Далее,
episode5.nodes.e5_hide_6_v1.title,HideInTheEnd frame 6; type 1,
episode5.nodes.e5_hide_6_v1__choice_0.data.text,Успеть,
episode5.nodes.e5_hide_6_v1__choice_0.title,Успеть,
episode5.nodes.e5_hide_6_v1__choice_1.data.text,Не успеть,
episode5.nodes.e5_hide_6_v1__choice_1.title,Не успеть,
episode5.nodes.e5_hide_6_v2.title,HideInTheEnd frame 6; type 2,
episode5.nodes.e5_hide_6_v2__choice_0.data.text,Успеть,
episode5.nodes.e5_hide_6_v2__choice_0.title,Успеть,
episode5.nodes.e5_hide_6_v2__choice_1.data.text,Не успеть,
episode5.nodes.e5_hide_6_v2__choice_1.title,Не успеть,
episode5.nodes.e5_hide_7_v1.data.blocks.0.text,"Ересь, бред! Алиса не верила своим глазам: способ работал! Каким-то чудом девушке удалось впихнуть сумку в зубы твари, обвязав ремешок вокруг ее жуткой головы. И теперь Алиса шаг за шагом отдалялась от смертельной западни, куда людей загнали животный страх и паника. Монстр вяло сопротивлялся, ноги то и дело дрожали от напряжения, но она твердо продвигалась вперед, стараясь не видеть и не слышать. Не видеть и не слышать людей, которым она уже никак не могла помочь.",
episode5.nodes.e5_hide_7_v1.data.text,"Ересь, бред! Алиса не верила своим глазам: способ работал! Каким-то чудом девушке удалось впихнуть сумку в зубы твари, обвязав ремешок вокруг ее жуткой головы. И теперь Алиса шаг за шагом отдалялась от смертельной западни, куда людей загнали животный страх и паника. Монстр вяло сопротивлялся, ноги то и дело дрожали от напряжения, но она твердо продвигалась вперед, стараясь не видеть и не слышать. Не видеть и не слышать людей, которым она уже никак не могла помочь.",
episode5.nodes.e5_hide_7_v1.title,HideInTheEnd frame 7; type 1,
episode5.nodes.e5_hide_7_v1__choice_0.data.text,Далее,
episode5.nodes.e5_hide_7_v1__choice_0.title,Далее,
episode5.nodes.e5_hide_7_v2.data.blocks.0.text,"Ересь, бред! Алиса не верила своим глазам: способ работал! Каким-то чудом девушке удалось впихнуть сумку в зубы твари, обвязав ремешок вокруг ее жуткой головы. И теперь Алиса шаг за шагом отдалялась от смертельной западни, куда людей загнали животный страх и паника. Монстр вяло сопротивлялся, ноги то и дело дрожали от напряжения, но она твердо продвигалась вперед, стараясь не видеть и не слышать. Не видеть и не слышать людей, которым она уже никак не могла помочь.",
episode5.nodes.e5_hide_7_v2.data.text,"Ересь, бред! Алиса не верила своим глазам: способ работал! Каким-то чудом девушке удалось впихнуть сумку в зубы твари, обвязав ремешок вокруг ее жуткой головы. И теперь Алиса шаг за шагом отдалялась от смертельной западни, куда людей загнали животный страх и паника. Монстр вяло сопротивлялся, ноги то и дело дрожали от напряжения, но она твердо продвигалась вперед, стараясь не видеть и не слышать. Не видеть и не слышать людей, которым она уже никак не могла помочь.",
episode5.nodes.e5_hide_7_v2.title,HideInTheEnd frame 7; type 2,
episode5.nodes.e5_hide_7_v2__choice_0.data.text,Далее,
episode5.nodes.e5_hide_7_v2__choice_0.title,Далее,
episode5.nodes.e5_hide_8_v1.data.blocks.0.text,"Пусть делают, что хотят; это их проблемы — Алиса раздраженно фыркнула себе под нос. Тем временем события в непосредственной близости от девушки развивались стремительно: вначале из-за так предательски захлопнувшейся дверки послышались какие-то шорохи, а затем и сам кусок металла отъехал в сторону, пропуская взъерошенного и проклинающего весь мир бортпроводника. Однако мужчину никто и не думал слушать. Взревевшая людская масса рванулась внутрь, буквально сметая его с пути.",
episode5.nodes.e5_hide_8_v1.data.text,"Пусть делают, что хотят; это их проблемы — Алиса раздраженно фыркнула себе под нос. Тем временем события в непосредственной близости от девушки развивались стремительно: вначале из-за так предательски захлопнувшейся дверки послышались какие-то шорохи, а затем и сам кусок металла отъехал в сторону, пропуская взъерошенного и проклинающего весь мир бортпроводника. Однако мужчину никто и не думал слушать. Взревевшая людская масса рванулась внутрь, буквально сметая его с пути.",
episode5.nodes.e5_hide_8_v1.title,HideInTheEnd frame 8; type 1,
episode5.nodes.e5_hide_8_v1__choice_0.data.text,Далее,
episode5.nodes.e5_hide_8_v1__choice_0.title,Далее,
episode5.nodes.e5_hide_8_v2.data.blocks.0.text,"Пусть делают, что хотят; это их проблемы — Алиса раздраженно фыркнула себе под нос. Тем временем события в непосредственной близости от девушки развивались стремительно: вначале из-за так предательски захлопнувшейся дверки послышались какие-то шорохи, а затем и сам кусок металла отъехал в сторону, пропуская взъерошенного и проклинающего весь мир бортпроводника. Однако мужчину никто и не думал слушать. Взревевшая людская масса рванулась внутрь, буквально сметая его с пути.",
episode5.nodes.e5_hide_8_v2.data.text,"Пусть делают, что хотят; это их проблемы — Алиса раздраженно фыркнула себе под нос. Тем временем события в непосредственной близости от девушки развивались стремительно: вначале из-за так предательски захлопнувшейся дверки послышались какие-то шорохи, а затем и сам кусок металла отъехал в сторону, пропуская взъерошенного и проклинающего весь мир бортпроводника. Однако мужчину никто и не думал слушать. Взревевшая людская масса рванулась внутрь, буквально сметая его с пути.",
episode5.nodes.e5_hide_8_v2.title,HideInTheEnd frame 8; type 2,
episode5.nodes.e5_hide_8_v2__choice_0.data.text,Далее,
episode5.nodes.e5_hide_8_v2__choice_0.title,Далее,
episode5.nodes.e5_hide_8_v3.data.blocks.0.text,"Пусть делают, что хотят; это их проблемы — Алиса раздраженно фыркнула себе под нос. Тем временем события в непосредственной близости от девушки развивались стремительно: вначале из-за так предательски захлопнувшейся дверки послышались какие-то шорохи, а затем и сам кусок металла отъехал в сторону, пропуская взъерошенного и проклинающего весь мир бортпроводника. Однако мужчину никто и не думал слушать. Взревевшая людская масса рванулась внутрь, буквально сметая его с пути.",
episode5.nodes.e5_hide_8_v3.data.text,"Пусть делают, что хотят; это их проблемы — Алиса раздраженно фыркнула себе под нос. Тем временем события в непосредственной близости от девушки развивались стремительно: вначале из-за так предательски захлопнувшейся дверки послышались какие-то шорохи, а затем и сам кусок металла отъехал в сторону, пропуская взъерошенного и проклинающего весь мир бортпроводника. Однако мужчину никто и не думал слушать. Взревевшая людская масса рванулась внутрь, буквально сметая его с пути.",
episode5.nodes.e5_hide_8_v3.title,HideInTheEnd frame 8; type 3,
episode5.nodes.e5_hide_8_v3__choice_0.data.text,Далее,
episode5.nodes.e5_hide_8_v3__choice_0.title,Далее,
episode5.nodes.e5_hide_9_v1.data.blocks.0.text,"Пусть делают, что хотят; это их проблемы — Алиса раздраженно фыркнула себе под нос. Укрытие, укрытие... Девушка ошалело заозиралась, прикидывая свои шансы: туалеты, конечно же, все заняты — в этом сомнений быть не могло. Что еще? Полки для багажа, пространство между рядами. Ну еп твою мать! Девушке в очередной раз наступили на ноги, все больше выводя из себя. А были же новые туф... В этот момент стало совсем не до обуви — баррикады с оглушительным грохотом разлетелись, освобождая проход.",
episode5.nodes.e5_hide_9_v1.data.text,"Пусть делают, что хотят; это их проблемы — Алиса раздраженно фыркнула себе под нос. Укрытие, укрытие... Девушка ошалело заозиралась, прикидывая свои шансы: туалеты, конечно же, все заняты — в этом сомнений быть не могло. Что еще? Полки для багажа, пространство между рядами. Ну еп твою мать! Девушке в очередной раз наступили на ноги, все больше выводя из себя. А были же новые туф... В этот момент стало совсем не до обуви — баррикады с оглушительным грохотом разлетелись, освобождая проход.",
episode5.nodes.e5_hide_9_v1.title,HideInTheEnd frame 9; type 1,
episode5.nodes.e5_hide_9_v1__choice_0.data.text,Далее,
episode5.nodes.e5_hide_9_v1__choice_0.title,Далее,
episode5.nodes.e5_hide_9_v2.data.blocks.0.text,"Пусть делают, что хотят; это их проблемы — Алиса раздраженно фыркнула себе под нос. Укрытие, укрытие... Девушка ошалело заозиралась, прикидывая свои шансы: туалеты, конечно же, все заняты — в этом сомнений быть не могло. Что еще? Полки для багажа, пространство между рядами. Ну еп твою мать! Девушке в очередной раз наступили на ноги, все больше выводя из себя. А были же новые туф... В этот момент стало совсем не до обуви — баррикады с оглушительным грохотом разлетелись, освобождая проход.",
episode5.nodes.e5_hide_9_v2.data.text,"Пусть делают, что хотят; это их проблемы — Алиса раздраженно фыркнула себе под нос. Укрытие, укрытие... Девушка ошалело заозиралась, прикидывая свои шансы: туалеты, конечно же, все заняты — в этом сомнений быть не могло. Что еще? Полки для багажа, пространство между рядами. Ну еп твою мать! Девушке в очередной раз наступили на ноги, все больше выводя из себя. А были же новые туф... В этот момент стало совсем не до обуви — баррикады с оглушительным грохотом разлетелись, освобождая проход.",
episode5.nodes.e5_hide_9_v2.title,HideInTheEnd frame 9; type 2,
episode5.nodes.e5_hide_9_v2__choice_0.data.text,Далее,
episode5.nodes.e5_hide_9_v2__choice_0.title,Далее,
episode5.nodes.e5_hide_9_v3.data.blocks.0.text,"Пусть делают, что хотят; это их проблемы — Алиса раздраженно фыркнула себе под нос. Укрытие, укрытие... Девушка ошалело заозиралась, прикидывая свои шансы: туалеты, конечно же, все заняты — в этом сомнений быть не могло. Что еще? Полки для багажа, пространство между рядами. Ну еп твою мать! Девушке в очередной раз наступили на ноги, все больше выводя из себя. А были же новые туф... В этот момент стало совсем не до обуви — баррикады с оглушительным грохотом разлетелись, освобождая проход.",
episode5.nodes.e5_hide_9_v3.data.text,"Пусть делают, что хотят; это их проблемы — Алиса раздраженно фыркнула себе под нос. Укрытие, укрытие... Девушка ошалело заозиралась, прикидывая свои шансы: туалеты, конечно же, все заняты — в этом сомнений быть не могло. Что еще? Полки для багажа, пространство между рядами. Ну еп твою мать! Девушке в очередной раз наступили на ноги, все больше выводя из себя. А были же новые туф... В этот момент стало совсем не до обуви — баррикады с оглушительным грохотом разлетелись, освобождая проход.",
episode5.nodes.e5_hide_9_v3.title,HideInTheEnd frame 9; type 3,
episode5.nodes.e5_hide_9_v3__choice_0.data.text,Далее,
episode5.nodes.e5_hide_9_v3__choice_0.title,Далее,
episode5.nodes.e5_pickup_armor.data.text,Бронежилет PPSS CV1,
episode5.nodes.e5_pickup_armor.title,AddItem(12),
episode5.nodes.e5_pickup_armor__choice_0.data.text,Забрать,
episode5.nodes.e5_pickup_armor__choice_0.title,Забрать,
episode5.nodes.e5_pickup_armor__entry.title,При входе,
episode5.nodes.e5_pickup_documents.data.text,Документы о заражении,
episode5.nodes.e5_pickup_documents.title,AddItem(11),
episode5.nodes.e5_pickup_documents__choice_0.data.text,Забрать,
episode5.nodes.e5_pickup_documents__choice_0.title,Забрать,
episode5.nodes.e5_pickup_documents__entry.title,При входе,
episode5.nodes.e5_pickup_sig.data.text,"SIG P250, 9 патронов .357 SIG",
episode5.nodes.e5_pickup_sig.title,AddItem(13),
episode5.nodes.e5_pickup_sig__choice_0.data.text,Забрать,
episode5.nodes.e5_pickup_sig__choice_0.title,Забрать,
episode5.nodes.e5_plane_10_v2.data.blocks.0.text,"Куда она бежит, что за ерунда вообще? На миг мелькание ступенек под ногами девушки замедлилось, нахлынувшая так резко паника отступила, и Алиса скептически прислушалась к доносящимся снизу крикам и шуму. И до чего изобретательные нынче пранкеры пошли! Какова реалистичность то! Девушка уже было хотела сделать уверенный шаг вниз, как вдруг с верхней палубы раздался неуверенный звук шагов.",
episode5.nodes.e5_plane_10_v2.data.text,"Куда она бежит, что за ерунда вообще? На миг мелькание ступенек под ногами девушки замедлилось, нахлынувшая так резко паника отступила, и Алиса скептически прислушалась к доносящимся снизу крикам и шуму. И до чего изобретательные нынче пранкеры пошли! Какова реалистичность то! Девушка уже было хотела сделать уверенный шаг вниз, как вдруг с верхней палубы раздался неуверенный звук шагов.",
episode5.nodes.e5_plane_10_v2.title,Episode5 frame 10; type 2,
episode5.nodes.e5_plane_10_v2__choice_0.data.text,Далее,
episode5.nodes.e5_plane_10_v2__choice_0.title,Далее,
episode5.nodes.e5_plane_10_v3.data.blocks.0.text,"Куда она бежит, что за ерунда вообще? На миг мелькание ступенек под ногами девушки замедлилось, нахлынувшая так резко паника отступила, и Алиса скептически прислушалась к доносящимся снизу крикам и шуму. И до чего изобретательные нынче пранкеры пошли! Какова реалистичность то! Девушка уже было хотела сделать уверенный шаг вниз, как вдруг с верхней палубы раздался неуверенный звук шагов.",
episode5.nodes.e5_plane_10_v3.data.text,"Куда она бежит, что за ерунда вообще? На миг мелькание ступенек под ногами девушки замедлилось, нахлынувшая так резко паника отступила, и Алиса скептически прислушалась к доносящимся снизу крикам и шуму. И до чего изобретательные нынче пранкеры пошли! Какова реалистичность то! Девушка уже было хотела сделать уверенный шаг вниз, как вдруг с верхней палубы раздался неуверенный звук шагов.",
episode5.nodes.e5_plane_10_v3.title,Episode5 frame 10; type 3,
episode5.nodes.e5_plane_10_v3__choice_0.data.text,Далее,
episode5.nodes.e5_plane_10_v3__choice_0.title,Далее,
episode5.nodes.e5_plane_11_v2.data.blocks.0.text,"Еще один... С ума здесь все посходили, что ли? Алиса бесстрашно преодолела последние отделяющие ее от второй палубы ступеньки и, скорчив лицо мученицы, направилась к стоящей прямо напротив нее окровавленной стюардессе. Это кровь, серьезно? Да у клуба школьной самодеятельности лучше выйдет! О, вон еще какой-то толстый актер в пиджаке в проходе лежит... О, уже не лежит, а кряхтя поднимается! Девушка звонко засмеялась.",
episode5.nodes.e5_plane_11_v2.data.text,"Еще один... С ума здесь все посходили, что ли? Алиса бесстрашно преодолела последние отделяющие ее от второй палубы ступеньки и, скорчив лицо мученицы, направилась к стоящей прямо напротив нее окровавленной стюардессе. Это кровь, серьезно? Да у клуба школьной самодеятельности лучше выйдет! О, вон еще какой-то толстый актер в пиджаке в проходе лежит... О, уже не лежит, а кряхтя поднимается! Девушка звонко засмеялась.",
episode5.nodes.e5_plane_11_v2.title,Episode5 frame 11; type 2,
episode5.nodes.e5_plane_11_v2__choice_0.data.text,Далее,
episode5.nodes.e5_plane_11_v2__choice_0.title,Далее,
episode5.nodes.e5_plane_11_v3.data.blocks.0.text,"Еще один... С ума здесь все посходили, что ли? Алиса бесстрашно преодолела последние отделяющие ее от второй палубы ступеньки и, скорчив лицо мученицы, направилась к стоящей прямо напротив нее окровавленной стюардессе. Это кровь, серьезно? Да у клуба школьной самодеятельности лучше выйдет! О, вон еще какой-то толстый актер в пиджаке в проходе лежит... О, уже не лежит, а кряхтя поднимается! Девушка звонко засмеялась.",
episode5.nodes.e5_plane_11_v3.data.text,"Еще один... С ума здесь все посходили, что ли? Алиса бесстрашно преодолела последние отделяющие ее от второй палубы ступеньки и, скорчив лицо мученицы, направилась к стоящей прямо напротив нее окровавленной стюардессе. Это кровь, серьезно? Да у клуба школьной самодеятельности лучше выйдет! О, вон еще какой-то толстый актер в пиджаке в проходе лежит... О, уже не лежит, а кряхтя поднимается! Девушка звонко засмеялась.",
episode5.nodes.e5_plane_11_v3.title,Episode5 frame 11; type 3,
episode5.nodes.e5_plane_11_v3__choice_0.data.text,Далее,
episode5.nodes.e5_plane_11_v3__choice_0.title,Далее,
episode5.nodes.e5_plane_12_v1.data.blocks.0.text,"Мимо то и дело ковыляли жуткие окровавленные психи, при виде которых Алиса готова была буквально процарапать днище самолета, чтобы выбраться наружу. Держаться... Без паники... Сспокойно, милая, спокойно. Какофония ужаса и полнейшей неразберихи раздавалась уже позади нее, но облегчения не было — дрожащими руками Алиса изо всех сил закрывала себе рот, трясясь в беззвучных рыданиях.",
episode5.nodes.e5_plane_12_v1.data.text,"Мимо то и дело ковыляли жуткие окровавленные психи, при виде которых Алиса готова была буквально процарапать днище самолета, чтобы выбраться наружу. Держаться... Без паники... Сспокойно, милая, спокойно. Какофония ужаса и полнейшей неразберихи раздавалась уже позади нее, но облегчения не было — дрожащими руками Алиса изо всех сил закрывала себе рот, трясясь в беззвучных рыданиях.",
episode5.nodes.e5_plane_12_v1.title,Episode5 frame 12; type 1,
episode5.nodes.e5_plane_12_v1__choice_0.data.text,Далее,
episode5.nodes.e5_plane_12_v1__choice_0.title,Далее,
episode5.nodes.e5_plane_12_v1_choice_50.data.text,Неожиданно все стихло. Лишь размеренный шум двигателей все также доносился откуда-то снаружи. Неужели все закончилось? Алиса осторожно отняла руки от головы и заглянула в проем между креслами: в поле посаженного бессонными ночами и нервами зрения никого не наблюдалось.,
episode5.nodes.e5_plane_12_v1_choice_50.title,NewItem(50),
episode5.nodes.e5_plane_12_v1_choice_50__choice_0.data.text,Проверить нос самолета,
episode5.nodes.e5_plane_12_v1_choice_50__choice_0.title,Проверить нос самолета,
episode5.nodes.e5_plane_12_v1_choice_50__choice_1.data.text,Подняться на верхнюю палубу,
episode5.nodes.e5_plane_12_v1_choice_50__choice_1.title,Подняться на верхнюю палубу,
episode5.nodes.e5_plane_12_v2.data.blocks.0.text,"Сумрак постепенно покидал сознание девушки, возвращая резкость зрению и твердость нервно подрагивающим конечностям. Где Донат? Он же только что был здесь. Кажется... Алиса уже ни в чем не была уверена наверняка. Осторожный взгляд из-за края кресла и последовавший затем кувырок на пол в очередной раз поставили под сомнение адекватность всего происходящего вокруг. Однако проверять на себе реальность бредущих мимо окровавленных существ не хотелось совершенно.",
episode5.nodes.e5_plane_12_v2.data.text,"Сумрак постепенно покидал сознание девушки, возвращая резкость зрению и твердость нервно подрагивающим конечностям. Где Донат? Он же только что был здесь. Кажется... Алиса уже ни в чем не была уверена наверняка. Осторожный взгляд из-за края кресла и последовавший затем кувырок на пол в очередной раз поставили под сомнение адекватность всего происходящего вокруг. Однако проверять на себе реальность бредущих мимо окровавленных существ не хотелось совершенно.",
episode5.nodes.e5_plane_12_v2.title,Episode5 frame 12; type 2,
episode5.nodes.e5_plane_12_v2__choice_0.data.text,Далее,
episode5.nodes.e5_plane_12_v2__choice_0.title,Далее,
episode5.nodes.e5_plane_12_v2_choice_50.data.text,Неожиданно все стихло. Лишь размеренный шум двигателей все также доносился откуда-то снаружи. Неужели все закончилось? Алиса осторожно отняла руки от головы и заглянула в проем между креслами: в поле посаженного бессонными ночами и нервами зрения никого не наблюдалось.,
episode5.nodes.e5_plane_12_v2_choice_50.title,NewItem(50),
episode5.nodes.e5_plane_12_v2_choice_50__choice_0.data.text,Проверить нос самолета,
episode5.nodes.e5_plane_12_v2_choice_50__choice_0.title,Проверить нос самолета,
episode5.nodes.e5_plane_12_v2_choice_50__choice_1.data.text,Подняться на верхнюю палубу,
episode5.nodes.e5_plane_12_v2_choice_50__choice_1.title,Подняться на верхнюю палубу,
episode5.nodes.e5_plane_13_v1.data.blocks.0.text,"Зрение подвело. В очередной раз. И вот девушка стоит одна в пустом проходе, не способная отвести взгляда от содрогающихся ног сжираемого человеческого трупа. Паника вновь заполонила собой сознание Алисы — один из монстров впереди вдруг по-звериному повел изуродованным лицом и начал медленно разворачиваться в ее сторону. Время вновь донельзя растянулось: отчаянный рывок Алисы, лестница впереди, гулкие удары сердца отдают в голову. Пронесло?",
episode5.nodes.e5_plane_13_v1.data.text,"Зрение подвело. В очередной раз. И вот девушка стоит одна в пустом проходе, не способная отвести взгляда от содрогающихся ног сжираемого человеческого трупа. Паника вновь заполонила собой сознание Алисы — один из монстров впереди вдруг по-звериному повел изуродованным лицом и начал медленно разворачиваться в ее сторону. Время вновь донельзя растянулось: отчаянный рывок Алисы, лестница впереди, гулкие удары сердца отдают в голову. Пронесло?",
episode5.nodes.e5_plane_13_v1.title,Episode5 frame 13; type 1,
episode5.nodes.e5_plane_13_v1__choice_0.data.text,Далее,
episode5.nodes.e5_plane_13_v1__choice_0.title,Далее,
episode5.nodes.e5_plane_13_v2.data.blocks.0.text,"Зрение подвело. В очередной раз. И вот девушка стоит одна в пустом проходе, не способная отвести взгляда от содрогающихся ног сжираемого человеческого трупа. Паника вновь заполонила собой сознание Алисы — один из монстров впереди вдруг по-звериному повел изуродованным лицом и начал медленно разворачиваться в ее сторону. Время вновь донельзя растянулось: отчаянный рывок Алисы, лестница впереди, гулкие удары сердца отдают в голову. Пронесло?",
episode5.nodes.e5_plane_13_v2.data.text,"Зрение подвело. В очередной раз. И вот девушка стоит одна в пустом проходе, не способная отвести взгляда от содрогающихся ног сжираемого человеческого трупа. Паника вновь заполонила собой сознание Алисы — один из монстров впереди вдруг по-звериному повел изуродованным лицом и начал медленно разворачиваться в ее сторону. Время вновь донельзя растянулось: отчаянный рывок Алисы, лестница впереди, гулкие удары сердца отдают в голову. Пронесло?",
episode5.nodes.e5_plane_13_v2.title,Episode5 frame 13; type 2,
episode5.nodes.e5_plane_13_v2__choice_0.data.text,Далее,
episode5.nodes.e5_plane_13_v2__choice_0.title,Далее,
episode5.nodes.e5_plane_14_v1.data.blocks.0.text,"Зрение подвело снова, оставляя Алису одну в пустом проходе, не способную отвести взгляда от дергающихся ног сжираемого тварями мертвеца. Девушка сейчас была легкой добычей, хоть сразу солью с перцем посыпай. Назад, потихонечку, тихо... СУКА! Под каблуком что-то громко хрустнуло, сломало шаткое равновесие. Не успела Алиса пробежать и пяти метров, как пол резко ушел у нее из-под ног, болью пронзая колени и локти. Сквозь гулкие удары собственного сердца девушка услышала рев монстра позади, отброшенного воздушной ямой куда-то между кресел.",
episode5.nodes.e5_plane_14_v1.data.text,"Зрение подвело снова, оставляя Алису одну в пустом проходе, не способную отвести взгляда от дергающихся ног сжираемого тварями мертвеца. Девушка сейчас была легкой добычей, хоть сразу солью с перцем посыпай. Назад, потихонечку, тихо... СУКА! Под каблуком что-то громко хрустнуло, сломало шаткое равновесие. Не успела Алиса пробежать и пяти метров, как пол резко ушел у нее из-под ног, болью пронзая колени и локти. Сквозь гулкие удары собственного сердца девушка услышала рев монстра позади, отброшенного воздушной ямой куда-то между кресел.",
episode5.nodes.e5_plane_14_v1.title,Episode5 frame 14; type 1,
episode5.nodes.e5_plane_14_v1__choice_0.data.text,Далее,
episode5.nodes.e5_plane_14_v1__choice_0.title,Далее,
episode5.nodes.e5_plane_14_v2.data.blocks.0.text,"Зрение подвело снова, оставляя Алису одну в пустом проходе, не способную отвести взгляда от дергающихся ног сжираемого тварями мертвеца. Девушка сейчас была легкой добычей, хоть сразу солью с перцем посыпай. Назад, потихонечку, тихо... СУКА! Под каблуком что-то громко хрустнуло, сломало шаткое равновесие. Не успела Алиса пробежать и пяти метров, как пол резко ушел у нее из-под ног, болью пронзая колени и локти. Сквозь гулкие удары собственного сердца девушка услышала рев монстра позади, отброшенного воздушной ямой куда-то между кресел.",
episode5.nodes.e5_plane_14_v2.data.text,"Зрение подвело снова, оставляя Алису одну в пустом проходе, не способную отвести взгляда от дергающихся ног сжираемого тварями мертвеца. Девушка сейчас была легкой добычей, хоть сразу солью с перцем посыпай. Назад, потихонечку, тихо... СУКА! Под каблуком что-то громко хрустнуло, сломало шаткое равновесие. Не успела Алиса пробежать и пяти метров, как пол резко ушел у нее из-под ног, болью пронзая колени и локти. Сквозь гулкие удары собственного сердца девушка услышала рев монстра позади, отброшенного воздушной ямой куда-то между кресел.",
episode5.nodes.e5_plane_14_v2.title,Episode5 frame 14; type 2,
episode5.nodes.e5_plane_14_v2__choice_0.data.text,Далее,
episode5.nodes.e5_plane_14_v2__choice_0.title,Далее,
episode5.nodes.e5_plane_15_v1.title,Episode5 frame 15; type 1,
episode5.nodes.e5_plane_15_v1__choice_0.data.text,Успеть,
episode5.nodes.e5_plane_15_v1__choice_0.title,Успеть,
episode5.nodes.e5_plane_15_v1__choice_1.data.text,Не успеть,
episode5.nodes.e5_plane_15_v1__choice_1.title,Не успеть,
episode5.nodes.e5_plane_15_v2.title,Episode5 frame 15; type 2,
episode5.nodes.e5_plane_15_v2__choice_0.data.text,Успеть,
episode5.nodes.e5_plane_15_v2__choice_0.title,Успеть,
episode5.nodes.e5_plane_15_v2__choice_1.data.text,Не успеть,
episode5.nodes.e5_plane_15_v2__choice_1.title,Не успеть,
episode5.nodes.e5_plane_16_v1.data.blocks.0.text,"Волна людской паники захлестнула Алису, вовлекая в безумный водоворот тел, широко раскрытых в ужасе глаз и ртов. Все бежали, кричали, кто-то падал и тут же оказывался под подошвами десятков ног — у зверей не было места жалости. Алиса бежала почти последней, с трудом перескакивая через упавших по пути людей. Упал — отстал, отстал — погиб. Сзади неистово ревели взявшиеся из ниоткуда бордовые от крови монстры.",
episode5.nodes.e5_plane_16_v1.data.text,"Волна людской паники захлестнула Алису, вовлекая в безумный водоворот тел, широко раскрытых в ужасе глаз и ртов. Все бежали, кричали, кто-то падал и тут же оказывался под подошвами десятков ног — у зверей не было места жалости. Алиса бежала почти последней, с трудом перескакивая через упавших по пути людей. Упал — отстал, отстал — погиб. Сзади неистово ревели взявшиеся из ниоткуда бордовые от крови монстры.",
episode5.nodes.e5_plane_16_v1.title,Episode5 frame 16; type 1,
episode5.nodes.e5_plane_16_v1__choice_0.data.text,Далее,
episode5.nodes.e5_plane_16_v1__choice_0.title,Далее,
episode5.nodes.e5_plane_16_v2.data.blocks.0.text,"Волна людской паники захлестнула Алису, вовлекая в безумный водоворот тел, широко раскрытых в ужасе глаз и ртов. Все бежали, кричали, кто-то падал и тут же оказывался под подошвами десятков ног — у зверей не было места жалости. Не раз и не два Алисе лишь чудом удавалось избежать падения: каждый раз она умудрялась за что-нибудь ухватиться в самый последний момент.",
episode5.nodes.e5_plane_16_v2.data.text,"Волна людской паники захлестнула Алису, вовлекая в безумный водоворот тел, широко раскрытых в ужасе глаз и ртов. Все бежали, кричали, кто-то падал и тут же оказывался под подошвами десятков ног — у зверей не было места жалости. Не раз и не два Алисе лишь чудом удавалось избежать падения: каждый раз она умудрялась за что-нибудь ухватиться в самый последний момент.",
episode5.nodes.e5_plane_16_v2.title,Episode5 frame 16; type 2,
episode5.nodes.e5_plane_16_v2__choice_0.data.text,Далее,
episode5.nodes.e5_plane_16_v2__choice_0.title,Далее,
episode5.nodes.e5_plane_16_v3.data.blocks.0.text,"Волна людской паники захлестнула Алису, вовлекая в безумный водоворот тел, широко раскрытых в ужасе глаз и ртов. Все бежали, кричали, кто-то падал и тут же оказывался под подошвами десятков ног — у зверей не было места жалости. Не раз и не два Алисе лишь чудом удавалось избежать падения: каждый раз она умудрялась за что-нибудь ухватиться в самый последний момент.",
episode5.nodes.e5_plane_16_v3.data.text,"Волна людской паники захлестнула Алису, вовлекая в безумный водоворот тел, широко раскрытых в ужасе глаз и ртов. Все бежали, кричали, кто-то падал и тут же оказывался под подошвами десятков ног — у зверей не было места жалости. Не раз и не два Алисе лишь чудом удавалось избежать падения: каждый раз она умудрялась за что-нибудь ухватиться в самый последний момент.",
episode5.nodes.e5_plane_16_v3.title,Episode5 frame 16; type 3,
episode5.nodes.e5_plane_16_v3__choice_0.data.text,Далее,
episode5.nodes.e5_plane_16_v3__choice_0.title,Далее,
episode5.nodes.e5_plane_16_v4.data.blocks.0.text,"Бежать, оказаться как можно дальше от распростертых в просительном жесте обглоданных рук и лиц — животный ужас гнал людей вперед, вовлекал в безумный водоворот тел, широко раскрытых глаз и ртов. Все бежали, кричали, кто-то падал и тут же оказывался под подошвами десятков ног — у зверей не было места жалости. И находящейся в глубоком шоке Алисе лишь чудом удавалось избежать падения.",
episode5.nodes.e5_plane_16_v4.data.text,"Бежать, оказаться как можно дальше от распростертых в просительном жесте обглоданных рук и лиц — животный ужас гнал людей вперед, вовлекал в безумный водоворот тел, широко раскрытых глаз и ртов. Все бежали, кричали, кто-то падал и тут же оказывался под подошвами десятков ног — у зверей не было места жалости. И находящейся в глубоком шоке Алисе лишь чудом удавалось избежать падения.",
episode5.nodes.e5_plane_16_v4.title,Episode5 frame 16; type 4,
episode5.nodes.e5_plane_16_v4__choice_0.data.text,Далее,
episode5.nodes.e5_plane_16_v4__choice_0.title,Далее,
episode5.nodes.e5_plane_17_v2.data.blocks.0.text,"На первый взгляд ничего сверхестественного в глаза не бросалось. Алиса нетерпеливо обводила своим нечетким взглядом людей, пока не наткнулась на какой-то чересчур сильный контраст... Девушка прищурилась: да, кожа руки этого сидящего невдалеке мужчины действительно сильно контрастировала с его одеждой. Неужели это он... Однако как ни пыталась Алиса разглядеть хоть какие-то подробности — зрение -4 брало свое.",
episode5.nodes.e5_plane_17_v2.data.text,"На первый взгляд ничего сверхестественного в глаза не бросалось. Алиса нетерпеливо обводила своим нечетким взглядом людей, пока не наткнулась на какой-то чересчур сильный контраст... Девушка прищурилась: да, кожа руки этого сидящего невдалеке мужчины действительно сильно контрастировала с его одеждой. Неужели это он... Однако как ни пыталась Алиса разглядеть хоть какие-то подробности — зрение -4 брало свое.",
episode5.nodes.e5_plane_17_v2.title,Episode5 frame 17; type 2,
episode5.nodes.e5_plane_17_v2__choice_0.data.text,Далее,
episode5.nodes.e5_plane_17_v2__choice_0.title,Далее,
episode5.nodes.e5_plane_18_v1.data.blocks.0.text,"Недолго думая, Алиса припустила следом за своим новым знакомым. Перестук шагов — все ближе шторка, отделяющая их от первого класса. С каждой секундой лишь крепла уверенность в серьезности происходящего: в воздухе буквально витало ощущение непоправимой беды, и бледное, испуганное лицо паренька-стюарда, вставшего между зеваками и происходящим по ту сторону шторки, было тому лишь подтверждением.",
episode5.nodes.e5_plane_18_v1.data.text,"Недолго думая, Алиса припустила следом за своим новым знакомым. Перестук шагов — все ближе шторка, отделяющая их от первого класса. С каждой секундой лишь крепла уверенность в серьезности происходящего: в воздухе буквально витало ощущение непоправимой беды, и бледное, испуганное лицо паренька-стюарда, вставшего между зеваками и происходящим по ту сторону шторки, было тому лишь подтверждением.",
episode5.nodes.e5_plane_18_v1.title,Episode5 frame 18; type 1,
episode5.nodes.e5_plane_18_v1__choice_0.data.text,Далее,
episode5.nodes.e5_plane_18_v1__choice_0.title,Далее,
episode5.nodes.e5_plane_19_v1.data.blocks.0.text,"«Смотри, — стоящий рядом Донат кивком указал на щель в тканевой перегородке. — Я один это вижу?». Проследив направление его взгляда, Алиса привычно прищурилась в попытке разглядеть что-то темное на полу в метрах десяти от них. Большая темная лужа пересекала проход подобно… Аналогию девушка придумать не успела — паренек-стюард вдруг звонко выругался и пропал за шторкой. Эхом ему было странное бульканье и чьи-то припадочные хрипы. «ДА ЧТО С НЕЙ ТАКОЕ?! ПИТЕР, ОТЦЕПИ ЭТУ ТВАРЬ ОТ МЕНЯ!!!»",
episode5.nodes.e5_plane_19_v1.data.text,"«Смотри, — стоящий рядом Донат кивком указал на щель в тканевой перегородке. — Я один это вижу?». Проследив направление его взгляда, Алиса привычно прищурилась в попытке разглядеть что-то темное на полу в метрах десяти от них. Большая темная лужа пересекала проход подобно… Аналогию девушка придумать не успела — паренек-стюард вдруг звонко выругался и пропал за шторкой. Эхом ему было странное бульканье и чьи-то припадочные хрипы. «ДА ЧТО С НЕЙ ТАКОЕ?! ПИТЕР, ОТЦЕПИ ЭТУ ТВАРЬ ОТ МЕНЯ!!!»",
episode5.nodes.e5_plane_19_v1.title,Episode5 frame 19; type 1,
episode5.nodes.e5_plane_19_v1__choice_0.data.text,Далее,
episode5.nodes.e5_plane_19_v1__choice_0.title,Далее,
episode5.nodes.e5_plane_1_v1.data.blocks.0.text,"Бубнеж динамиков сливается с шумом толпы в вязкую противную какофонию, посадочный талон уже наполовину размок во вспотевшей ладони, но Алиса Круз не здесь, она все еще где-то в своей квартире, отвечает на предрассветный звонок брата. Звонок, превративший это утро в адскую беготню, чехарду и хаос. И теперь Алиса здесь. Летит через половину планеты туда, где не была уже, кажется, сотню лет. Домой, в Россию.",
episode5.nodes.e5_plane_1_v1.data.text,"Бубнеж динамиков сливается с шумом толпы в вязкую противную какофонию, посадочный талон уже наполовину размок во вспотевшей ладони, но Алиса Круз не здесь, она все еще где-то в своей квартире, отвечает на предрассветный звонок брата. Звонок, превративший это утро в адскую беготню, чехарду и хаос. И теперь Алиса здесь. Летит через половину планеты туда, где не была уже, кажется, сотню лет. Домой, в Россию.",
episode5.nodes.e5_plane_1_v1.title,Episode5 frame 1; type 1,
episode5.nodes.e5_plane_1_v1__choice_0.data.text,Далее,
episode5.nodes.e5_plane_1_v1__choice_0.title,Далее,
episode5.nodes.e5_plane_20_v1.title,Episode5 frame 20; type 1,
episode5.nodes.e5_plane_20_v1__choice_0.data.text,Успеть,
episode5.nodes.e5_plane_20_v1__choice_0.title,Успеть,
episode5.nodes.e5_plane_20_v1__choice_1.data.text,Не успеть,
episode5.nodes.e5_plane_20_v1__choice_1.title,Не успеть,
episode5.nodes.e5_plane_21_v1.data.blocks.0.text,"Вслед за бледным пареньком за шторкой скрылся и Донат вместе с тройкой самых неравнодушных. Оставшаяся без какой-либо поддержки Алиса тут же почувствовала себя не в своей тарелке и тоже поспешила заглянуть за перегородку. Увиденное было не передавать словами: замеченная ранее темная лужа на деле оказалась кровью, ей же были густо забрызганы стены, кресла, люди… Один из таких окровавленных людей сейчас, пошатываясь, ковылял к Донату со спины. Инстинкты сработали быстрее разума.",
episode5.nodes.e5_plane_21_v1.data.text,"Вслед за бледным пареньком за шторкой скрылся и Донат вместе с тройкой самых неравнодушных. Оставшаяся без какой-либо поддержки Алиса тут же почувствовала себя не в своей тарелке и тоже поспешила заглянуть за перегородку. Увиденное было не передавать словами: замеченная ранее темная лужа на деле оказалась кровью, ей же были густо забрызганы стены, кресла, люди… Один из таких окровавленных людей сейчас, пошатываясь, ковылял к Донату со спины. Инстинкты сработали быстрее разума.",
episode5.nodes.e5_plane_21_v1.title,Episode5 frame 21; type 1,
episode5.nodes.e5_plane_21_v1__choice_0.data.text,Далее,
episode5.nodes.e5_plane_21_v1__choice_0.title,Далее,
episode5.nodes.e5_plane_22_v1.data.blocks.0.text,"Сама не ведая, что творит, девушка отпихнула яростно хрипящего мужчину в сторону кресла. На секунду их глаза встретились: испуганные и покрасневшие — Алисы, и мертвенно-бледные, без зрачков — его. Дальше все как в замедленной съемке: зверино- кровавый оскал, рваная рана на шее, забрызганная бурым сорочка. Пистолет под креслом… Осознание, что ее кто-то куда-то тащит привело в чувство. Донат... Мужчина буквально силком приволок бесчувственную Алису обратно к их местам. Удар по щекам.",
episode5.nodes.e5_plane_22_v1.data.text,"Сама не ведая, что творит, девушка отпихнула яростно хрипящего мужчину в сторону кресла. На секунду их глаза встретились: испуганные и покрасневшие — Алисы, и мертвенно-бледные, без зрачков — его. Дальше все как в замедленной съемке: зверино- кровавый оскал, рваная рана на шее, забрызганная бурым сорочка. Пистолет под креслом… Осознание, что ее кто-то куда-то тащит привело в чувство. Донат... Мужчина буквально силком приволок бесчувственную Алису обратно к их местам. Удар по щекам.",
episode5.nodes.e5_plane_22_v1.title,Episode5 frame 22; type 1,
episode5.nodes.e5_plane_22_v1__choice_0.data.text,Далее,
episode5.nodes.e5_plane_22_v1__choice_0.title,Далее,
episode5.nodes.e5_plane_23_v1.data.blocks.0.text,"Донат вместе с самыми неравнодушными исчез следом. Люди сзади негромко шептались, не сильно горя желанием искать приключений на свои задницы, однако неуютно чувствующая себя в одиночестве Алиса считала иначе. Она осторожно приблизилась к тканевой перегородке и с замиранием сердца заглянула внутрь. Заглянула, чтобы тут же отскочить с вырванной шторкой в руках и брызгами крови на бледном, испуганном лице. Ттам... Тошнота и паника накрывали Алису, топили в своих липких объятьях.",
episode5.nodes.e5_plane_23_v1.data.text,"Донат вместе с самыми неравнодушными исчез следом. Люди сзади негромко шептались, не сильно горя желанием искать приключений на свои задницы, однако неуютно чувствующая себя в одиночестве Алиса считала иначе. Она осторожно приблизилась к тканевой перегородке и с замиранием сердца заглянула внутрь. Заглянула, чтобы тут же отскочить с вырванной шторкой в руках и брызгами крови на бледном, испуганном лице. Ттам... Тошнота и паника накрывали Алису, топили в своих липких объятьях.",
episode5.nodes.e5_plane_23_v1.title,Episode5 frame 23; type 1,
episode5.nodes.e5_plane_23_v1__choice_0.data.text,Далее,
episode5.nodes.e5_plane_23_v1__choice_0.title,Далее,
episode5.nodes.e5_plane_2_v1.data.blocks.0.text,"Все стандартные проверки Алиса проходила «на автопилоте», даже задремать умудрилась в зале ожидания — ночи поэзии и творческих метаний и так высасывали из девушки все соки, а тут еще эти шпионские игры... Нет, в первый момент она Виктору не поверила, брат всегда любил подколоть младшую сестренку. Однако нервный, надломленный голос в трубке этим утром шутить был не намерен. Раздался звук начинающейся посадки.",
episode5.nodes.e5_plane_2_v1.data.text,"Все стандартные проверки Алиса проходила «на автопилоте», даже задремать умудрилась в зале ожидания — ночи поэзии и творческих метаний и так высасывали из девушки все соки, а тут еще эти шпионские игры... Нет, в первый момент она Виктору не поверила, брат всегда любил подколоть младшую сестренку. Однако нервный, надломленный голос в трубке этим утром шутить был не намерен. Раздался звук начинающейся посадки.",
episode5.nodes.e5_plane_2_v1.title,Episode5 frame 2; type 1,
episode5.nodes.e5_plane_2_v1__choice_0.data.text,Далее,
episode5.nodes.e5_plane_2_v1__choice_0.title,Далее,
episode5.nodes.e5_plane_3_v1.data.blocks.0.text,"И как они умудряются быть такими приветливыми в такую рань? Гадство! С этими сборами даже привести себя в порядок не было времени. Как Баба-яга теперь, блин... Очередная улыбчивая работница аэропорта осталась позади, и Алиса лишь обреченно вздохнула. Ну где этот самолет уже?!",
episode5.nodes.e5_plane_3_v1.data.text,"И как они умудряются быть такими приветливыми в такую рань? Гадство! С этими сборами даже привести себя в порядок не было времени. Как Баба-яга теперь, блин... Очередная улыбчивая работница аэропорта осталась позади, и Алиса лишь обреченно вздохнула. Ну где этот самолет уже?!",
episode5.nodes.e5_plane_3_v1.title,Episode5 frame 3; type 1,
episode5.nodes.e5_plane_3_v1__choice_0.data.text,Далее,
episode5.nodes.e5_plane_3_v1__choice_0.title,Далее,
episode5.nodes.e5_plane_4_v1.data.blocks.0.text,"15, 16, 17... 18H. Алиса наконец доковыляла до своего желанного кресла и шумно свалилась в него, отбросив рюкзак на пустое соседнее место. Господи, как же гудит голова... И как люди каждый день так летают? 6 часов ада. Проходите, располагайтесь. Неожиданно кто-то похлопал девушку по плечу.",
episode5.nodes.e5_plane_4_v1.data.text,"15, 16, 17... 18H. Алиса наконец доковыляла до своего желанного кресла и шумно свалилась в него, отбросив рюкзак на пустое соседнее место. Господи, как же гудит голова... И как люди каждый день так летают? 6 часов ада. Проходите, располагайтесь. Неожиданно кто-то похлопал девушку по плечу.",
episode5.nodes.e5_plane_4_v1.title,Episode5 frame 4; type 1,
episode5.nodes.e5_plane_4_v1__choice_0.data.text,Далее,
episode5.nodes.e5_plane_4_v1__choice_0.title,Далее,
episode5.nodes.e5_plane_4_v1_choice_45.data.text,"«Простите. Место 18J, — стоящий рядом парень потряс талончиком на посадку. — Вам весьма удобно, я смотрю». Алиса виновато улыбнулась, признавая свою неправоту. Сидеть у окна она категорически не любила и всегда старалась брать билеты поближе к центру самолета. Но что уж тут поделаешь...",
episode5.nodes.e5_plane_4_v1_choice_45.title,NewItem(45),
episode5.nodes.e5_plane_4_v1_choice_45__choice_0.data.text,Пропустить соседа к окну,
episode5.nodes.e5_plane_4_v1_choice_45__choice_0.title,Пропустить соседа к окну,
episode5.nodes.e5_plane_4_v1_choice_45__choice_1.data.text,Пересесть самой,
episode5.nodes.e5_plane_4_v1_choice_45__choice_1.title,Пересесть самой,
episode5.nodes.e5_plane_5_v1.data.blocks.0.text,"«А давайте меняться? Я вам место у окошка, а вы мне — это ужасное место у прохода» — Алиса была сама открытость и кротость. И то ли пораженный неожиданной своей удачей, то ли просто по доброте душевной — парень уступил, чем несказанно Алису обрадовал. Дуло ей у иллюминатора всегда. И вот спустя каких-то пятнадцать минут старичок Боинг вырулил на взлетную полосу и благополучно поднялся в воздух.",
episode5.nodes.e5_plane_5_v1.data.text,"«А давайте меняться? Я вам место у окошка, а вы мне — это ужасное место у прохода» — Алиса была сама открытость и кротость. И то ли пораженный неожиданной своей удачей, то ли просто по доброте душевной — парень уступил, чем несказанно Алису обрадовал. Дуло ей у иллюминатора всегда. И вот спустя каких-то пятнадцать минут старичок Боинг вырулил на взлетную полосу и благополучно поднялся в воздух.",
episode5.nodes.e5_plane_5_v1.title,Episode5 frame 5; type 1,
episode5.nodes.e5_plane_5_v1__choice_0.data.text,Далее,
episode5.nodes.e5_plane_5_v1__choice_0.title,Далее,
episode5.nodes.e5_plane_5_v2.data.blocks.0.text,"К окну, так к окну, чего уж тут... Алиса недовольно насупилась и, зябко поежившись, сунула руки в карманы кофты. После таких полетов ей всегда нездоровилось. Это если не вспоминать про чудовищный насморк из-за сквозняка рядом с иллюминатором. И вот спустя каких-то пятнадцать минут старичок Боинг вырулил на взлетную полосу и благополучно поднялся в воздух.",
episode5.nodes.e5_plane_5_v2.data.text,"К окну, так к окну, чего уж тут... Алиса недовольно насупилась и, зябко поежившись, сунула руки в карманы кофты. После таких полетов ей всегда нездоровилось. Это если не вспоминать про чудовищный насморк из-за сквозняка рядом с иллюминатором. И вот спустя каких-то пятнадцать минут старичок Боинг вырулил на взлетную полосу и благополучно поднялся в воздух.",
episode5.nodes.e5_plane_5_v2.title,Episode5 frame 5; type 2,
episode5.nodes.e5_plane_5_v2__choice_0.data.text,Далее,
episode5.nodes.e5_plane_5_v2__choice_0.title,Далее,
episode5.nodes.e5_plane_6_v1.data.blocks.0.text,"«Вот сколько летаю — все эти ужасные наушники всем раздают. А ведь двадцать первый век на дворе! — сосед Алисы с грустью перебирал в руках полученные от стюардессы куски пластика, что здесь и вправду называли наушниками. — А у вас нет, случаем?». Музыку послушать в итоге Донату (именно так представился этот приятный мужчина) так и не удалось: следующие несколько часов прошли в разговорах об архитектуре, искусстве и вообще обо всем подряд и напрочь выбили сонливость из головы Алисы.",
episode5.nodes.e5_plane_6_v1.data.text,"«Вот сколько летаю — все эти ужасные наушники всем раздают. А ведь двадцать первый век на дворе! — сосед Алисы с грустью перебирал в руках полученные от стюардессы куски пластика, что здесь и вправду называли наушниками. — А у вас нет, случаем?». Музыку послушать в итоге Донату (именно так представился этот приятный мужчина) так и не удалось: следующие несколько часов прошли в разговорах об архитектуре, искусстве и вообще обо всем подряд и напрочь выбили сонливость из головы Алисы.",
episode5.nodes.e5_plane_6_v1.title,Episode5 frame 6; type 1,
episode5.nodes.e5_plane_6_v1__choice_0.data.text,Далее,
episode5.nodes.e5_plane_6_v1__choice_0.title,Далее,
episode5.nodes.e5_plane_6_v1_choice_47.data.text,"Неожиданно откуда-то со стороны бизнес-класса раздался душераздирающий крик. Женщина визжала настолько отчаянно и дико, что, казалось, ее ели живьем. «Подожди тут, Алис, слышишь? Я проверю: не требуется ли там помощь», — едва договорив, Донат вскочил и опрометью бросился в начало салона.",
episode5.nodes.e5_plane_6_v1_choice_47.title,NewItem(47),
episode5.nodes.e5_plane_6_v1_choice_47__choice_0.data.text,Рвануть следом,
episode5.nodes.e5_plane_6_v1_choice_47__choice_0.title,Рвануть следом,
episode5.nodes.e5_plane_6_v1_choice_47__choice_1.data.text,Остаться сидеть,
episode5.nodes.e5_plane_6_v1_choice_47__choice_1.title,Остаться сидеть,
episode5.nodes.e5_plane_7_v2.data.blocks.0.text,"Не прошло и получаса с начала полета, как лучший друг Алисы — кофе — срочно попросился наружу. И к неимоверному счастью девушки, ближайший туалет даже оказался свободен. «Бледный он какой-то... Что? Кожу видела его? А глаза? Черт, да у меня даже после той пьянки у Тима таких фонарей не было. Он говорит, что простудился... Это простуда, серьезно?! Нееет... Стоп, а вдруг это эбола? Эбола? Да та, что по телевизору крутили недавно! Блин, спокойный же перелет намеч...» — женские голоса где-то совсем рядом неожиданно стихли — судя по всему, кого-то из стюардесс вызвали.",
episode5.nodes.e5_plane_7_v2.data.text,"Не прошло и получаса с начала полета, как лучший друг Алисы — кофе — срочно попросился наружу. И к неимоверному счастью девушки, ближайший туалет даже оказался свободен. «Бледный он какой-то... Что? Кожу видела его? А глаза? Черт, да у меня даже после той пьянки у Тима таких фонарей не было. Он говорит, что простудился... Это простуда, серьезно?! Нееет... Стоп, а вдруг это эбола? Эбола? Да та, что по телевизору крутили недавно! Блин, спокойный же перелет намеч...» — женские голоса где-то совсем рядом неожиданно стихли — судя по всему, кого-то из стюардесс вызвали.",
episode5.nodes.e5_plane_7_v2.title,Episode5 frame 7; type 2,
episode5.nodes.e5_plane_7_v2__choice_0.data.text,Далее,
episode5.nodes.e5_plane_7_v2__choice_0.title,Далее,
episode5.nodes.e5_plane_7_v2_choice_46.data.text,"Спустя минуту рядом с туалетом Алиса была уже в полном одиночестве, только мелькали множественные силуэты за шторкой бизнес-класса. Эбола? Бледная кожа? Авантюристку по натуре, Алису так и тянуло заглянуть, хоть одним глазком увидеть происходящие впереди ужасы. Девушка протянула руку и коснулась ширмы. Стоит ли?",
episode5.nodes.e5_plane_7_v2_choice_46.title,NewItem(46),
episode5.nodes.e5_plane_7_v2_choice_46__choice_0.data.text,Вернуться на свое место,
episode5.nodes.e5_plane_7_v2_choice_46__choice_0.title,Вернуться на свое место,
episode5.nodes.e5_plane_7_v2_choice_46__choice_1.data.text,Заглянуть за шторку,
episode5.nodes.e5_plane_7_v2_choice_46__choice_1.title,Заглянуть за шторку,
episode5.nodes.e5_plane_8_v1.data.blocks.0.text,"За этим преступным занятием Алису и застали «органы правопорядка»: чья-то крепкая рука легла на плечо любопытной девушки. Спешащая по своим делам стюардесса была явно удивлена увидеть такую бесцеремонность, и все попытки узнать у нее такие лакомые подробности провалились с треском. И вот престыженная Алиса бредет на свое место, мямля что-то про «я искала вас» и «вас нигде не было». Это провал...",
episode5.nodes.e5_plane_8_v1.data.text,"За этим преступным занятием Алису и застали «органы правопорядка»: чья-то крепкая рука легла на плечо любопытной девушки. Спешащая по своим делам стюардесса была явно удивлена увидеть такую бесцеремонность, и все попытки узнать у нее такие лакомые подробности провалились с треском. И вот престыженная Алиса бредет на свое место, мямля что-то про «я искала вас» и «вас нигде не было». Это провал...",
episode5.nodes.e5_plane_8_v1.title,Episode5 frame 8; type 1,
episode5.nodes.e5_plane_8_v1__choice_0.data.text,Далее,
episode5.nodes.e5_plane_8_v1__choice_0.title,Далее,
episode5.nodes.e5_plane_8_v2.data.blocks.0.text,"Шаги за спиной привели девушку в чувство, заставляя отпрянуть назад, подальше от манивших ее таинственных силуэтов. Алиса быстренько присела и сделала вид, что просто завязывает шнурки. И вовремя! Еще бы пара секунд, и случился бы знатный конфуз... Прошмыгнув мимо спешащей куда-то стюардессы, Алиса как ни в чем не бывало добралась до своего места. Теперь оставалось лишь успокоить отбивающее чечетку по ребрам сердце...",
episode5.nodes.e5_plane_8_v2.data.text,"Шаги за спиной привели девушку в чувство, заставляя отпрянуть назад, подальше от манивших ее таинственных силуэтов. Алиса быстренько присела и сделала вид, что просто завязывает шнурки. И вовремя! Еще бы пара секунд, и случился бы знатный конфуз... Прошмыгнув мимо спешащей куда-то стюардессы, Алиса как ни в чем не бывало добралась до своего места. Теперь оставалось лишь успокоить отбивающее чечетку по ребрам сердце...",
episode5.nodes.e5_plane_8_v2.title,Episode5 frame 8; type 2,
episode5.nodes.e5_plane_8_v2__choice_0.data.text,Далее,
episode5.nodes.e5_plane_8_v2__choice_0.title,Далее,
episode5.nodes.e5_plane_9_v1.data.blocks.0.text,"Какой бы авантюрной и безрассудной ни была Алиса обычно — сейчас ей было жутко, буквально пробирало до костей. За спинами более смелых было не разглядеть происходящее, но... Тут впереди началось какое-то нервное шевеление. Еще мгновение, и толпа зевак бросилась прочь, будто сама смерть погналась за ними. Алиса от ужаса вжалась в кресло, стараясь стать как можно меньше и крохотнее. Звук шагов впереди...",
episode5.nodes.e5_plane_9_v1.data.text,"Какой бы авантюрной и безрассудной ни была Алиса обычно — сейчас ей было жутко, буквально пробирало до костей. За спинами более смелых было не разглядеть происходящее, но... Тут впереди началось какое-то нервное шевеление. Еще мгновение, и толпа зевак бросилась прочь, будто сама смерть погналась за ними. Алиса от ужаса вжалась в кресло, стараясь стать как можно меньше и крохотнее. Звук шагов впереди...",
episode5.nodes.e5_plane_9_v1.title,Episode5 frame 9; type 1,
episode5.nodes.e5_plane_9_v1__choice_0.data.text,Далее,
episode5.nodes.e5_plane_9_v1__choice_0.title,Далее,
episode5.nodes.e5_plane_9_v1_choice_48.data.text,"Бежать вместе с ними? Спрятаться? Время до предела замедлилось: будто в страшном сне Алиса наблюдала, как окровавленный мужчина впереди вгрызается в шею какой-то девушки. Ммамоччки, ччто же это такое... Грань истерики истончалась с каждой секундой. Где Донат? ГДЕ ЕГО, ЧЕРТ ВОЗЬМИ, НОСИТ?!",
episode5.nodes.e5_plane_9_v1_choice_48.title,NewItem(48),
episode5.nodes.e5_plane_9_v1_choice_48__choice_0.data.text,Спрятаться между сидениями,
episode5.nodes.e5_plane_9_v1_choice_48__choice_0.title,Спрятаться между сидениями,
episode5.nodes.e5_plane_9_v1_choice_48__choice_1.data.text,Последовать за толпой,
episode5.nodes.e5_plane_9_v1_choice_48__choice_1.title,Последовать за толпой,
episode5.nodes.e5_plane_9_v2.data.blocks.0.text,"Шум и крики где-то впереди... Опять кто-то напился, наверное. Алиса лениво перевернулась на бок, пытаясь вернуть ускользающие остатки сна. Раздавшийся следом крик боли и ужаса подобно молоту врезался в сознание, круша джунгли Амазонки и оставляя лишь страх. Девушка осторожно выглянула из-за кресла, силясь разглядеть происходящее. Террористы в масках? Разъяренный психопат? Что за фигня...",
episode5.nodes.e5_plane_9_v2.data.text,"Шум и крики где-то впереди... Опять кто-то напился, наверное. Алиса лениво перевернулась на бок, пытаясь вернуть ускользающие остатки сна. Раздавшийся следом крик боли и ужаса подобно молоту врезался в сознание, круша джунгли Амазонки и оставляя лишь страх. Девушка осторожно выглянула из-за кресла, силясь разглядеть происходящее. Террористы в масках? Разъяренный психопат? Что за фигня...",
episode5.nodes.e5_plane_9_v2.title,Episode5 frame 9; type 2,
episode5.nodes.e5_plane_9_v2__choice_0.data.text,Далее,
episode5.nodes.e5_plane_9_v2__choice_0.title,Далее,
episode5.nodes.e5_plane_9_v2_choice_49.data.text,"Соседа рядом не было, но Алису это сейчас волновало мало: пятое чувство шептало девушке панические предупреждения. Одно за одним в сознании отрисовывались бледные напуганные лица пробегающих мимо людей. Бежать. Быстрее! Решившаяся Алиса вскочила и со всех ног рванула вглубь салона.",
episode5.nodes.e5_plane_9_v2_choice_49.title,NewItem(49),
episode5.nodes.e5_plane_9_v2_choice_49__choice_0.data.text,Подняться на верхнюю палубу,
episode5.nodes.e5_plane_9_v2_choice_49__choice_0.title,Подняться на верхнюю палубу,
episode5.nodes.e5_plane_9_v2_choice_49__choice_1.data.text,Бежать в хвост,
episode5.nodes.e5_plane_9_v2_choice_49__choice_1.title,Бежать в хвост,
episode5.nodes.e5_plane_9_v3.data.blocks.0.text,"Шум и крики где-то впереди... Опять кто-то напился, наверное. Алиса лениво перевернулась на бок, пытаясь вернуть ускользающие остатки сна. Раздавшийся следом крик боли и ужаса подобно молоту врезался в сознание, круша джунгли Амазонки и оставляя лишь страх. Девушка осторожно выглянула из-за кресла, силясь разглядеть происходящее. Террористы в масках? Разъяренный психопат? Что за фигня...",
episode5.nodes.e5_plane_9_v3.data.text,"Шум и крики где-то впереди... Опять кто-то напился, наверное. Алиса лениво перевернулась на бок, пытаясь вернуть ускользающие остатки сна. Раздавшийся следом крик боли и ужаса подобно молоту врезался в сознание, круша джунгли Амазонки и оставляя лишь страх. Девушка осторожно выглянула из-за кресла, силясь разглядеть происходящее. Террористы в масках? Разъяренный психопат? Что за фигня...",
episode5.nodes.e5_plane_9_v3.title,Episode5 frame 9; type 3,
episode5.nodes.e5_plane_9_v3__choice_0.data.text,Далее,
episode5.nodes.e5_plane_9_v3__choice_0.title,Далее,
episode5.nodes.e5_plane_9_v3_choice_49.data.text,"Соседа рядом не было, но Алису это сейчас волновало мало: пятое чувство шептало девушке панические предупреждения. Одно за одним в сознании отрисовывались бледные напуганные лица пробегающих мимо людей. Бежать. Быстрее! Решившаяся Алиса вскочила и со всех ног рванула вглубь салона.",
episode5.nodes.e5_plane_9_v3_choice_49.title,NewItem(49),
episode5.nodes.e5_plane_9_v3_choice_49__choice_0.data.text,Подняться на верхнюю палубу,
episode5.nodes.e5_plane_9_v3_choice_49__choice_0.title,Подняться на верхнюю палубу,
episode5.nodes.e5_plane_9_v3_choice_49__choice_1.data.text,Бежать в хвост,
episode5.nodes.e5_plane_9_v3_choice_49__choice_1.title,Бежать в хвост,
episode5.nodes.e5_rest_1_v1.data.blocks.0.text,"Успела. Пусть едва не прищемив себе обе руки, но Алиса успела придержать створку двери, куда так шустро вбежала преследуемая ею стюардесса. Щелчок замка — окружающие звуки стали тише. Через секунду снаружи раздались угрожающие крики и ругательства, мощные удары обрушились на металл перегородки. Внутри Алисы боролись сейчас две ипостаси, одна из которых требовала впустить оставленных на произвол судьбы людей. Однако девушка не сдвинулась с места — вторая ипостась оказалась сильнее.",
episode5.nodes.e5_rest_1_v1.data.text,"Успела. Пусть едва не прищемив себе обе руки, но Алиса успела придержать створку двери, куда так шустро вбежала преследуемая ею стюардесса. Щелчок замка — окружающие звуки стали тише. Через секунду снаружи раздались угрожающие крики и ругательства, мощные удары обрушились на металл перегородки. Внутри Алисы боролись сейчас две ипостаси, одна из которых требовала впустить оставленных на произвол судьбы людей. Однако девушка не сдвинулась с места — вторая ипостась оказалась сильнее.",
episode5.nodes.e5_rest_1_v1.title,RestArea frame 1; type 1,
episode5.nodes.e5_rest_1_v1__choice_0.data.text,Далее,
episode5.nodes.e5_rest_1_v1__choice_0.title,Далее,
episode5.nodes.e5_rest_1_v2.data.blocks.0.text,"Успела. Пусть едва не прищемив себе обе руки, но Алиса успела придержать створку двери, куда так шустро вбежала преследуемая ею стюардесса. Щелчок замка — окружающие звуки стали тише. Через секунду снаружи раздались угрожающие крики и ругательства, мощные удары обрушились на металл перегородки. Внутри Алисы боролись сейчас две ипостаси, одна из которых требовала впустить оставленных на произвол судьбы людей. Однако девушка не сдвинулась с места — вторая ипостась оказалась сильнее.",
episode5.nodes.e5_rest_1_v2.data.text,"Успела. Пусть едва не прищемив себе обе руки, но Алиса успела придержать створку двери, куда так шустро вбежала преследуемая ею стюардесса. Щелчок замка — окружающие звуки стали тише. Через секунду снаружи раздались угрожающие крики и ругательства, мощные удары обрушились на металл перегородки. Внутри Алисы боролись сейчас две ипостаси, одна из которых требовала впустить оставленных на произвол судьбы людей. Однако девушка не сдвинулась с места — вторая ипостась оказалась сильнее.",
episode5.nodes.e5_rest_1_v2.title,RestArea frame 1; type 2,
episode5.nodes.e5_rest_1_v2__choice_0.data.text,Далее,
episode5.nodes.e5_rest_1_v2__choice_0.title,Далее,
episode5.nodes.e5_rest_2_v1.data.blocks.0.text,"Секундами позже из глубины отсека послышалась брань и переругивания на повышенных тонах, а спустя минуту навстречу Алисе вылетел взъерошенный мужчина в наполовину расстегнутой форме бортпроводника. Буквально отбросив девушку со своего пути, он рванулся к двери, по пути выкрикивая что-то в духе: «Да вы совсем тут все с ума посходили! Какие, мать его, монстры? Что за чушь?! Вы профессионалы, вашу налево!».",
episode5.nodes.e5_rest_2_v1.data.text,"Секундами позже из глубины отсека послышалась брань и переругивания на повышенных тонах, а спустя минуту навстречу Алисе вылетел взъерошенный мужчина в наполовину расстегнутой форме бортпроводника. Буквально отбросив девушку со своего пути, он рванулся к двери, по пути выкрикивая что-то в духе: «Да вы совсем тут все с ума посходили! Какие, мать его, монстры? Что за чушь?! Вы профессионалы, вашу налево!».",
episode5.nodes.e5_rest_2_v1.title,RestArea frame 2; type 1,
episode5.nodes.e5_rest_2_v1__choice_0.data.text,Далее,
episode5.nodes.e5_rest_2_v1__choice_0.title,Далее,
episode5.nodes.e5_rest_2_v2.data.blocks.0.text,"Секундами позже из глубины отсека послышалась брань и переругивания на повышенных тонах, а спустя минуту навстречу Алисе вылетел взъерошенный мужчина в наполовину расстегнутой форме бортпроводника. Буквально отбросив девушку со своего пути, он рванулся к двери, по пути выкрикивая что-то в духе: «Да вы совсем тут все с ума посходили! Какие, мать его, монстры? Что за чушь?! Вы профессионалы, вашу налево!».",
episode5.nodes.e5_rest_2_v2.data.text,"Секундами позже из глубины отсека послышалась брань и переругивания на повышенных тонах, а спустя минуту навстречу Алисе вылетел взъерошенный мужчина в наполовину расстегнутой форме бортпроводника. Буквально отбросив девушку со своего пути, он рванулся к двери, по пути выкрикивая что-то в духе: «Да вы совсем тут все с ума посходили! Какие, мать его, монстры? Что за чушь?! Вы профессионалы, вашу налево!».",
episode5.nodes.e5_rest_2_v2.title,RestArea frame 2; type 2,
episode5.nodes.e5_rest_2_v2__choice_0.data.text,Далее,
episode5.nodes.e5_rest_2_v2__choice_0.title,Далее,
episode5.nodes.e5_rest_3_v1.data.blocks.0.text,"Спустя минуты дверь закрылась во второй раз, только теперь внутри было явно теснее. Сразу несколько десятков уцелевших инстинктивно прислушивались сейчас к доносящейся снаружи какофонии. «Ото зла, от всяких обстояний, от болезней, нечисти, страданий, от аварий ты меня спаси! Ангела хранителя пришли! Защити на небе и на суше...». Что за ерунда? Женский голос все усиливался, подбадриваемый окружающей тишиной: «Змии, порождения ехиднины! как убежите вы от осуждения в геенну?!».",
episode5.nodes.e5_rest_3_v1.data.text,"Спустя минуты дверь закрылась во второй раз, только теперь внутри было явно теснее. Сразу несколько десятков уцелевших инстинктивно прислушивались сейчас к доносящейся снаружи какофонии. «Ото зла, от всяких обстояний, от болезней, нечисти, страданий, от аварий ты меня спаси! Ангела хранителя пришли! Защити на небе и на суше...». Что за ерунда? Женский голос все усиливался, подбадриваемый окружающей тишиной: «Змии, порождения ехиднины! как убежите вы от осуждения в геенну?!».",
episode5.nodes.e5_rest_3_v1.title,RestArea frame 3; type 1,
episode5.nodes.e5_rest_3_v1__choice_0.data.text,Далее,
episode5.nodes.e5_rest_3_v1__choice_0.title,Далее,
episode5.nodes.e5_rest_3_v2.data.blocks.0.text,"Спустя минуты дверь закрылась во второй раз, только теперь внутри было явно теснее. Сразу несколько десятков уцелевших инстинктивно прислушивались сейчас к доносящейся снаружи какофонии. «Ото зла, от всяких обстояний, от болезней, нечисти, страданий, от аварий ты меня спаси! Ангела хранителя пришли! Защити на небе и на суше...». Что за ерунда? Женский голос все усиливался, подбадриваемый окружающей тишиной: «Змии, порождения ехиднины! как убежите вы от осуждения в геенну?!».",
episode5.nodes.e5_rest_3_v2.data.text,"Спустя минуты дверь закрылась во второй раз, только теперь внутри было явно теснее. Сразу несколько десятков уцелевших инстинктивно прислушивались сейчас к доносящейся снаружи какофонии. «Ото зла, от всяких обстояний, от болезней, нечисти, страданий, от аварий ты меня спаси! Ангела хранителя пришли! Защити на небе и на суше...». Что за ерунда? Женский голос все усиливался, подбадриваемый окружающей тишиной: «Змии, порождения ехиднины! как убежите вы от осуждения в геенну?!».",
episode5.nodes.e5_rest_3_v2.title,RestArea frame 3; type 2,
episode5.nodes.e5_rest_3_v2__choice_0.data.text,Далее,
episode5.nodes.e5_rest_3_v2__choice_0.title,Далее,
episode5.nodes.e5_rest_3_v3.data.blocks.0.text,"Спустя минуты дверь закрылась во второй раз, только теперь внутри было явно теснее. Сразу несколько десятков уцелевших инстинктивно прислушивались сейчас к доносящейся снаружи какофонии. «Ото зла, от всяких обстояний, от болезней, нечисти, страданий, от аварий ты меня спаси! Ангела хранителя пришли! Защити на небе и на суше...». Что за ерунда? Женский голос все усиливался, подбадриваемый окружающей тишиной: «Змии, порождения ехиднины! как убежите вы от осуждения в геенну?!».",
episode5.nodes.e5_rest_3_v3.data.text,"Спустя минуты дверь закрылась во второй раз, только теперь внутри было явно теснее. Сразу несколько десятков уцелевших инстинктивно прислушивались сейчас к доносящейся снаружи какофонии. «Ото зла, от всяких обстояний, от болезней, нечисти, страданий, от аварий ты меня спаси! Ангела хранителя пришли! Защити на небе и на суше...». Что за ерунда? Женский голос все усиливался, подбадриваемый окружающей тишиной: «Змии, порождения ехиднины! как убежите вы от осуждения в геенну?!».",
episode5.nodes.e5_rest_3_v3.title,RestArea frame 3; type 3,
episode5.nodes.e5_rest_3_v3__choice_0.data.text,Далее,
episode5.nodes.e5_rest_3_v3__choice_0.title,Далее,
episode5.nodes.e5_rest_3_v4.data.blocks.0.text,"Спустя минуты дверь закрылась во второй раз, только теперь внутри было явно теснее. Сразу несколько десятков уцелевших инстинктивно прислушивались сейчас к доносящейся снаружи какофонии. «Ото зла, от всяких обстояний, от болезней, нечисти, страданий, от аварий ты меня спаси! Ангела хранителя пришли! Защити на небе и на суше...». Что за ерунда? Женский голос все усиливался, подбадриваемый окружающей тишиной: «Змии, порождения ехиднины! как убежите вы от осуждения в геенну?!».",
episode5.nodes.e5_rest_3_v4.data.text,"Спустя минуты дверь закрылась во второй раз, только теперь внутри было явно теснее. Сразу несколько десятков уцелевших инстинктивно прислушивались сейчас к доносящейся снаружи какофонии. «Ото зла, от всяких обстояний, от болезней, нечисти, страданий, от аварий ты меня спаси! Ангела хранителя пришли! Защити на небе и на суше...». Что за ерунда? Женский голос все усиливался, подбадриваемый окружающей тишиной: «Змии, порождения ехиднины! как убежите вы от осуждения в геенну?!».",
episode5.nodes.e5_rest_3_v4.title,RestArea frame 3; type 4,
episode5.nodes.e5_rest_3_v4__choice_0.data.text,Далее,
episode5.nodes.e5_rest_3_v4__choice_0.title,Далее,
episode5.nodes.e5_rest_4_v1.data.blocks.0.text,"Женщина кричала все громче, не переставая креститься и осенять крестным знамением все подряд. Ее пытались утихомирить, пытались грубо заткнуть, но ополоумевшая тетка лишь громче верещала и старалась забиться подальше от сыплющегося на нее града ударов. В один момент за безумку вступились, а перепалки на повышенных тонах начали перерастать в открытые драки. Необходимо было срочно что-то предпринять, иначе все грозило закончиться плачевно.",
episode5.nodes.e5_rest_4_v1.data.text,"Женщина кричала все громче, не переставая креститься и осенять крестным знамением все подряд. Ее пытались утихомирить, пытались грубо заткнуть, но ополоумевшая тетка лишь громче верещала и старалась забиться подальше от сыплющегося на нее града ударов. В один момент за безумку вступились, а перепалки на повышенных тонах начали перерастать в открытые драки. Необходимо было срочно что-то предпринять, иначе все грозило закончиться плачевно.",
episode5.nodes.e5_rest_4_v1.title,RestArea frame 4; type 1,
episode5.nodes.e5_rest_4_v1__choice_0.data.text,Далее,
episode5.nodes.e5_rest_4_v1__choice_0.title,Далее,
episode5.nodes.e5_rest_5_v1.data.blocks.0.text,"В голове вдруг всплыла услышанная совсем недавно фраза: «Кожу видела его? А глаза? Черт, да у меня даже после той пьянки у Тима таких фонарей не было». Глаза… Кожа… И как раз оттуда все... А что, если… «СТОЙТЕ ВСЕ!!! — сорвавшийся голос фальцетом прокатился по узкой комнатушке. — ЗАТКНИТЕСЬ, ЕСЛИ ХОТИТЕ ЖИТЬ! ПОДНИМИТЕ ВСЕ РУКИ! БЫСТРО!!!». Такая резкая и, на первый взгляд, абсолютно бессмысленная команда неожиданно возымела свое действие: теперь все, включая еще недавно дерущихся, во все глаза уставились на дерзкую выскочку.",
episode5.nodes.e5_rest_5_v1.data.text,"В голове вдруг всплыла услышанная совсем недавно фраза: «Кожу видела его? А глаза? Черт, да у меня даже после той пьянки у Тима таких фонарей не было». Глаза… Кожа… И как раз оттуда все... А что, если… «СТОЙТЕ ВСЕ!!! — сорвавшийся голос фальцетом прокатился по узкой комнатушке. — ЗАТКНИТЕСЬ, ЕСЛИ ХОТИТЕ ЖИТЬ! ПОДНИМИТЕ ВСЕ РУКИ! БЫСТРО!!!». Такая резкая и, на первый взгляд, абсолютно бессмысленная команда неожиданно возымела свое действие: теперь все, включая еще недавно дерущихся, во все глаза уставились на дерзкую выскочку.",
episode5.nodes.e5_rest_5_v1.title,RestArea frame 5; type 1,
episode5.nodes.e5_rest_5_v1__choice_0.data.text,Далее,
episode5.nodes.e5_rest_5_v1__choice_0.title,Далее,
episode5.nodes.e5_result_114.data.text,"Грим и вправду выглядел жутковато: вся эта кровь, рваные раны, все эти... «СТОЙ! Ты что делаешь?! Отстань от меня, дура!» — «актриса» вдруг ни с того ни с сего набросилась на Алису, норовя вцепиться зубами ей в руку. Все произошло так резко и неожиданно, что девушка, не удержав равновесия, кубарем полетела на пол вместе с обидчицей. Какого черта?! Алиса хотела было вскочить, чтобы высказать все, что она думает о сервисе, авиакомпании и стюардессах вообще, но что-то холодное и цепкое вдруг обхватило ее лодыжку.",
episode5.nodes.e5_result_114.title,ResultBad(114),
episode5.nodes.e5_result_115.data.text,"Рычание и хруст отбрасываемых подлокотников был все ближе, однако ручка багажного отделения не поддавалась. Белыми от натуги пальцами Алиса неистово старалась сдвинуть непослушный рычаг, искромсанные ногти, казалось, лишь придавали сил, но тщетно. ДА БЛЯТЬ! В последнее мгновение девушка не выдержала: дрогнула, рванула куда-то вперед, туда, где все началось. Конец настиг ее жмущейся в угол за сидением бизнес-класса.",
episode5.nodes.e5_result_115.title,ResultBad(115),
episode5.nodes.e5_result_116.data.text,"В один момент удача у Алисы закончилась, оставила ее один на один с жестокой реальностью, в которой тебя могут  схватить за ногу, свалить и переступить через твое извивающееся тело, чтобы самому бежать дальше, сражаться за свою жизнь любыми способами. Девушка даже успела подняться на ноги, когда сразу две твари влетели в нее подобно таранам.",
episode5.nodes.e5_result_116.title,ResultBad(116),
episode5.nodes.e5_result_117.data.text,"Выстрел, еще один, совсем рядом, буквально в нескольких метрах — девушка от неожиданности дернулась, роняя жуткие документы, попыталась развернуться на звук, но что-то тяжелое вдруг навалилось сверху, обдавая волной сладковатого запаха. Инстинкты зашлись в угрожающих сигналах, предупреждая о смертельной опасности, но Алиса лишь беспомощно замахала руками в попытках освободиться. Мир будто взорвался мириадами искр, чудовищная боль в шее выбила сознание из тела девушки. Последовавших затем выстрелов Алиса уже не услышала.",
episode5.nodes.e5_result_117.title,ResultBad(117),
episode5.nodes.e5_result_118.data.text,"Прозвучал выстрел. Заткнул девушку на полуслове, бросил на окровавленный пол в полном недоумении и удивлении. Как же это... Как же так? Она слишком активно и зло пыталась воззвать к разуму пилота? Или... Или у него просто не выдержали нервы? Или... Простреленная нога не слушалась Алису, пытающуюся отползти под хлипкую защиту кресла. Выстрел, второй, третий. Уже не в нее, нет, в кого-то позади. Но радоваться было нечему: попавший в кровь девушки вирус медленно пожирал ее изнутри. Сухой щелчок — у пилота закончились патроны, глухое рычание — тварь все еще была жива.",
episode5.nodes.e5_result_118.title,ResultBad(118),
episode5.nodes.e5_result_119.data.text,"Нет, так нельзя, так неправильно! Девушка бросилась в гущу борьбы, позабыв про опасность и смерть, отсчитывающую ее последние минуты. Совместными усилиями люди смогли отбросить тварей вниз, к подножию лестницы, выиграв этим несколько десятков спасительных секунд. Теперь вверх, по чуть-чуть, понемножку. Лекс был до жути тяжелым, будто весившим целый центнер, и девушка очень быстро выбилась из сил в попытках затащить его на палубу. Последний рывок — скользкий красный край ступеньки уходит у Алисы из под ноги, заставляя ее кувыркаться вниз.",
episode5.nodes.e5_result_119.title,ResultBad(119),
episode5.nodes.e5_result_120.data.text,"Ощущение некой неправильности пришло с запозданием, тогда, когда уже ничего нельзя было изменить. Последовательность из спасительной резко превратилась в смертельную для Алисы, из распахнутой ею двери показалось бледное перекошенное лицо. Назад, беги, СПАСАЙСЯ — все органы чувств буквально разрывались в предупреждениях, но выхода теперь не было. Ловушка захлопнулась, оставляя девушку одну в окружении тварей. Смертельно уставшую. Смертельно укушенную.",
episode5.nodes.e5_result_120.title,ResultBad(120),
episode5.nodes.e5_result_121.data.text,"Полка оказалась не такой, как на фото девушек-стюардесс из Инстаграма: там, где последние умудрялись растянуться во весь рост, Алиса не смогла даже полностью поместиться. Нет, хуже убежища представить было нельзя. Холодеющая от накатывающего страха девушка уже было хотела спрыгнуть вниз, подыскать что-нибудь более безопасное, но... Алиса бросила взгляд в сторону лестницы и остолбенела, пригвожденная леденящей душу картиной: сразу три твари медленно, словно поднимающийся топор палача, ковыляли по ее душу. Не сбежать, не скрыться.",
episode5.nodes.e5_result_121.title,ResultBad(121),
episode5.nodes.e5_result_122.data.text,"Шорохи и хрипы раздавались уже на самой палубе — твари одна за одной показывались из темного жерла лестницы, вращая перекошенными лицами, если их вообще можно было еще так называть. Алиса пока оставалась незамеченной, но надолго ли? Выгадав момент, девушка на четвереньках переползла в дальний конец салона, выигрывая для себя еще немного времени. Теперь остава... Стоп, нет, нет нет! Пыль с пола предательски щекотала ноздри, норовя забраться поглубже. АПЧХИ! Алиса зажала рот руками, но было уже поздно.",
episode5.nodes.e5_result_122.title,ResultBad(122),
episode5.nodes.e5_result_123.data.text,"Какой код, КАКОЙ?! Холодный пот ручьями стекал по спине девушки, одежда противно липла к телу, но она как будто не замечала этого. Неужели она забыла? КАКОЙ БЫЛ ЧЕРТОВ ПАРОЛЬ?! Трясущимися пальцами Алиса раз за разом набирала приходившие в голову комбинации, однако лампочка лишь издевательски подмигивала ей красным. Взгляд в сторону лестницы — твари уже здесь, ковыляют по ее душу. Одна, две, ТРИ! Возглас отчаяния разлетелся по мертвому салону лайнера.",
episode5.nodes.e5_result_123.title,ResultBad(123),
episode5.nodes.e5_result_124.data.text,"Почему он не спросил про код? А про кровь на рубашке, заражение, и... ПОЧЕМУ ОН ТАК СПОКОЕН?! Алиса ерзала в глубоком пилотском кресле, терзаемая вопросами, на которые не способна была найти ответа. Капитан продолжал молчать. Смеркалось. Спустя примерно 40 минут самолет приземлился в заснеженном аэропорту Брингеланд, в Фёрде — именно так гласила большая табличка на главном здании. Ни первое, ни второе название не говорили ровным счетом ничего для Алисы. Одно она могла сказать точно — это была не Россия.",
episode5.nodes.e5_result_124.title,ResultBad(124),
episode5.nodes.e5_result_125.data.text,"Женщина вдруг неистово закричала, не переставая креститься самой и осенять крестным знамением всех подряд. Ее попытались сначала утихомирить, затем грубо заткнуть, но ополоумевшая тетка лишь громче верещала и старалась забиться подальше в угол от сыплющихся на нее сверху ударов. Кто-то вступился за безумку, началась драка, давка и столпотворение, в разгаре которых никто не заметил медленно оседающего на пол бледного мужичка. Того самого, который спустя мгновения заставит людей рваться наружу, прямиком в лапы заждавшихся тварей.",
episode5.nodes.e5_result_125.title,ResultBad(125),
episode5.nodes.e5_result_126.data.text,"Алиса бросилась обратно в сторону кухни с намерением помочь, однако все оказалось иначе, чем она ожидала: сваленные в кучу тележки перекрыли дорогу не только толпе тварей, но и обычным, ни в чем не повинным людям, обреченным теперь на мучительную смерть. Озадаченная девушка невольно ослабила давление на баррикаду и в следующее мгновение мешком полетела на пол вместе с кусками хлипкого укрепления, отброшенная сильнейшим толчком. Мир взорвался тысячами искр и утонул во мраке следом — одна из тележек раздробила Алисе голень, отправляя в забытье.",
episode5.nodes.e5_result_126.title,ResultBad(126),
episode5.nodes.e5_result_127.data.text,"Черт, черт, черт! Алиса уже было набросила на зомби (именно так называли этих тварей в группе) ремень от своей сумочки, когда монстр неожиданно дернулся, привлеченный чьим-то близким верещанием, попытался развернуться и неуклюже завалился на девушку, намертво пригвождая ту к полу. Судорожные попытки освободиться лишь приближали яростный хрип и скрежет зубов. ПОЧЕМУ ЕЙ НИКТО НЕ ПОМОЖЕТ?! Спустя десяток секунд монстра все-таки оттащили от все слабее сопротивляющейся девушки, однако было уже поздно.",
episode5.nodes.e5_result_127.title,ResultBad(127),
episode5.nodes.e5_result_128.data.text,"Из тупика нужно было выбираться, и как можно скорей — оголенные инстинкты требовали этого со все большей настойчивостью. Алиса уже вовсю металась по хвосту самолета в поисках укрытия, когда за спиной раздались многоголосые вопли и топот. Девушка, нервно оглянулась, ожидая худшего, однако увиденное оказалось прямо противоположным: та самая захлопнувшаяся дверь теперь снова была открыта, и люди разношерстным потоком вливались внутрь. Алиса рванулась вдогонку, попутно что-то крича, но ответом ей стал лишь удар ботинком в грудь и предательский лязг замков, обрекающий ее на растерзание.",
episode5.nodes.e5_result_128.title,ResultBad(128),
episode5.nodes.e5_result_129.data.text,"Женщина кричала все громче, не переставая креститься и осенять крестным знамением все подряд. Ее пытались утихомирить, грубо заткнуть, но ополоумевшая тетка лишь громче верещала и старалась забиться подальше от сыплющегося на нее града ударов. В один момент за нее вступились, а перепалки на повышенных тонах начали перерастать в открытые драки. Необходимо было срочно что-то предпринять, однако, как ни пыталась Алиса докричаться до обезумевших людей со ступенек лестницы, все было тщетно. Спустя несколько минут из глубины помещения раздался полный боли и ужаса вопль, в момент выгрызая в панике спасающихся людей наружу, прямо в лапы заждавшихся тварей.",
episode5.nodes.e5_result_129.title,ResultBad(129),
episode5.nodes.e5_result_130.data.text,"В установившейся хрупкой тишине было услышано каждое слово Алисы: о болезни, возможном заражении и желании прекратить всю ту хрень, что творилась внутри последние несколько минут. Фоном выступлению служила яростно скрежещущая под напором тварей входная дверь. Через 5 минут последний раненый оказался за стеной из матрасов и человеческой отреченности, а через 15 — стих его последний предсмертный хрип, уступив место еще более жутким звукам. Теперь оставалось лишь ждать. Ждать посадки, спасения, избавления от всего этого. Все ведь не могло для Алисы закончиться вот так... Правда ведь?",
episode5.nodes.e5_result_130.title,ResultBad(130),
episode5.nodes.e5_result_131.data.text,"За скрипом пришло глухое сипение. Звук эхом отражался от стен, леденящим холодом обволакивал перепуганную девушку, заставляя ту до рези в глазах вглядываться в беспросветную темноту отсека. Слева! Нет, СПРАВА! В один момент Алиса вдруг поймала себя на мысли, что видит перед собой будто бы сотканный из тьмы силуэт медленно движущийся на нее. Пот ледяными струйками стекал по спине девушки. Вдруг ей это кажется, вдруг игра больного воображение? Вдруг... Тут сипение повторилось, уже намного громче. Прямо позади Алисы.",
episode5.nodes.e5_result_131.title,ResultBad(131),
episode5.nodes.e5_result_132.data.text,"Тяжелая крышка захлопнулась, отсекая людей от внешнего, ставшего в одночасье сверхагрессивным мира. «Сейчас, погоди, тут выключатель где-то был, если мне память не изменяет», — Лекс уверенно направился куда-то в темноту, но не успел он сделать и пары шагов, как по отсеку разнеслось глухое сипение. Внутри был кто-то еще. «Ккто здесь?!» — пораженный страхом голос не слушался пилота. Однако ответа не последовало, лишь повторилось жуткое протяжное сипение. Уже намного ближе. В следующее мгновение тьма озарилась вспышками, пули свинцовыми осами разлетелись по отсеку, вмиг настигая перепуганную Алису. ",
episode5.nodes.e5_result_132.title,ResultBad(132),
episode5.nodes.e5_result_133.data.text,"Люк над головой, свет режет глаза... Господи, как же болят ребра... Алиса постепенно приходила в себя, пытаясь вспомнить произошедшее, но в череп будто напихали ваты: зацепиться за что-то было крайне сложно. «Погоди, а ты не родня тому самому Островскому? Ну, как его… Из известных», — голос Лекса. С кем это он там? «Ну нет, не свезло мне. Или наоборот, кто его знает», — молодой голос негромко засмеялся в ответ. — «Подруга-то твоя очнулась, Лекс». Пилот направился к девушке, казалось, виновато улыбавшись. В голове вдруг всплыли огненные вспышки, оскаленная морда твари, дальше Алису словно молотом приложили... В груди вновь невыносимо заныло.",
episode5.nodes.e5_result_133.title,ResultBad(133),
episode5.nodes.e5_result_134.data.text,"Сдавленный вскрик совсем рядом привел девушку в чувство, заставляя опрометью броситься на помощь пилоту. Черт, черт, черт, пока она придавалась каким-то своим паническим размышлизмам, эти гребанные твари продавили таки сопротивление Лекса и сейчас вовсю пытались порвать того на куски. И стоило Алисе лишь приблизиться, как один из монстров резво отбросил ботинок пилота и, глухо захрипев, бросился на нее, вмиг сминая хлипкую защиту девичьих рук.",
episode5.nodes.e5_result_134.title,ResultBad(134),
episode5.nodes.e5_result_135.data.text,"Скованные напряжением руки все хуже слушались Алису, однако мертвенно-холодные буры глаз позади не давали расслабиться. Теперь было ясно абсолютно точно — их преследовали; открыто и неумолимо, как сама смерть, твари сокращали расстояние. Лидер вдруг резко остановился, привлеченный чем-то на лестнице. О господи... От увиденного стоящую рядом девушку перегнуло пополам, заставляя выпустить «зомби-уздечку», спустить тварь с поводка. Взгляд на лидера — страх в глазах; страх и... Нет, нет, НЕТ! Отчаянный рывок оставил Алису с чужим браслетом с надписью «EVAN» в руке. В следующее мгновение лидер толкнул свою тварь к обреченным людям.",
episode5.nodes.e5_result_135.title,ResultBad(135),
episode5.nodes.e5_result_136.data.text,"Тяжесть оружия придавала уверенности, заставляла раз за разом подниматься, чтобы вновь оказаться на полу в бессильной злобе на себя и весь мир. Она не могла, была не способна нажать на спуск! Еще недавно они по-дружески спорили о всякой ерунде, а сейчас... Из глаз Алисы градом катились слезы. Девушка в очередной раз на негнущихся ногах приблизилась к кругу света, в котором теперь извивалось жуткое нечто. Палец нервно вибрировал на спусковом крючке в такт натянутым нервам. Выстрел. Алиса вначале даже не поняла, что произошло — так неожиданно раздался сверху чей-то безумный крик, заглушенный многоголосыми хрипением. Движения внутри круга стихли.",
episode5.nodes.e5_result_136.title,ResultBad(136),
episode5.nodes.e5_sector_1_v1.data.blocks.0.text,"Успех, удача, ДА! С диким воплем Алиса влетела в темное нутро багажного отсека, оставляя где-то наверху едва-едва не поспевшего за ней монстра и куски своих залитых кровью ногтей. Над головой рев и дикий рык, снизу — тишина. И кромешная тьма. Контраст и неизвестность стальными тисками сжали сознание. «Эээй! Есть тут кто?» — дрожащий нервный шепот, казалось, принадлежал кому-то другому. Ответа не было, лишь протяжный скрип откуда-то из глубины отсека.",
episode5.nodes.e5_sector_1_v1.data.text,"Успех, удача, ДА! С диким воплем Алиса влетела в темное нутро багажного отсека, оставляя где-то наверху едва-едва не поспевшего за ней монстра и куски своих залитых кровью ногтей. Над головой рев и дикий рык, снизу — тишина. И кромешная тьма. Контраст и неизвестность стальными тисками сжали сознание. «Эээй! Есть тут кто?» — дрожащий нервный шепот, казалось, принадлежал кому-то другому. Ответа не было, лишь протяжный скрип откуда-то из глубины отсека.",
episode5.nodes.e5_sector_1_v1.title,InsideTheSector frame 1; type 1,
episode5.nodes.e5_sector_1_v1__choice_0.data.text,Далее,
episode5.nodes.e5_sector_1_v1__choice_0.title,Далее,
episode5.nodes.e5_sector_2_v1.data.blocks.0.text,"Успех, удача, ДА! С диким воплем Алиса влетела в темное нутро багажного отсека, оставляя где-то наверху едва-едва не поспевшего за ней монстра и куски своих залитых кровью ногтей. Над головой рев и дикий рык, снизу — тишина. И кромешная тьма. Контраст и неизвестность стальными тисками сжали сознание. «Эээй! Есть тут кто?» — дрожащий нервный шепот, казалось, принадлежал кому-то другому. Ответом Алисе был луч света в лицо.",
episode5.nodes.e5_sector_2_v1.data.text,"Успех, удача, ДА! С диким воплем Алиса влетела в темное нутро багажного отсека, оставляя где-то наверху едва-едва не поспевшего за ней монстра и куски своих залитых кровью ногтей. Над головой рев и дикий рык, снизу — тишина. И кромешная тьма. Контраст и неизвестность стальными тисками сжали сознание. «Эээй! Есть тут кто?» — дрожащий нервный шепот, казалось, принадлежал кому-то другому. Ответом Алисе был луч света в лицо.",
episode5.nodes.e5_sector_2_v1.title,InsideTheSector frame 2; type 1,
episode5.nodes.e5_sector_2_v1__choice_0.data.text,Далее,
episode5.nodes.e5_sector_2_v1__choice_0.title,Далее,
episode5.nodes.e5_sector_3_v1.data.blocks.0.text,"Дрожащий луч медленно осветил девушку с ног до головы, будто постепенно узнавая. «А... Алисса? Тты?» — даже такой тихий прерывистый шепот давался мужчине с большим трудом. Казалось, каждый лишний произнесенный звук стоил ему лишней порции боли. Донат... Кто же еще мог знать ее имя в этом Богом забытом месте. «Сстой. Нне. Иди», — девушка сделала шаг на свет, не послушалась приказа, просьбы. Мольбы... Перед глазами в свете фонаря предстал ее бывший попутчик.",
episode5.nodes.e5_sector_3_v1.data.text,"Дрожащий луч медленно осветил девушку с ног до головы, будто постепенно узнавая. «А... Алисса? Тты?» — даже такой тихий прерывистый шепот давался мужчине с большим трудом. Казалось, каждый лишний произнесенный звук стоил ему лишней порции боли. Донат... Кто же еще мог знать ее имя в этом Богом забытом месте. «Сстой. Нне. Иди», — девушка сделала шаг на свет, не послушалась приказа, просьбы. Мольбы... Перед глазами в свете фонаря предстал ее бывший попутчик.",
episode5.nodes.e5_sector_3_v1.title,InsideTheSector frame 3; type 1,
episode5.nodes.e5_sector_3_v1__choice_0.data.text,Далее,
episode5.nodes.e5_sector_3_v1__choice_0.title,Далее,
episode5.nodes.e5_sector_4_v2.data.blocks.0.text,"Бывший? Люди загибались и при меньших, не столь чудовищных ранениях: шея, плечи, живот, ноги — казалось, кровью был залит каждый сантиметр изувеченного тела. В одной руке Доната часто-часто подрагивал маленький фонарик, в другой же — пистолет, приставленный к виску. «Алл... Алисса. Я. Я...» — мужчина из последних сил силился что- то выговорить. Его тело охватила мелкая дрожь, переходящая в конвульсии, руки безвольными плетьми распластались на бордовом от крови полу.",
episode5.nodes.e5_sector_4_v2.data.text,"Бывший? Люди загибались и при меньших, не столь чудовищных ранениях: шея, плечи, живот, ноги — казалось, кровью был залит каждый сантиметр изувеченного тела. В одной руке Доната часто-часто подрагивал маленький фонарик, в другой же — пистолет, приставленный к виску. «Алл... Алисса. Я. Я...» — мужчина из последних сил силился что- то выговорить. Его тело охватила мелкая дрожь, переходящая в конвульсии, руки безвольными плетьми распластались на бордовом от крови полу.",
episode5.nodes.e5_sector_4_v2.title,InsideTheSector frame 4; type 2,
episode5.nodes.e5_sector_4_v2__choice_0.data.text,Далее,
episode5.nodes.e5_sector_4_v2__choice_0.title,Далее,
episode5.nodes.e5_under_1_v1.data.blocks.0.text,"На первый взгляд план выглядел чисто и опрятно, если не учитывать факт наличия в нем охочих до людской плоти жутких тварей. Однако особого выбора у Алисы не было. Пробормотав что-то про карму и вселенскую несправедливость, девушка приступила к первой фазе — привлечению внимания. В рамках этой фазы необходимо было отвлечь от остальных выживших как можно больше монстров, разделить толпу и, по возможности, проредить ее огнестрельным путем. Что может быть проще, не правда ли?",
episode5.nodes.e5_under_1_v1.data.text,"На первый взгляд план выглядел чисто и опрятно, если не учитывать факт наличия в нем охочих до людской плоти жутких тварей. Однако особого выбора у Алисы не было. Пробормотав что-то про карму и вселенскую несправедливость, девушка приступила к первой фазе — привлечению внимания. В рамках этой фазы необходимо было отвлечь от остальных выживших как можно больше монстров, разделить толпу и, по возможности, проредить ее огнестрельным путем. Что может быть проще, не правда ли?",
episode5.nodes.e5_under_1_v1.title,EndsUnder frame 1; type 1,
episode5.nodes.e5_under_1_v1__choice_0.data.text,Далее,
episode5.nodes.e5_under_1_v1__choice_0.title,Далее,
episode5.nodes.e5_under_2_v1.data.blocks.0.text,"Все пошло не по плану ровно в тот момент, когда на шум, издаваемый Алисой, из глубин салона пожаловали первые твари. Самые быстрые. Иррационально быстрые. К такому оказался не готов никто, а противостояние из милого тира резко превратилось в борьбу за жизнь с переходом в партер. И все же людям удалось отбить эту атаку, пусть ценой почти всех патронов и парочки новых седых волос на голове пилота, но удалось. Впору было задумываться о плане Б... И как можно скорее.",
episode5.nodes.e5_under_2_v1.data.text,"Все пошло не по плану ровно в тот момент, когда на шум, издаваемый Алисой, из глубин салона пожаловали первые твари. Самые быстрые. Иррационально быстрые. К такому оказался не готов никто, а противостояние из милого тира резко превратилось в борьбу за жизнь с переходом в партер. И все же людям удалось отбить эту атаку, пусть ценой почти всех патронов и парочки новых седых волос на голове пилота, но удалось. Впору было задумываться о плане Б... И как можно скорее.",
episode5.nodes.e5_under_2_v1.title,EndsUnder frame 2; type 1,
episode5.nodes.e5_under_2_v1__choice_0.data.text,Далее,
episode5.nodes.e5_under_2_v1__choice_0.title,Далее,
episode5.nodes.e5_under_2_v2.data.blocks.0.text,"Взвесили все «за», «против» и решили, что план с потенциальной западней в носу самолета — не самый удачный, если учесть охочих до людской плоти жутких тварей. Может стоит бросить все и вернуться обратно? Стоит ли рисковать жизнью ради кого-то, кто уже мог быть мертв? Однако Лекс был непреклонен, кипящий в крови мужчины адреналин требовал действий, а далекий, полный отчаяния крик развеял сомнения — кто- то в хвосте самолета еще сражался за жизнь. И этому кому-то нужна была помощь.",
episode5.nodes.e5_under_2_v2.data.text,"Взвесили все «за», «против» и решили, что план с потенциальной западней в носу самолета — не самый удачный, если учесть охочих до людской плоти жутких тварей. Может стоит бросить все и вернуться обратно? Стоит ли рисковать жизнью ради кого-то, кто уже мог быть мертв? Однако Лекс был непреклонен, кипящий в крови мужчины адреналин требовал действий, а далекий, полный отчаяния крик развеял сомнения — кто- то в хвосте самолета еще сражался за жизнь. И этому кому-то нужна была помощь.",
episode5.nodes.e5_under_2_v2.title,EndsUnder frame 2; type 2,
episode5.nodes.e5_under_2_v2__choice_0.data.text,Далее,
episode5.nodes.e5_under_2_v2__choice_0.title,Далее,
episode5.nodes.e5_under_3_v1.data.blocks.0.text,"Скажут ли выжившие спасибо двум сумасшедшим героям? А жив ли там еще кто-нибудь вообще? Далекий, полный отчаяния крик развеял сомнения — кто-то в хвосте самолета еще сражался за жизнь, а значит, что вся их с Лексом возня не была напрасной. Многочисленные силуэты мелькали уже совсем рядом, буквально в десятке метров, отрезая людям путь обратно и грозя загнать в западню. Оставался лишь один безопасный вариант — багажный отсек, люк которого сейчас пытался открыть пилот.",
episode5.nodes.e5_under_3_v1.data.text,"Скажут ли выжившие спасибо двум сумасшедшим героям? А жив ли там еще кто-нибудь вообще? Далекий, полный отчаяния крик развеял сомнения — кто-то в хвосте самолета еще сражался за жизнь, а значит, что вся их с Лексом возня не была напрасной. Многочисленные силуэты мелькали уже совсем рядом, буквально в десятке метров, отрезая людям путь обратно и грозя загнать в западню. Оставался лишь один безопасный вариант — багажный отсек, люк которого сейчас пытался открыть пилот.",
episode5.nodes.e5_under_3_v1.title,EndsUnder frame 3; type 1,
episode5.nodes.e5_under_3_v1__choice_0.data.text,Далее,
episode5.nodes.e5_under_3_v1__choice_0.title,Далее,
episode5.nodes.e5_under_4_v1.title,EndsUnder frame 4; type 1,
episode5.nodes.e5_under_4_v1__choice_0.data.text,Далее,
episode5.nodes.e5_under_4_v1__choice_0.title,Далее,
episode5.nodes.e5_under_4_v1__choice_0__route_0.title,Условный переход,
episode5.nodes.e5_under_5_v2.data.blocks.0.text,"Яркие пятна пулевых отверстий в обшивке подобно глазам уставились на застывшую девушку, пронося ту по самым жутким сценам из увиденных когда-то фильмов об авиакатастрофах. Тук. Тук. Удары сердца в этот момент, казалось, можно было пересчитать по пальцам одной руки. Однако к величайшему облегчению Алисы и вопреки всем законам Голливуда за чередой беспорядочных пистолетных выстрелов не последовало абсолютно ничего! НИЧЕГО!",
episode5.nodes.e5_under_5_v2.data.text,"Яркие пятна пулевых отверстий в обшивке подобно глазам уставились на застывшую девушку, пронося ту по самым жутким сценам из увиденных когда-то фильмов об авиакатастрофах. Тук. Тук. Удары сердца в этот момент, казалось, можно было пересчитать по пальцам одной руки. Однако к величайшему облегчению Алисы и вопреки всем законам Голливуда за чередой беспорядочных пистолетных выстрелов не последовало абсолютно ничего! НИЧЕГО!",
episode5.nodes.e5_under_5_v2.title,EndsUnder frame 5; type 2,
episode5.nodes.e5_under_5_v2__choice_0.data.text,Далее,
episode5.nodes.e5_under_5_v2__choice_0.title,Далее,
episode5.nodes.e5_upper_10_v6.data.blocks.0.text,"Для Лекса все было кончено, однако Алиса еще была жива, и менять положение дел ей чертовски не улыбалось. Да сейчас здесь будет половина всех тварей с этого гребанного самолета, если не больше! Нужно пошевеливаться, и делать это как можно активнее. Варианты? Алиса окинула беглым взглядом помещение, служившее ей сейчас убежищем: пилотская кабина, туалет, багажные полки... Есть из чего выбрать.",
episode5.nodes.e5_upper_10_v6.data.text,"Для Лекса все было кончено, однако Алиса еще была жива, и менять положение дел ей чертовски не улыбалось. Да сейчас здесь будет половина всех тварей с этого гребанного самолета, если не больше! Нужно пошевеливаться, и делать это как можно активнее. Варианты? Алиса окинула беглым взглядом помещение, служившее ей сейчас убежищем: пилотская кабина, туалет, багажные полки... Есть из чего выбрать.",
episode5.nodes.e5_upper_10_v6.title,UpperDeck frame 10; type 6,
episode5.nodes.e5_upper_10_v6__choice_0.data.text,Далее,
episode5.nodes.e5_upper_10_v6__choice_0.title,Далее,
episode5.nodes.e5_upper_10_v6_choice_55.data.text,"Время поджимало. С громким треском тело пилота исчезло в провале спуска, отправляясь в жуткие лапы обитателей нижней палубы. Надо на что-то решаться, но Алиса просто стояла и слушала пугающие шорохи и хрипы.",
episode5.nodes.e5_upper_10_v6_choice_55.title,NewItem(55),
episode5.nodes.e5_upper_10_v6_choice_55__choice_0.data.text,Залезть на полку,
episode5.nodes.e5_upper_10_v6_choice_55__choice_0.title,Залезть на полку,
episode5.nodes.e5_upper_10_v6_choice_55__choice_1.data.text,Постучаться к пилоту,
episode5.nodes.e5_upper_10_v6_choice_55__choice_1.title,Постучаться к пилоту,
episode5.nodes.e5_upper_10_v6_choice_55__choice_1__route_0.title,Условный переход,
episode5.nodes.e5_upper_10_v6_choice_55__choice_2.data.text,Спрятаться в туалете,
episode5.nodes.e5_upper_10_v6_choice_55__choice_2.title,Спрятаться в туалете,
episode5.nodes.e5_upper_10_v6_choice_55__variant_0.data.patch.choices.0.text,Залезть на полку,
episode5.nodes.e5_upper_10_v6_choice_55__variant_0.data.patch.choices.1.text,Использовать код,
episode5.nodes.e5_upper_10_v6_choice_55__variant_0.data.patch.choices.2.text,Спрятаться в туалете,
episode5.nodes.e5_upper_10_v6_choice_55__variant_0.title,Вариант сцены,
episode5.nodes.e5_upper_10_v7.data.blocks.0.text,"Для Лекса все было кончено, однако Алиса еще была жива, и менять положение дел ей чертовски не улыбалось. Да сейчас здесь будет половина всех тварей с этого гребанного самолета, если не больше! Нужно пошевеливаться, и делать это как можно активнее. Варианты? Алиса окинула беглым взглядом помещение, служившее ей сейчас убежищем: пилотская кабина, туалет, багажные полки... Есть из чего выбрать.",
episode5.nodes.e5_upper_10_v7.data.text,"Для Лекса все было кончено, однако Алиса еще была жива, и менять положение дел ей чертовски не улыбалось. Да сейчас здесь будет половина всех тварей с этого гребанного самолета, если не больше! Нужно пошевеливаться, и делать это как можно активнее. Варианты? Алиса окинула беглым взглядом помещение, служившее ей сейчас убежищем: пилотская кабина, туалет, багажные полки... Есть из чего выбрать.",
episode5.nodes.e5_upper_10_v7.title,UpperDeck frame 10; type 7,
episode5.nodes.e5_upper_10_v7__choice_0.data.text,Далее,
episode5.nodes.e5_upper_10_v7__choice_0.title,Далее,
episode5.nodes.e5_upper_10_v7_choice_55.data.text,"Время поджимало. С громким треском тело пилота исчезло в провале спуска, отправляясь в жуткие лапы обитателей нижней палубы. Надо на что-то решаться, но Алиса просто стояла и слушала пугающие шорохи и хрипы.",
episode5.nodes.e5_upper_10_v7_choice_55.title,NewItem(55),
episode5.nodes.e5_upper_10_v7_choice_55__choice_0.data.text,Залезть на полку,
episode5.nodes.e5_upper_10_v7_choice_55__choice_0.title,Залезть на полку,
episode5.nodes.e5_upper_10_v7_choice_55__choice_1.data.text,Постучаться к пилоту,
episode5.nodes.e5_upper_10_v7_choice_55__choice_1.title,Постучаться к пилоту,
episode5.nodes.e5_upper_10_v7_choice_55__choice_1__route_0.title,Условный переход,
episode5.nodes.e5_upper_10_v7_choice_55__choice_2.data.text,Спрятаться в туалете,
episode5.nodes.e5_upper_10_v7_choice_55__choice_2.title,Спрятаться в туалете,
episode5.nodes.e5_upper_10_v7_choice_55__variant_0.data.patch.choices.0.text,Залезть на полку,
episode5.nodes.e5_upper_10_v7_choice_55__variant_0.data.patch.choices.1.text,Использовать код,
episode5.nodes.e5_upper_10_v7_choice_55__variant_0.data.patch.choices.2.text,Спрятаться в туалете,
episode5.nodes.e5_upper_10_v7_choice_55__variant_0.title,Вариант сцены,
episode5.nodes.e5_upper_11_v6.data.blocks.0.text,"Был ли туалет идеальным убежищем? Вы только представьте: тоненькая складывающаяся дверка защищает вас от творящегося снаружи хаоса и мрака. Станет ли такая преграда существенной для десятка тварей? Большой вопрос... Алиса, подстегиваемая летящими в спину звуками, рванулась к кабинкам, чтобы с ужасом прочесть двойное ЗАНЯТО. Так, стоп. Она же смотрела эту передачу на BBC... Пальцы сами подсказали девушке спасительную последовательность действий.",
episode5.nodes.e5_upper_11_v6.data.text,"Был ли туалет идеальным убежищем? Вы только представьте: тоненькая складывающаяся дверка защищает вас от творящегося снаружи хаоса и мрака. Станет ли такая преграда существенной для десятка тварей? Большой вопрос... Алиса, подстегиваемая летящими в спину звуками, рванулась к кабинкам, чтобы с ужасом прочесть двойное ЗАНЯТО. Так, стоп. Она же смотрела эту передачу на BBC... Пальцы сами подсказали девушке спасительную последовательность действий.",
episode5.nodes.e5_upper_11_v6.title,UpperDeck frame 11; type 6,
episode5.nodes.e5_upper_11_v6__choice_0.data.text,Далее,
episode5.nodes.e5_upper_11_v6__choice_0.title,Далее,
episode5.nodes.e5_upper_11_v7.data.blocks.0.text,"Был ли туалет идеальным убежищем? Вы только представьте: тоненькая складывающаяся дверка защищает вас от творящегося снаружи хаоса и мрака. Станет ли такая преграда существенной для десятка тварей? Большой вопрос... Алиса, подстегиваемая летящими в спину звуками, рванулась к кабинкам, чтобы с ужасом прочесть двойное ЗАНЯТО. Так, стоп. Она же смотрела эту передачу на BBC... Пальцы сами подсказали девушке спасительную последовательность действий.",
episode5.nodes.e5_upper_11_v7.data.text,"Был ли туалет идеальным убежищем? Вы только представьте: тоненькая складывающаяся дверка защищает вас от творящегося снаружи хаоса и мрака. Станет ли такая преграда существенной для десятка тварей? Большой вопрос... Алиса, подстегиваемая летящими в спину звуками, рванулась к кабинкам, чтобы с ужасом прочесть двойное ЗАНЯТО. Так, стоп. Она же смотрела эту передачу на BBC... Пальцы сами подсказали девушке спасительную последовательность действий.",
episode5.nodes.e5_upper_11_v7.title,UpperDeck frame 11; type 7,
episode5.nodes.e5_upper_11_v7__choice_0.data.text,Далее,
episode5.nodes.e5_upper_11_v7__choice_0.title,Далее,
episode5.nodes.e5_upper_12_v1.title,UpperDeck frame 12; type 1,
episode5.nodes.e5_upper_12_v1__choice_0.data.text,Далее,
episode5.nodes.e5_upper_12_v1__choice_0.title,Далее,
episode5.nodes.e5_upper_12_v1__choice_1.data.text,Далее,
episode5.nodes.e5_upper_12_v1__choice_1.title,Далее,
episode5.nodes.e5_upper_13_v1.data.blocks.0.text,"Зеленая лампочка. Хотелось кричать и прыгать от радости, однако Алиса помнила про пресловутые 30 секунд, что ей еще предстоит пережить. С замиранием сердца она отсчитывала каждую из них, боясь услышать яростное хрипение над своей головой. Пронесло. НЕ В ЭТОТ РАЗ, СУЧКИ! Казалось, все силы, нервы и вообще всю себя Алиса оставила по ту сторону этой тяжелой бронированной двери. Жива. ЖИВА!",
episode5.nodes.e5_upper_13_v1.data.text,"Зеленая лампочка. Хотелось кричать и прыгать от радости, однако Алиса помнила про пресловутые 30 секунд, что ей еще предстоит пережить. С замиранием сердца она отсчитывала каждую из них, боясь услышать яростное хрипение над своей головой. Пронесло. НЕ В ЭТОТ РАЗ, СУЧКИ! Казалось, все силы, нервы и вообще всю себя Алиса оставила по ту сторону этой тяжелой бронированной двери. Жива. ЖИВА!",
episode5.nodes.e5_upper_13_v1.title,UpperDeck frame 13; type 1,
episode5.nodes.e5_upper_13_v1__choice_0.data.text,Далее,
episode5.nodes.e5_upper_13_v1__choice_0.title,Далее,
episode5.nodes.e5_upper_14_v1.data.blocks.0.text,"Капитану хватило лишь взгляда, чтобы оценить степень угрозы, исходящей от Алисы. Он ведь наверняка знал обо всем, что творилось в салоне лайнера. Да и о судьбе своего коллеги наверняка тоже... Поэтому ни трясущиеся руки девушки, ни ее горящие кипящим в крови адреналином глаза не стали для него чем-то неожиданным. Заставив Алису пару раз повернуться и буркнув следом что-то в духе: «Сиди тихо, скоро приземляемся», он вернулся к созерцанию переливающихся огоньками приборов.",
episode5.nodes.e5_upper_14_v1.data.text,"Капитану хватило лишь взгляда, чтобы оценить степень угрозы, исходящей от Алисы. Он ведь наверняка знал обо всем, что творилось в салоне лайнера. Да и о судьбе своего коллеги наверняка тоже... Поэтому ни трясущиеся руки девушки, ни ее горящие кипящим в крови адреналином глаза не стали для него чем-то неожиданным. Заставив Алису пару раз повернуться и буркнув следом что-то в духе: «Сиди тихо, скоро приземляемся», он вернулся к созерцанию переливающихся огоньками приборов.",
episode5.nodes.e5_upper_14_v1.title,UpperDeck frame 14; type 1,
episode5.nodes.e5_upper_14_v1__choice_0.data.text,Далее,
episode5.nodes.e5_upper_14_v1__choice_0.title,Далее,
episode5.nodes.e5_upper_1_v1.data.blocks.0.text,"Шаг, еще один... Алиса так оказалась увлечена своим тихим восхождением, что заполучившая в свои дикие лапы самолет зона турбулентности оказалась для нее полной неожиданностью: пролетев метра полтора по ощущениям, Алиса со всей дури приложилась головой о металл. Сквозь искры и слезы девушка услышала раздавшееся где-то в хвосте Боинга истерическое верещание. Через секунду она уже была на ногах.",
episode5.nodes.e5_upper_1_v1.data.text,"Шаг, еще один... Алиса так оказалась увлечена своим тихим восхождением, что заполучившая в свои дикие лапы самолет зона турбулентности оказалась для нее полной неожиданностью: пролетев метра полтора по ощущениям, Алиса со всей дури приложилась головой о металл. Сквозь искры и слезы девушка услышала раздавшееся где-то в хвосте Боинга истерическое верещание. Через секунду она уже была на ногах.",
episode5.nodes.e5_upper_1_v1.title,UpperDeck frame 1; type 1,
episode5.nodes.e5_upper_1_v1__choice_0.data.text,Взять документы,
episode5.nodes.e5_upper_1_v1__choice_0.title,Взять документы,
episode5.nodes.e5_upper_1_v1__choice_1.data.text,Осмотреть палубу,
episode5.nodes.e5_upper_1_v1__choice_1.title,Осмотреть палубу,
episode5.nodes.e5_upper_2_v1.data.blocks.0.text,"Дверь кабины пилотов вполне ожидаемо оказалась закрыта, и, как ни старалась Алиса привлечь к себе внимание, ее попытки успехом не увенчались. В порыве бессильной злобы девушка пнула безразличный ко всему металл и направилась к ближайшему креслу. Чудесно, блин... Умеют ли эти твари вообще взбираться по лестницам? Потому что, если умеют, то... В этот момент сзади раздался скрип ступенек.",
episode5.nodes.e5_upper_2_v1.data.text,"Дверь кабины пилотов вполне ожидаемо оказалась закрыта, и, как ни старалась Алиса привлечь к себе внимание, ее попытки успехом не увенчались. В порыве бессильной злобы девушка пнула безразличный ко всему металл и направилась к ближайшему креслу. Чудесно, блин... Умеют ли эти твари вообще взбираться по лестницам? Потому что, если умеют, то... В этот момент сзади раздался скрип ступенек.",
episode5.nodes.e5_upper_2_v1.title,UpperDeck frame 2; type 1,
episode5.nodes.e5_upper_2_v1__choice_0.data.text,Далее,
episode5.nodes.e5_upper_2_v1__choice_0.title,Далее,
episode5.nodes.e5_upper_2_v2.data.blocks.0.text,"А вдруг? Алиса особо ни на что не надеялась, но все же добралась до дверей кабины пилотов и негромко постучалась. Ответом ей было лишь молчание, перекрываемое паническими криками с нижней палубы. Криками, звуками ударов и... Девушка резко обернулась, привлеченная странным скрипом из-за спины. Скрипом ступенек.",
episode5.nodes.e5_upper_2_v2.data.text,"А вдруг? Алиса особо ни на что не надеялась, но все же добралась до дверей кабины пилотов и негромко постучалась. Ответом ей было лишь молчание, перекрываемое паническими криками с нижней палубы. Криками, звуками ударов и... Девушка резко обернулась, привлеченная странным скрипом из-за спины. Скрипом ступенек.",
episode5.nodes.e5_upper_2_v2.title,UpperDeck frame 2; type 2,
episode5.nodes.e5_upper_2_v2__choice_0.data.text,Далее,
episode5.nodes.e5_upper_2_v2__choice_0.title,Далее,
episode5.nodes.e5_upper_2_v3.data.blocks.0.text,"Выйдет ли кто-нибудь в этот раз, снова? Врядли... Рисковать собой, когда ты единственный человек на этой посудине, кто может вернуть ее на землю в первоначальном состоянии — врядли. Ведь командир экипажа явно слышал, как погиб его коллега. Алиса устало привалилась спиной к треклятой двери и закрыла глаза. Ее трясло.",
episode5.nodes.e5_upper_2_v3.data.text,"Выйдет ли кто-нибудь в этот раз, снова? Врядли... Рисковать собой, когда ты единственный человек на этой посудине, кто может вернуть ее на землю в первоначальном состоянии — врядли. Ведь командир экипажа явно слышал, как погиб его коллега. Алиса устало привалилась спиной к треклятой двери и закрыла глаза. Ее трясло.",
episode5.nodes.e5_upper_2_v3.title,UpperDeck frame 2; type 3,
episode5.nodes.e5_upper_2_v3__choice_0.data.text,Далее,
episode5.nodes.e5_upper_2_v3__choice_0.title,Далее,
episode5.nodes.e5_upper_3_v2.data.blocks.0.text,"Кровь... В этом месте ее было особенно много: Алиса на цыпочках приблизилась к жуткой луже на ковре и, с трудом пересилив себя, заглянула за сидения. На полу среди каких-то бордовых ошметков лежал распотрошенный в хлам кейс. Но привлекло девушку совсем не это, а кусок фотографии, видневшейся из-под груды бумаг. Алиса почувствовала, как в ней снова просыпается задавленное страхом любопытство.",
episode5.nodes.e5_upper_3_v2.data.text,"Кровь... В этом месте ее было особенно много: Алиса на цыпочках приблизилась к жуткой луже на ковре и, с трудом пересилив себя, заглянула за сидения. На полу среди каких-то бордовых ошметков лежал распотрошенный в хлам кейс. Но привлекло девушку совсем не это, а кусок фотографии, видневшейся из-под груды бумаг. Алиса почувствовала, как в ней снова просыпается задавленное страхом любопытство.",
episode5.nodes.e5_upper_3_v2.title,UpperDeck frame 3; type 2,
episode5.nodes.e5_upper_3_v2__choice_0.data.text,Далее,
episode5.nodes.e5_upper_3_v2__choice_0.title,Далее,
episode5.nodes.e5_upper_3_v2_choice_51.data.text,"Девушка была готова в ту же секунду заняться изучением этих загадочных документов, однако здравому смыслу удалось одержать вверх над любопытством. Снизу творился сущий ад: животные крики, какие-то стоны и хруст раздавались непрерывно и, казалось, сверлили Алисе мозг.",
episode5.nodes.e5_upper_3_v2_choice_51.title,NewItem(51),
episode5.nodes.e5_upper_3_v2_choice_51__choice_0.data.text,Найти безопасное место,
episode5.nodes.e5_upper_3_v2_choice_51__choice_0.title,Найти безопасное место,
episode5.nodes.e5_upper_3_v2_choice_51__choice_1.data.text,Изучить находку,
episode5.nodes.e5_upper_3_v2_choice_51__choice_1.title,Изучить находку,
episode5.nodes.e5_upper_3_v3.data.blocks.0.text,"И вот Алиса с Лексом, сгорбившись, чтобы стать как можно более незаметными, перебирают все те же жуткие страницы кровавых во всех смыслах документов. Тут уж пришла очередь пилота впадать в холодный ступор: каково это, осознавать, что мы лишь подопытные крысы для высших чинов? Сзади раздались чьи-то шаркающие шаги — зараженный добрался до палубы.",
episode5.nodes.e5_upper_3_v3.data.text,"И вот Алиса с Лексом, сгорбившись, чтобы стать как можно более незаметными, перебирают все те же жуткие страницы кровавых во всех смыслах документов. Тут уж пришла очередь пилота впадать в холодный ступор: каково это, осознавать, что мы лишь подопытные крысы для высших чинов? Сзади раздались чьи-то шаркающие шаги — зараженный добрался до палубы.",
episode5.nodes.e5_upper_3_v3.title,UpperDeck frame 3; type 3,
episode5.nodes.e5_upper_3_v3__choice_0.data.text,Далее,
episode5.nodes.e5_upper_3_v3__choice_0.title,Далее,
episode5.nodes.e5_upper_4_v2.data.blocks.0.text,"Страница за страницей открывались свидетельства людской жестокости и дикости. Под конец Алису начало невольно покачивать, как если бы она была пьяна. По сути, так и было — прочитанное пьянило, стальным пудом давило на психику. Неужели Витя знал об этом... Алиса была настолько ошарашена, что не сразу заметила, как кто-то оказался у нее за спиной.",
episode5.nodes.e5_upper_4_v2.data.text,"Страница за страницей открывались свидетельства людской жестокости и дикости. Под конец Алису начало невольно покачивать, как если бы она была пьяна. По сути, так и было — прочитанное пьянило, стальным пудом давило на психику. Неужели Витя знал об этом... Алиса была настолько ошарашена, что не сразу заметила, как кто-то оказался у нее за спиной.",
episode5.nodes.e5_upper_4_v2.title,UpperDeck frame 4; type 2,
episode5.nodes.e5_upper_4_v2__choice_0.data.text,Далее,
episode5.nodes.e5_upper_4_v2__choice_0.title,Далее,
episode5.nodes.e5_upper_4_v3.data.blocks.0.text,"Кшшш... Кшшш... Ботинки мертвеца, зомби, именно ими были теперь зараженные, если верить документам, неторопливо шуршали по ковровому покрытию палубы. Нашли, да! Алиса с трепетом вытащила из груды страниц особенно измятую. Страницу, на которой были детально расписаны методы обезвреживания и устранения зомби. Пилот кровожадно усмехнулся в ответ и выпрямился во весь рост, привлекая внимание твари.",
episode5.nodes.e5_upper_4_v3.data.text,"Кшшш... Кшшш... Ботинки мертвеца, зомби, именно ими были теперь зараженные, если верить документам, неторопливо шуршали по ковровому покрытию палубы. Нашли, да! Алиса с трепетом вытащила из груды страниц особенно измятую. Страницу, на которой были детально расписаны методы обезвреживания и устранения зомби. Пилот кровожадно усмехнулся в ответ и выпрямился во весь рост, привлекая внимание твари.",
episode5.nodes.e5_upper_4_v3.title,UpperDeck frame 4; type 3,
episode5.nodes.e5_upper_4_v3__choice_0.data.text,Далее,
episode5.nodes.e5_upper_4_v3__choice_0.title,Далее,
episode5.nodes.e5_upper_5_v1.data.blocks.0.text,"Кто-то медленно и неторопливо поднимался на верхнюю палубу, будто бы это давалось ему с огромным трудом. Вмиг растерявшая весь свой пыл Алиса с ужасом переводила взгляд от одного бездонного кресла к другому, однако спрятаться здесь было негде, и рано или поздно ее здесь найдут — это было очевидно. В тот момент, когда Алиса была готова уже буквально лезть на стену, позади нее раздался звонкий щелчок, и из распахнутой двери пилотской кабины показалась рука, вооруженная пистолетом.",
episode5.nodes.e5_upper_5_v1.data.text,"Кто-то медленно и неторопливо поднимался на верхнюю палубу, будто бы это давалось ему с огромным трудом. Вмиг растерявшая весь свой пыл Алиса с ужасом переводила взгляд от одного бездонного кресла к другому, однако спрятаться здесь было негде, и рано или поздно ее здесь найдут — это было очевидно. В тот момент, когда Алиса была готова уже буквально лезть на стену, позади нее раздался звонкий щелчок, и из распахнутой двери пилотской кабины показалась рука, вооруженная пистолетом.",
episode5.nodes.e5_upper_5_v1.title,UpperDeck frame 5; type 1,
episode5.nodes.e5_upper_5_v1__choice_0.data.text,Далее,
episode5.nodes.e5_upper_5_v1__choice_0.title,Далее,
episode5.nodes.e5_upper_5_v2.data.blocks.0.text,"Кто-то медленно и неторопливо поднимался на верхнюю палубу, будто бы это давалось ему с огромным трудом. Похолодевшая Алиса понимала, что предстоящая встреча ее врядли обрадует, однако прятки среди этих бездонных кресел были заведомо обречены на провал, и рано или поздно ее здесь найдут — это было очевидно. В тот момент, когда девушка была готова уже буквально лезть на стену, позади нее раздался звонкий щелчок, и из распахнутой двери пилотской кабины показалась рука, вооруженная пистолетом.",
episode5.nodes.e5_upper_5_v2.data.text,"Кто-то медленно и неторопливо поднимался на верхнюю палубу, будто бы это давалось ему с огромным трудом. Похолодевшая Алиса понимала, что предстоящая встреча ее врядли обрадует, однако прятки среди этих бездонных кресел были заведомо обречены на провал, и рано или поздно ее здесь найдут — это было очевидно. В тот момент, когда девушка была готова уже буквально лезть на стену, позади нее раздался звонкий щелчок, и из распахнутой двери пилотской кабины показалась рука, вооруженная пистолетом.",
episode5.nodes.e5_upper_5_v2.title,UpperDeck frame 5; type 2,
episode5.nodes.e5_upper_5_v2__choice_0.data.text,Далее,
episode5.nodes.e5_upper_5_v2__choice_0.title,Далее,
episode5.nodes.e5_upper_6_v6.data.blocks.0.text,"Алиса с ногами забралась в просторное кресло и приготовилась ждать возвращения пилота. После всех ужасов, пережитых ей по пути сюда, возвращаться в тот ад не хотелось совершенно. Поэтому, когда со стороны лестницы раздались частые выстрелы и крики Лекса — она лишь сильнее сжалась, съедаемая совестью. Дура, что же ты делаешь... Человек жизнью рискует ради тебя и остальных!",
episode5.nodes.e5_upper_6_v6.data.text,"Алиса с ногами забралась в просторное кресло и приготовилась ждать возвращения пилота. После всех ужасов, пережитых ей по пути сюда, возвращаться в тот ад не хотелось совершенно. Поэтому, когда со стороны лестницы раздались частые выстрелы и крики Лекса — она лишь сильнее сжалась, съедаемая совестью. Дура, что же ты делаешь... Человек жизнью рискует ради тебя и остальных!",
episode5.nodes.e5_upper_6_v6.title,UpperDeck frame 6; type 6,
episode5.nodes.e5_upper_6_v6__choice_0.data.text,Далее,
episode5.nodes.e5_upper_6_v6__choice_0.title,Далее,
episode5.nodes.e5_upper_6_v7.data.blocks.0.text,"Шаг за шагом, подальше от чертовой лестницы, чертовых окровавленных ступенек и гребанных тварей. Одним моментом остатки храбрости покинули девушку, заставляя броситься вглубь салона. Вслед ей еще долго неслись все более бессвязные просьбы, мольбы, призывы о помощи. Алиса заставляла себя быть глухой и бесчувственной, но слезы градом катились по ее раскрасневшимся щекам. И вот все стихло.",
episode5.nodes.e5_upper_6_v7.data.text,"Шаг за шагом, подальше от чертовой лестницы, чертовых окровавленных ступенек и гребанных тварей. Одним моментом остатки храбрости покинули девушку, заставляя броситься вглубь салона. Вслед ей еще долго неслись все более бессвязные просьбы, мольбы, призывы о помощи. Алиса заставляла себя быть глухой и бесчувственной, но слезы градом катились по ее раскрасневшимся щекам. И вот все стихло.",
episode5.nodes.e5_upper_6_v7.title,UpperDeck frame 6; type 7,
episode5.nodes.e5_upper_6_v7__choice_0.data.text,Далее,
episode5.nodes.e5_upper_6_v7__choice_0.title,Далее,
episode5.nodes.e5_upper_7_v7.data.blocks.0.text,"Пилот кинул последний взгляд на дверь кабины, будто внутренне собираясь, и направился к лестнице. Спустя буквально несколько секунд девушка уже бежала вслед, подгоняемая частыми паническими выстрелами и чьими-то яростными хрипами. Увиденная картина на миг вогнала Алису в ступор: мужчина лежал на металле лестницы, пытаясь здоровой ногой отбиться от наседающего на него сверху монстра. Вторая конечность Лекса висела кровавой плетью, прокушенная в районе голени.",
episode5.nodes.e5_upper_7_v7.data.text,"Пилот кинул последний взгляд на дверь кабины, будто внутренне собираясь, и направился к лестнице. Спустя буквально несколько секунд девушка уже бежала вслед, подгоняемая частыми паническими выстрелами и чьими-то яростными хрипами. Увиденная картина на миг вогнала Алису в ступор: мужчина лежал на металле лестницы, пытаясь здоровой ногой отбиться от наседающего на него сверху монстра. Вторая конечность Лекса висела кровавой плетью, прокушенная в районе голени.",
episode5.nodes.e5_upper_7_v7.title,UpperDeck frame 7; type 7,
episode5.nodes.e5_upper_7_v7__choice_0.data.text,Далее,
episode5.nodes.e5_upper_7_v7__choice_0.title,Далее,
episode5.nodes.e5_upper_7_v7_choice_53.data.text,"Мужчина был обречен, Алиса понимала это совершенно отчетливо, но смириться с этим не могла, не хотела! Снизу показалась еще одна тварь — полухрипы-полукрики Лекса разносились по всему салону подобно звону набата.",
episode5.nodes.e5_upper_7_v7_choice_53.title,NewItem(53),
episode5.nodes.e5_upper_7_v7_choice_53__choice_0.data.text,Спрятаться,
episode5.nodes.e5_upper_7_v7_choice_53__choice_0.title,Спрятаться,
episode5.nodes.e5_upper_7_v7_choice_53__choice_1.data.text,Помочь пилоту,
episode5.nodes.e5_upper_7_v7_choice_53__choice_1.title,Помочь пилоту,
episode5.nodes.e5_upper_8_v8.data.blocks.0.text,"Здесь наверху так спокойно... Несколько раз Алиса останавливалась, чтобы прислушаться к своим ощущениям, интуиции, но чувства вовсю твердили о смертельной опасности, что поджидает ее внизу. Мужчина в который раз обернулся, нетерпеливо перекладывая пистолет в руке, и она решилась. Будь что будет на хрен. Тварь на лестнице, казалось, только этого и ждала — ее перекошенное лицо неторопливо, будто издевательски показалось над верхней ступенькой.",
episode5.nodes.e5_upper_8_v8.data.text,"Здесь наверху так спокойно... Несколько раз Алиса останавливалась, чтобы прислушаться к своим ощущениям, интуиции, но чувства вовсю твердили о смертельной опасности, что поджидает ее внизу. Мужчина в который раз обернулся, нетерпеливо перекладывая пистолет в руке, и она решилась. Будь что будет на хрен. Тварь на лестнице, казалось, только этого и ждала — ее перекошенное лицо неторопливо, будто издевательски показалось над верхней ступенькой.",
episode5.nodes.e5_upper_8_v8.title,UpperDeck frame 8; type 8,
episode5.nodes.e5_upper_8_v8__choice_0.data.text,Далее,
episode5.nodes.e5_upper_8_v8__choice_0.title,Далее,
episode5.nodes.e5_upper_9_v3.data.blocks.0.text,"Лекс колебался недолго, будто привыкший к хладнокровной стрельбе по тем, кто был когда-то людьми. Первая пуля перебила мертвецу колено, заставляя того распластаться по полу палубы. Следующий выстрел — в висок, в уязвимое место черепа, как учили найденные документы. Спустя минуту Алиса уже снимала с убитого бронежилет, пока пилот караулил незваных гостей. Мужчина оказался воздушным маршалом, и судя по отсутствию видимых ранений — именно с него все началось. Еще бы найти его пистолет...",
episode5.nodes.e5_upper_9_v3.data.text,"Лекс колебался недолго, будто привыкший к хладнокровной стрельбе по тем, кто был когда-то людьми. Первая пуля перебила мертвецу колено, заставляя того распластаться по полу палубы. Следующий выстрел — в висок, в уязвимое место черепа, как учили найденные документы. Спустя минуту Алиса уже снимала с убитого бронежилет, пока пилот караулил незваных гостей. Мужчина оказался воздушным маршалом, и судя по отсутствию видимых ранений — именно с него все началось. Еще бы найти его пистолет...",
episode5.nodes.e5_upper_9_v3.title,UpperDeck frame 9; type 3,
episode5.nodes.e5_upper_9_v3__choice_0.data.text,Далее,
episode5.nodes.e5_upper_9_v3__choice_0.title,Далее,
episode5.nodes.e5_upper_9_v3_choice_54.data.text,"«Так, смотри, — Лекс указал на бредущих из хвостовой части лайнера тварей. — Если мы устроим с ними бойню прямо там, то ничем хорошим это для нас не закончится, да и задеть кого может пулей шальной. Надо их ближе к носу подкараулить, я думаю».",
episode5.nodes.e5_upper_9_v3_choice_54.title,NewItem(54),
episode5.nodes.e5_upper_9_v3_choice_54__choice_0.data.text,Пробиваться в хвост,
episode5.nodes.e5_upper_9_v3_choice_54__choice_0.title,Пробиваться в хвост,
episode5.nodes.e5_upper_9_v3_choice_54__choice_1.data.text,Отвлечь тварей,
episode5.nodes.e5_upper_9_v3_choice_54__choice_1.title,Отвлечь тварей,
episode5.nodes.e5_upper_9_v8.data.blocks.0.text,"Лекс колебался недолго, будто привыкший к хладнокровной стрельбе по тем, кто был когда-то людьми. Первая пуля перебила мертвецу колено, заставляя того распластаться по полу палубы. Следующий выстрел — в висок, в уязвимое место черепа, как учили найденные документы. Спустя минуту Алиса уже снимала с убитого бронежилет, пока пилот караулил незваных гостей. Мужчина оказался воздушным маршалом, и судя по отсутствию видимых ранений — именно с него все началось. Еще бы найти его пистолет...",
episode5.nodes.e5_upper_9_v8.data.text,"Лекс колебался недолго, будто привыкший к хладнокровной стрельбе по тем, кто был когда-то людьми. Первая пуля перебила мертвецу колено, заставляя того распластаться по полу палубы. Следующий выстрел — в висок, в уязвимое место черепа, как учили найденные документы. Спустя минуту Алиса уже снимала с убитого бронежилет, пока пилот караулил незваных гостей. Мужчина оказался воздушным маршалом, и судя по отсутствию видимых ранений — именно с него все началось. Еще бы найти его пистолет...",
episode5.nodes.e5_upper_9_v8.title,UpperDeck frame 9; type 8,
episode5.nodes.e5_upper_9_v8__choice_0.data.text,Далее,
episode5.nodes.e5_upper_9_v8__choice_0.title,Далее,
episode5.nodes.e5_upper_9_v8_choice_54.data.text,"«Так, смотри, — Лекс указал на бредущих из хвостовой части лайнера тварей. — Если мы устроим с ними бойню прямо там, то ничем хорошим это для нас не закончится, да и задеть кого может пулей шальной. Надо их ближе к носу подкараулить, я думаю».",
episode5.nodes.e5_upper_9_v8_choice_54.title,NewItem(54),
episode5.nodes.e5_upper_9_v8_choice_54__choice_0.data.text,Пробиваться в хвост,
episode5.nodes.e5_upper_9_v8_choice_54__choice_0.title,Пробиваться в хвост,
episode5.nodes.e5_upper_9_v8_choice_54__choice_1.data.text,Отвлечь тварей,
episode5.nodes.e5_upper_9_v8_choice_54__choice_1.title,Отвлечь тварей,
episode5.title,V. Смерть в воздухе,
episode5.nodes.e5_dialogue_lex_31__choice_2.data.text,"Подождите, Лекс! Я нашла какие-то документы здесь, в них все есть!",
episode5.keypad.0,0,
episode5.keypad.1,1,
episode5.keypad.2,2,
episode5.keypad.3,3,
episode5.keypad.4,4,
episode5.keypad.5,5,
episode5.keypad.6,6,
episode5.keypad.7,7,
episode5.keypad.8,8,
episode5.keypad.9,9,
episode5.keypad.star,*,
episode5.keypad.hash,#,
