key,ru,en
episode4.description,"Его не сломать, Джек зубами будет выгрызать себе право жить. Выход близко, но хватит ли сил добраться?",
episode4.nodes.e4_alone_10_v1.data.blocks.0.text,"Мерно тарахтел движок, мимо проносился унылый лесной пейзаж, и Джек постепенно терял внимательность. А зря, ведь спустя час между деревьями замелькали силуэты бегущих людей. Человек заподозрил неладное лишь, когда обезображенные существа начали выскакивать на берег, продолжая свою погоню.",
episode4.nodes.e4_alone_10_v1.data.text,"Мерно тарахтел движок, мимо проносился унылый лесной пейзаж, и Джек постепенно терял внимательность. А зря, ведь спустя час между деревьями замелькали силуэты бегущих людей. Человек заподозрил неладное лишь, когда обезображенные существа начали выскакивать на берег, продолжая свою погоню.",
episode4.nodes.e4_alone_10_v1.title,GoingAlone frame 10; type 1,
episode4.nodes.e4_alone_10_v1__choice_0.data.text,Далее,
episode4.nodes.e4_alone_10_v1__choice_0.title,Далее,
episode4.nodes.e4_alone_11_v3.data.blocks.0.text,"Смеркалось. Утомленные многолетним сидением перед компом глаза уже еле различали окружающие силуэты. Проклятье... Джек до боли в глазах всматривался в приближающуюся громаду моста, силясь заметить признаки опасности.",
episode4.nodes.e4_alone_11_v3.data.text,"Смеркалось. Утомленные многолетним сидением перед компом глаза уже еле различали окружающие силуэты. Проклятье... Джек до боли в глазах всматривался в приближающуюся громаду моста, силясь заметить признаки опасности.",
episode4.nodes.e4_alone_11_v3.title,GoingAlone frame 11; type 3,
episode4.nodes.e4_alone_11_v3__choice_0.data.text,К пристани,
episode4.nodes.e4_alone_11_v3__choice_0.title,К пристани,
episode4.nodes.e4_alone_11_v3__choice_1.data.text,К пристани,
episode4.nodes.e4_alone_11_v3__choice_1.title,К пристани,
episode4.nodes.e4_alone_11_v3__choice_2.data.text,К пристани,
episode4.nodes.e4_alone_11_v3__choice_2.title,К пристани,
episode4.nodes.e4_alone_11_v3__choice_3.data.text,По трассе,
episode4.nodes.e4_alone_11_v3__choice_3.title,По трассе,
episode4.nodes.e4_alone_11_v4.data.blocks.0.text,"Смеркалось. Утомленные многолетним сидением перед компом глаза уже еле различали окружающие силуэты. Проклятье... Джек до боли в глазах всматривался в приближающуюся громаду моста, силясь заметить признаки опасности.",
episode4.nodes.e4_alone_11_v4.data.text,"Смеркалось. Утомленные многолетним сидением перед компом глаза уже еле различали окружающие силуэты. Проклятье... Джек до боли в глазах всматривался в приближающуюся громаду моста, силясь заметить признаки опасности.",
episode4.nodes.e4_alone_11_v4.title,GoingAlone frame 11; type 4,
episode4.nodes.e4_alone_11_v4__choice_0.data.text,К пристани,
episode4.nodes.e4_alone_11_v4__choice_0.title,К пристани,
episode4.nodes.e4_alone_11_v4__choice_1.data.text,К пристани,
episode4.nodes.e4_alone_11_v4__choice_1.title,К пристани,
episode4.nodes.e4_alone_11_v4__choice_2.data.text,К пристани,
episode4.nodes.e4_alone_11_v4__choice_2.title,К пристани,
episode4.nodes.e4_alone_11_v4__choice_3.data.text,По трассе,
episode4.nodes.e4_alone_11_v4__choice_3.title,По трассе,
episode4.nodes.e4_alone_12_v3.data.blocks.0.text,"Вслед человеку с моста донесся жуткий вой, но Джек уже был вне досягаемости для тварей. Съели, да?! Подавитесь! С улыбкой на лице он включил заглушенный на время двигатель и вгляделся в темноту горизонта. Что это за огоньки? Чем ближе лодка приближалась к странному свечению, тем больше Джек не верил своим глазам.",
episode4.nodes.e4_alone_12_v3.data.text,"Вслед человеку с моста донесся жуткий вой, но Джек уже был вне досягаемости для тварей. Съели, да?! Подавитесь! С улыбкой на лице он включил заглушенный на время двигатель и вгляделся в темноту горизонта. Что это за огоньки? Чем ближе лодка приближалась к странному свечению, тем больше Джек не верил своим глазам.",
episode4.nodes.e4_alone_12_v3.title,GoingAlone frame 12; type 3,
episode4.nodes.e4_alone_12_v3__choice_0.data.text,Далее,
episode4.nodes.e4_alone_12_v3__choice_0.title,Далее,
episode4.nodes.e4_alone_12_v4.data.blocks.0.text,"Вслед человеку с моста донесся жуткий вой, но Джек уже был вне досягаемости для тварей. Съели, да?! Подавитесь! С улыбкой, больше походившей на звериный оскал, мужчина включил заглушенный на время двигатель и вгляделся в темноту горизонта. Что это за огоньки? Чем ближе лодка приближалась к странному свечению, тем больше Джек не верил своим глазам.",
episode4.nodes.e4_alone_12_v4.data.text,"Вслед человеку с моста донесся жуткий вой, но Джек уже был вне досягаемости для тварей. Съели, да?! Подавитесь! С улыбкой, больше походившей на звериный оскал, мужчина включил заглушенный на время двигатель и вгляделся в темноту горизонта. Что это за огоньки? Чем ближе лодка приближалась к странному свечению, тем больше Джек не верил своим глазам.",
episode4.nodes.e4_alone_12_v4.title,GoingAlone frame 12; type 4,
episode4.nodes.e4_alone_12_v4__choice_0.data.text,Далее,
episode4.nodes.e4_alone_12_v4__choice_0.title,Далее,
episode4.nodes.e4_alone_13_v3.data.blocks.0.text,"Выстрел, второй, третий! Джек выпустил в воздух весь магазин, озаряя ночь всполохами пламени. Ослепляющие лучи прожекторов были манной небесной. Да, хорошо, руки за головой, не нужны нам и резкие движения. Джек готов был выполнить любые указания, только бы оказаться в такой желанной им безопасности.",
episode4.nodes.e4_alone_13_v3.data.text,"Выстрел, второй, третий! Джек выпустил в воздух весь магазин, озаряя ночь всполохами пламени. Ослепляющие лучи прожекторов были манной небесной. Да, хорошо, руки за головой, не нужны нам и резкие движения. Джек готов был выполнить любые указания, только бы оказаться в такой желанной им безопасности.",
episode4.nodes.e4_alone_13_v3.title,GoingAlone frame 13; type 3,
episode4.nodes.e4_alone_13_v3__choice_0.data.text,Далее,
episode4.nodes.e4_alone_13_v3__choice_0.title,Далее,
episode4.nodes.e4_alone_13_v4.data.blocks.0.text,"Выстрел, второй, третий! Джек выпустил в воздух весь магазин, озаряя ночь всполохами пламени. Ослепляющие лучи прожекторов были манной небесной. Да, хорошо, руки за головой, не нужны нам и резкие движения. Джек готов был выполнить любые указания, только бы оказаться в такой желанной им безопасности.",
episode4.nodes.e4_alone_13_v4.data.text,"Выстрел, второй, третий! Джек выпустил в воздух весь магазин, озаряя ночь всполохами пламени. Ослепляющие лучи прожекторов были манной небесной. Да, хорошо, руки за головой, не нужны нам и резкие движения. Джек готов был выполнить любые указания, только бы оказаться в такой желанной им безопасности.",
episode4.nodes.e4_alone_13_v4.title,GoingAlone frame 13; type 4,
episode4.nodes.e4_alone_13_v4__choice_0.data.text,Далее,
episode4.nodes.e4_alone_13_v4__choice_0.title,Далее,
episode4.nodes.e4_alone_14_v3.data.blocks.0.text,"Иголки, растворы для дезинфекции, осмотры, проверки — выпустили Джека лишь спустя час, измученного до невозможности. Судя по всему, видок у него был ужаснее некуда, потому что один из досматривающих его эскулапов, сжалясь, в конце протянул ему свой бутерброд. Джек был счастлив. Выспаться бы еще...",
episode4.nodes.e4_alone_14_v3.data.text,"Иголки, растворы для дезинфекции, осмотры, проверки — выпустили Джека лишь спустя час, измученного до невозможности. Судя по всему, видок у него был ужаснее некуда, потому что один из досматривающих его эскулапов, сжалясь, в конце протянул ему свой бутерброд. Джек был счастлив. Выспаться бы еще...",
episode4.nodes.e4_alone_14_v3.title,GoingAlone frame 14; type 3,
episode4.nodes.e4_alone_14_v3__choice_0.data.text,Далее,
episode4.nodes.e4_alone_14_v3__choice_0.title,Далее,
episode4.nodes.e4_alone_14_v4.data.blocks.0.text,"Иголки, растворы для дезинфекции, осмотры, проверки — выпустили Джека лишь спустя час, измученного до невозможности. Судя по всему, видок у него был ужаснее некуда, потому что один из досматривающих его эскулапов, сжалясь, в конце протянул ему свой бутерброд. Джек был счастлив. Выспаться бы еще...",
episode4.nodes.e4_alone_14_v4.data.text,"Иголки, растворы для дезинфекции, осмотры, проверки — выпустили Джека лишь спустя час, измученного до невозможности. Судя по всему, видок у него был ужаснее некуда, потому что один из досматривающих его эскулапов, сжалясь, в конце протянул ему свой бутерброд. Джек был счастлив. Выспаться бы еще...",
episode4.nodes.e4_alone_14_v4.title,GoingAlone frame 14; type 4,
episode4.nodes.e4_alone_14_v4__choice_0.data.text,Далее,
episode4.nodes.e4_alone_14_v4__choice_0.title,Далее,
episode4.nodes.e4_alone_15_v3.data.blocks.0.text,"Ранним утром корабль сил быстрого реагирования НАТО снялся с якоря и отправился прочь от мертвого полуострова. Куда? Джеку было неважно, в это время он спал, вусмерть утомленный последними событиями. «Мам, а эти страшные дяди нас теперь не догонят?» — девочка на соседней полке корабельного плацкарта, казалось, и не спала вовсе. «Нет, Кэти, дяди-военные защитят нас от них. Спи, давай», — многим не спалось в эту ночь. Кого-то пугало неопределенное будущее, кого-то — гнетущее прошлое.",
episode4.nodes.e4_alone_15_v3.data.text,"Ранним утром корабль сил быстрого реагирования НАТО снялся с якоря и отправился прочь от мертвого полуострова. Куда? Джеку было неважно, в это время он спал, вусмерть утомленный последними событиями. «Мам, а эти страшные дяди нас теперь не догонят?» — девочка на соседней полке корабельного плацкарта, казалось, и не спала вовсе. «Нет, Кэти, дяди-военные защитят нас от них. Спи, давай», — многим не спалось в эту ночь. Кого-то пугало неопределенное будущее, кого-то — гнетущее прошлое.",
episode4.nodes.e4_alone_15_v3.title,GoingAlone frame 15; type 3,
episode4.nodes.e4_alone_15_v3__choice_0.data.text,Далее,
episode4.nodes.e4_alone_15_v3__choice_0.title,Далее,
episode4.nodes.e4_alone_15_v4.data.blocks.0.text,"Ранним утром корабль сил быстрого реагирования НАТО снялся с якоря и отправился прочь от мертвого полуострова. Куда? Джеку было неважно, в это время он спал, вусмерть утомленный последними событиями. «Мам, а эти страшные дяди нас теперь не догонят?» — девочка на соседней полке корабельного плацкарта, казалось, и не спала вовсе. «Нет, Кэти, дяди-военные защитят нас от них. Спи, давай», — многим не спалось в эту ночь. Кого-то пугало неопределенное будущее, кого-то — гнетущее прошлое.",
episode4.nodes.e4_alone_15_v4.data.text,"Ранним утром корабль сил быстрого реагирования НАТО снялся с якоря и отправился прочь от мертвого полуострова. Куда? Джеку было неважно, в это время он спал, вусмерть утомленный последними событиями. «Мам, а эти страшные дяди нас теперь не догонят?» — девочка на соседней полке корабельного плацкарта, казалось, и не спала вовсе. «Нет, Кэти, дяди-военные защитят нас от них. Спи, давай», — многим не спалось в эту ночь. Кого-то пугало неопределенное будущее, кого-то — гнетущее прошлое.",
episode4.nodes.e4_alone_15_v4.title,GoingAlone frame 15; type 4,
episode4.nodes.e4_alone_15_v4__choice_0.data.text,Далее,
episode4.nodes.e4_alone_15_v4__choice_0.title,Далее,
episode4.nodes.e4_alone_16_v2.data.blocks.0.text,"Вечерело, но реке не было видно ни конца, ни края. Нужно было бы бросить якорь и заночевать прямо здесь, но такой полезной и нужной вещи в лодке не оказалось. Тут Джек поймал себя на мысли, что больше не слышит плеска воды позади. Метнувшись к корме, он обнаружил причину — аккумулятор был пуст. Приплыли...",
episode4.nodes.e4_alone_16_v2.data.text,"Вечерело, но реке не было видно ни конца, ни края. Нужно было бы бросить якорь и заночевать прямо здесь, но такой полезной и нужной вещи в лодке не оказалось. Тут Джек поймал себя на мысли, что больше не слышит плеска воды позади. Метнувшись к корме, он обнаружил причину — аккумулятор был пуст. Приплыли...",
episode4.nodes.e4_alone_16_v2.title,GoingAlone frame 16; type 2,
episode4.nodes.e4_alone_16_v2__choice_0.data.text,Далее,
episode4.nodes.e4_alone_16_v2__choice_0.title,Далее,
episode4.nodes.e4_alone_17_v2.data.blocks.0.text,"Почему не по реке? Джек с детства боялся плавать, самым страшным кошмаром для него были его семейные поездки к морю, когда каждый считал своим первостепенным долгом затащить маленького Джекки в воду. Со временем, конечно, он кое-как научился держаться на плаву, но осадок то остался. Брр...",
episode4.nodes.e4_alone_17_v2.data.text,"Почему не по реке? Джек с детства боялся плавать, самым страшным кошмаром для него были его семейные поездки к морю, когда каждый считал своим первостепенным долгом затащить маленького Джекки в воду. Со временем, конечно, он кое-как научился держаться на плаву, но осадок то остался. Брр...",
episode4.nodes.e4_alone_17_v2.title,GoingAlone frame 17; type 2,
episode4.nodes.e4_alone_17_v2__choice_0.data.text,Далее,
episode4.nodes.e4_alone_17_v2__choice_0.title,Далее,
episode4.nodes.e4_alone_17_v3.data.blocks.0.text,"Почему не по реке? Джек с детства боялся плавать, самым страшным кошмаром для него были его семейные поездки к морю, когда каждый считал своим первостепенным долгом затащить маленького Джекки в воду. Со временем, конечно, он кое-как научился держаться на плаву, но осадок то остался. Брр...",
episode4.nodes.e4_alone_17_v3.data.text,"Почему не по реке? Джек с детства боялся плавать, самым страшным кошмаром для него были его семейные поездки к морю, когда каждый считал своим первостепенным долгом затащить маленького Джекки в воду. Со временем, конечно, он кое-как научился держаться на плаву, но осадок то остался. Брр...",
episode4.nodes.e4_alone_17_v3.title,GoingAlone frame 17; type 3,
episode4.nodes.e4_alone_17_v3__choice_0.data.text,Далее,
episode4.nodes.e4_alone_17_v3__choice_0.title,Далее,
episode4.nodes.e4_alone_17_v5.data.blocks.0.text,"Человек и пес стояли в начале моста: мужчина в задумчивости почесывал отросшую за время скитаний бороду, пес же как-то нервно и боязливо заглядывал вниз, туда, где шумела и переливалась на солнце река Кускулана. «Ладно, Сусанин, через мост, так через мост, уговорил», — решение было принято, и двое друзей двинулись по скрипящему настилу на другой берег.",
episode4.nodes.e4_alone_17_v5.data.text,"Человек и пес стояли в начале моста: мужчина в задумчивости почесывал отросшую за время скитаний бороду, пес же как-то нервно и боязливо заглядывал вниз, туда, где шумела и переливалась на солнце река Кускулана. «Ладно, Сусанин, через мост, так через мост, уговорил», — решение было принято, и двое друзей двинулись по скрипящему настилу на другой берег.",
episode4.nodes.e4_alone_17_v5.title,GoingAlone frame 17; type 5,
episode4.nodes.e4_alone_17_v5__choice_0.data.text,Далее,
episode4.nodes.e4_alone_17_v5__choice_0.title,Далее,
episode4.nodes.e4_alone_1_v1.data.blocks.0.text,"Пару дней назад группа проезжала здесь, и Джек помнил про небольшой старый домик, встреченный ими. Если за ним погоня — там можно будет спрятаться. И перевязать порезанную ногу; Джек только сейчас заметил рваную рану на бедре. Позади раздался многоголосый пробирающий вой.",
episode4.nodes.e4_alone_1_v1.data.text,"Пару дней назад группа проезжала здесь, и Джек помнил про небольшой старый домик, встреченный ими. Если за ним погоня — там можно будет спрятаться. И перевязать порезанную ногу; Джек только сейчас заметил рваную рану на бедре. Позади раздался многоголосый пробирающий вой.",
episode4.nodes.e4_alone_1_v1.title,GoingAlone frame 1; type 1,
episode4.nodes.e4_alone_1_v1__choice_0.data.text,По дороге,
episode4.nodes.e4_alone_1_v1__choice_0.title,По дороге,
episode4.nodes.e4_alone_1_v1__choice_1.data.text,В лес,
episode4.nodes.e4_alone_1_v1__choice_1.title,В лес,
episode4.nodes.e4_alone_1_v2.data.blocks.0.text,"Пару дней назад группа проезжала здесь, и Джек помнил про небольшой старый домик, встреченный ими. Если за ним погоня — там можно будет спрятаться. Гулко стучало посаженное кофе и офисом сердце, больше Джек бежать не мог.",
episode4.nodes.e4_alone_1_v2.data.text,"Пару дней назад группа проезжала здесь, и Джек помнил про небольшой старый домик, встреченный ими. Если за ним погоня — там можно будет спрятаться. Гулко стучало посаженное кофе и офисом сердце, больше Джек бежать не мог.",
episode4.nodes.e4_alone_1_v2.title,GoingAlone frame 1; type 2,
episode4.nodes.e4_alone_1_v2__choice_0.data.text,По дороге,
episode4.nodes.e4_alone_1_v2__choice_0.title,По дороге,
episode4.nodes.e4_alone_1_v2__choice_1.data.text,В лес,
episode4.nodes.e4_alone_1_v2__choice_1.title,В лес,
episode4.nodes.e4_alone_2_v2.data.blocks.0.text,"Второй этаж, ступенька за ступенькой. Наверху Джек устало привалился к стене, пытась унять сбившееся дыхание. Шаркающие шаги, доносящиеся из глубины коридора стали для него полной неожиданностью. Судорожно хватаясь за поручни лестницы, Джек пытался подняться, как вдруг раздался хриплый голос мертвеца. Знакомый хриплый голос.",
episode4.nodes.e4_alone_2_v2.data.text,"Второй этаж, ступенька за ступенькой. Наверху Джек устало привалился к стене, пытась унять сбившееся дыхание. Шаркающие шаги, доносящиеся из глубины коридора стали для него полной неожиданностью. Судорожно хватаясь за поручни лестницы, Джек пытался подняться, как вдруг раздался хриплый голос мертвеца. Знакомый хриплый голос.",
episode4.nodes.e4_alone_2_v2.title,GoingAlone frame 2; type 2,
episode4.nodes.e4_alone_2_v2__choice_0.data.text,Далее,
episode4.nodes.e4_alone_2_v2__choice_0.title,Далее,
episode4.nodes.e4_alone_3_v1.data.blocks.0.text,"Сейчас лестница была непреодолимым препятствием для Джека: доза адреналина, выплеснутая в кровь при побеге постепенно отпускала, все сильнее давала о себе знать рана на ноге. Остатки стола отлично подошли в качестве лежанки, а рукав рубашки — в качестве бинта. Хруст веток неподалеку был громом среди ясного неба. Нашли! Они нашли его!",
episode4.nodes.e4_alone_3_v1.data.text,"Сейчас лестница была непреодолимым препятствием для Джека: доза адреналина, выплеснутая в кровь при побеге постепенно отпускала, все сильнее давала о себе знать рана на ноге. Остатки стола отлично подошли в качестве лежанки, а рукав рубашки — в качестве бинта. Хруст веток неподалеку был громом среди ясного неба. Нашли! Они нашли его!",
episode4.nodes.e4_alone_3_v1.title,GoingAlone frame 3; type 1,
episode4.nodes.e4_alone_3_v1__choice_0.data.text,Далее,
episode4.nodes.e4_alone_3_v1__choice_0.title,Далее,
episode4.nodes.e4_alone_4_v2.data.blocks.0.text,"Спустя несколько десятков минут Джек вышел на нормальную асфальтовую дорогу. Идти сразу стало легче и веселей. Теперь оставалось добраться до пересечения с трассой MZ-7 и двинуть на Гарлем. Настроение медленно поднималось, и Джек даже начал тихонько насвистывать себе под нос песенку из какой-то мыльной оперы.",
episode4.nodes.e4_alone_4_v2.data.text,"Спустя несколько десятков минут Джек вышел на нормальную асфальтовую дорогу. Идти сразу стало легче и веселей. Теперь оставалось добраться до пересечения с трассой MZ-7 и двинуть на Гарлем. Настроение медленно поднималось, и Джек даже начал тихонько насвистывать себе под нос песенку из какой-то мыльной оперы.",
episode4.nodes.e4_alone_4_v2.title,GoingAlone frame 4; type 2,
episode4.nodes.e4_alone_4_v2__choice_0.data.text,Далее,
episode4.nodes.e4_alone_4_v2__choice_0.title,Далее,
episode4.nodes.e4_alone_4_v2_choice_35.data.text,"Впереди показался длиннющий мост через реку Кускулана, дорога вела Джека прямо к нему. Чувство тревоги требовало преодолеть преграду как можно быстрее, но разум подсказывал, что путешествие по реке было бы гораздо безопаснее.",
episode4.nodes.e4_alone_4_v2_choice_35.title,NewItem(35),
episode4.nodes.e4_alone_4_v2_choice_35__choice_0.data.text,Двигаться по дороге,
episode4.nodes.e4_alone_4_v2_choice_35__choice_0.title,Двигаться по дороге,
episode4.nodes.e4_alone_4_v2_choice_35__choice_1.data.text,Свернуть к воде,
episode4.nodes.e4_alone_4_v2_choice_35__choice_1.title,Свернуть к воде,
episode4.nodes.e4_alone_4_v3.data.blocks.0.text,Джек вышел из дома спустя десять минут с огромным Desert Eagle в кобуре. Бесполезный двухкилограммовый монстр... Мэтт определенно был горазд покрасоваться. Помогло ли ему это не стать зомби? Черта с два! Парень обратился прямо у него на глазах! Настроение у Джека стабильно летело в тартарары.,
episode4.nodes.e4_alone_4_v3.data.text,Джек вышел из дома спустя десять минут с огромным Desert Eagle в кобуре. Бесполезный двухкилограммовый монстр... Мэтт определенно был горазд покрасоваться. Помогло ли ему это не стать зомби? Черта с два! Парень обратился прямо у него на глазах! Настроение у Джека стабильно летело в тартарары.,
episode4.nodes.e4_alone_4_v3.title,GoingAlone frame 4; type 3,
episode4.nodes.e4_alone_4_v3__choice_0.data.text,Далее,
episode4.nodes.e4_alone_4_v3__choice_0.title,Далее,
episode4.nodes.e4_alone_4_v3_choice_35.data.text,"Впереди показался длиннющий мост через реку Кускулана, дорога вела Джека прямо к нему. Чувство тревоги требовало преодолеть преграду как можно быстрее, но разум подсказывал, что путешествие по реке было бы гораздо безопаснее.",
episode4.nodes.e4_alone_4_v3_choice_35.title,NewItem(35),
episode4.nodes.e4_alone_4_v3_choice_35__choice_0.data.text,Двигаться по дороге,
episode4.nodes.e4_alone_4_v3_choice_35__choice_0.title,Двигаться по дороге,
episode4.nodes.e4_alone_4_v3_choice_35__choice_1.data.text,Свернуть к воде,
episode4.nodes.e4_alone_4_v3_choice_35__choice_1.title,Свернуть к воде,
episode4.nodes.e4_alone_4_v5.data.blocks.0.text,"«Ну что, Барбос, будем туда лезть, как думаешь?» — мужчина несказанно радовался возможности поболтать хоть с кем-нибудь. Пес был явно не настроен на исследование всяких темных закоулков: он лениво засеменил к лесу, но обернулся посмотреть — идет или нет следом этот добрый двуногий? Увидев замешательство Джека, Барбос призывно тявкнул и продолжил свой путь.",
episode4.nodes.e4_alone_4_v5.data.text,"«Ну что, Барбос, будем туда лезть, как думаешь?» — мужчина несказанно радовался возможности поболтать хоть с кем-нибудь. Пес был явно не настроен на исследование всяких темных закоулков: он лениво засеменил к лесу, но обернулся посмотреть — идет или нет следом этот добрый двуногий? Увидев замешательство Джека, Барбос призывно тявкнул и продолжил свой путь.",
episode4.nodes.e4_alone_4_v5.title,GoingAlone frame 4; type 5,
episode4.nodes.e4_alone_4_v5__choice_0.data.text,Далее,
episode4.nodes.e4_alone_4_v5__choice_0.title,Далее,
episode4.nodes.e4_alone_5_v2.data.blocks.0.text,"В прошлый раз их попытка набрать воды закончилась потерями: мертвецы нападали прямо из озера, быстрые, живучие. Еле отбились тогда. Теперь же Джек был один, и шансы выжить при встрече с подобными «ихтиандрами» стремились к нулю. Однако, найди он лодку, на Гарлем можно было бы наплевать и направиться вниз по реке.",
episode4.nodes.e4_alone_5_v2.data.text,"В прошлый раз их попытка набрать воды закончилась потерями: мертвецы нападали прямо из озера, быстрые, живучие. Еле отбились тогда. Теперь же Джек был один, и шансы выжить при встрече с подобными «ихтиандрами» стремились к нулю. Однако, найди он лодку, на Гарлем можно было бы наплевать и направиться вниз по реке.",
episode4.nodes.e4_alone_5_v2.title,GoingAlone frame 5; type 2,
episode4.nodes.e4_alone_5_v2__choice_0.data.text,К реке,
episode4.nodes.e4_alone_5_v2__choice_0.title,К реке,
episode4.nodes.e4_alone_5_v2__choice_1.data.text,В лес,
episode4.nodes.e4_alone_5_v2__choice_1.title,В лес,
episode4.nodes.e4_alone_5_v3.data.blocks.0.text,"В прошлый раз их попытка набрать воды закончилась потерями: мертвецы нападали прямо из озера, быстрые, живучие. Еле отбились тогда. Теперь же Джек был один, и шансы выжить при встрече с подобными «ихтиандрами» стремились к нулю. Однако, найди он лодку, на Гарлем можно было бы наплевать и направиться вниз по реке.",
episode4.nodes.e4_alone_5_v3.data.text,"В прошлый раз их попытка набрать воды закончилась потерями: мертвецы нападали прямо из озера, быстрые, живучие. Еле отбились тогда. Теперь же Джек был один, и шансы выжить при встрече с подобными «ихтиандрами» стремились к нулю. Однако, найди он лодку, на Гарлем можно было бы наплевать и направиться вниз по реке.",
episode4.nodes.e4_alone_5_v3.title,GoingAlone frame 5; type 3,
episode4.nodes.e4_alone_5_v3__choice_0.data.text,К реке,
episode4.nodes.e4_alone_5_v3__choice_0.title,К реке,
episode4.nodes.e4_alone_5_v3__choice_1.data.text,В лес,
episode4.nodes.e4_alone_5_v3__choice_1.title,В лес,
episode4.nodes.e4_alone_6_v3.data.blocks.0.text,"Лужа крови на земле была довольно свежей. Тихо лязгнула сталь доставаемого пистолета — Джек был готов к непрошенным гостям. И последние не заставили себя ждать: сразу два мертвеца метнулись из ближайших кустов к человеку. Не заметь Джек лужу заранее, его бы просто порвали, но сейчас все было иначе.",
episode4.nodes.e4_alone_6_v3.data.text,"Лужа крови на земле была довольно свежей. Тихо лязгнула сталь доставаемого пистолета — Джек был готов к непрошенным гостям. И последние не заставили себя ждать: сразу два мертвеца метнулись из ближайших кустов к человеку. Не заметь Джек лужу заранее, его бы просто порвали, но сейчас все было иначе.",
episode4.nodes.e4_alone_6_v3.title,GoingAlone frame 6; type 3,
episode4.nodes.e4_alone_6_v3__choice_0.data.text,Далее,
episode4.nodes.e4_alone_6_v3__choice_0.title,Далее,
episode4.nodes.e4_alone_7_v3.data.blocks.0.text,"Выстрел. Нет, взрыв! Ближайшему мертвецу просто начисто снесло башку. Отдача оказалась соразмерной выстрелу, и Джек потерял управление над оружием, в последний момент успев поймать пистолет за ствол. Движение справа — два килограмма стали с широким замахом обрушиваются на голову зомби. Еще, ЕЩЕ!",
episode4.nodes.e4_alone_7_v3.data.text,"Выстрел. Нет, взрыв! Ближайшему мертвецу просто начисто снесло башку. Отдача оказалась соразмерной выстрелу, и Джек потерял управление над оружием, в последний момент успев поймать пистолет за ствол. Движение справа — два килограмма стали с широким замахом обрушиваются на голову зомби. Еще, ЕЩЕ!",
episode4.nodes.e4_alone_7_v3.title,GoingAlone frame 7; type 3,
episode4.nodes.e4_alone_7_v3__choice_0.data.text,Далее,
episode4.nodes.e4_alone_7_v3__choice_0.title,Далее,
episode4.nodes.e4_alone_8_v3.data.blocks.0.text,"Отдышавшись, Джек заметил то, что искал. Удача была явно благосклонна сегодня. Маленький ботик покачивался у самого берега, будто бы специально оставленный тут кем- то свыше специально для Джека. Стоило поторопиться, карманная мортира Мэтта своим выстрелом созвала всех мертвецов округи на бесплатный фуршет, лять.",
episode4.nodes.e4_alone_8_v3.data.text,"Отдышавшись, Джек заметил то, что искал. Удача была явно благосклонна сегодня. Маленький ботик покачивался у самого берега, будто бы специально оставленный тут кем- то свыше специально для Джека. Стоило поторопиться, карманная мортира Мэтта своим выстрелом созвала всех мертвецов округи на бесплатный фуршет, лять.",
episode4.nodes.e4_alone_8_v3.title,GoingAlone frame 8; type 3,
episode4.nodes.e4_alone_8_v3__choice_0.data.text,Далее,
episode4.nodes.e4_alone_8_v3__choice_0.title,Далее,
episode4.nodes.e4_alone_8_v3_choice_36.data.text,"Так, мотор в порядке. Более того, их целых два: неторопливый электромотор и шумно тарахтящий бензиновый — судя по всему владелец был не прочь порыбачить. Вариантов столько же: двинуть вниз по реке, к океану и встретить неизвестно что или же двинуть вверх по течению, к Гарлему.",
episode4.nodes.e4_alone_8_v3_choice_36.title,NewItem(36),
episode4.nodes.e4_alone_8_v3_choice_36__choice_0.data.text,Вверх по реке,
episode4.nodes.e4_alone_8_v3_choice_36__choice_0.title,Вверх по реке,
episode4.nodes.e4_alone_8_v3_choice_36__choice_1.data.text,Тихо вниз по реке,
episode4.nodes.e4_alone_8_v3_choice_36__choice_1.title,Тихо вниз по реке,
episode4.nodes.e4_alone_8_v3_choice_36__choice_2.data.text,Быстро вниз по реке,
episode4.nodes.e4_alone_8_v3_choice_36__choice_2.title,Быстро вниз по реке,
episode4.nodes.e4_alone_9_v2.data.blocks.0.text,"Умиротворяюще журчала вода, рассекаемая лопастями электродвигателя, неторопливо проплывали мимо лесные пейзажи. С такими путешествиями можно и позабыть, что мир уже давно слетел с катушек. В одной руке найденная в кабине бутылка пива, в другой — ручка управления. Сказка, да и только!",
episode4.nodes.e4_alone_9_v2.data.text,"Умиротворяюще журчала вода, рассекаемая лопастями электродвигателя, неторопливо проплывали мимо лесные пейзажи. С такими путешествиями можно и позабыть, что мир уже давно слетел с катушек. В одной руке найденная в кабине бутылка пива, в другой — ручка управления. Сказка, да и только!",
episode4.nodes.e4_alone_9_v2.title,GoingAlone frame 9; type 2,
episode4.nodes.e4_alone_9_v2__choice_0.data.text,Далее,
episode4.nodes.e4_alone_9_v2__choice_0.title,Далее,
episode4.nodes.e4_alone_9_v3.data.blocks.0.text,"Движок тарахтел на всю округу, бегущие, как собаки за велосипедом, зомби дополняли унылый окружающий пейзаж. Одно радовало — мертвецы не спешили плыть за лодкой. Вода, что ли, чересчур холодная? Спустя несколько часов монотонного плавания и две бутылки найденного пива натощак впереди показались долгожданные признаки цивилизации, Джек почти достиг своей цели.",
episode4.nodes.e4_alone_9_v3.data.text,"Движок тарахтел на всю округу, бегущие, как собаки за велосипедом, зомби дополняли унылый окружающий пейзаж. Одно радовало — мертвецы не спешили плыть за лодкой. Вода, что ли, чересчур холодная? Спустя несколько часов монотонного плавания и две бутылки найденного пива натощак впереди показались долгожданные признаки цивилизации, Джек почти достиг своей цели.",
episode4.nodes.e4_alone_9_v3.title,GoingAlone frame 9; type 3,
episode4.nodes.e4_alone_9_v3__choice_0.data.text,Далее,
episode4.nodes.e4_alone_9_v3__choice_0.title,Далее,
episode4.nodes.e4_alone_9_v4.data.blocks.0.text,"Движок тарахтел на всю округу, бегущие, как собаки за велосипедом, зомби дополняли унылый окружающий пейзаж. Одно радовало — мертвецы не спешили плыть за лодкой. Вода, что ли, чересчур холодная? Плевать... В желудке болталось найденное в доме пиво, в голове — хреновые мысли. На кой черт он полез?! Барбос же боялся мертвецов как огня! Очередная пустая бутылка с плеском скрылась за бортом...",
episode4.nodes.e4_alone_9_v4.data.text,"Движок тарахтел на всю округу, бегущие, как собаки за велосипедом, зомби дополняли унылый окружающий пейзаж. Одно радовало — мертвецы не спешили плыть за лодкой. Вода, что ли, чересчур холодная? Плевать... В желудке болталось найденное в доме пиво, в голове — хреновые мысли. На кой черт он полез?! Барбос же боялся мертвецов как огня! Очередная пустая бутылка с плеском скрылась за бортом...",
episode4.nodes.e4_alone_9_v4.title,GoingAlone frame 9; type 4,
episode4.nodes.e4_alone_9_v4__choice_0.data.text,Далее,
episode4.nodes.e4_alone_9_v4__choice_0.title,Далее,
episode4.nodes.e4_army_1_v1.data.blocks.0.text,"С самого начала военные держались особняком ото всех, будто не доверяли, считали себя выше других. Оно и понятно, в мире, где ошибка одного может стоить жизни всей группе, нельзя полагаться на дилетантов. И вот спустя два дня постоянных споров и взаимной неприязни военные собрались и молча ушли. Спящий лагерь остался без защитников, часовых и лидеров.",
episode4.nodes.e4_army_1_v1.data.text,"С самого начала военные держались особняком ото всех, будто не доверяли, считали себя выше других. Оно и понятно, в мире, где ошибка одного может стоить жизни всей группе, нельзя полагаться на дилетантов. И вот спустя два дня постоянных споров и взаимной неприязни военные собрались и молча ушли. Спящий лагерь остался без защитников, часовых и лидеров.",
episode4.nodes.e4_army_1_v1.title,Episode4p2 frame 1; type 1,
episode4.nodes.e4_army_1_v1__choice_0.data.text,Далее,
episode4.nodes.e4_army_1_v1__choice_0.title,Далее,
episode4.nodes.e4_army_2_v1.data.blocks.0.text,"То утро Джек запомнит навсегда: крики, кровь, паника... Матерей рвали на части прямо на глазах собственных детей и наоборот. Выжить удалось лишь девятерым счастливчикам. Во время поиска машин потеряли еще двоих, по идиотской случайности. И, как оказалось впоследствии, эти чертовы машины не стоили того: оба джипа заглохли посреди леса спустя полчаса езды. Пришлось отбуксировать подальше в лес и заняться ремонтом...",
episode4.nodes.e4_army_2_v1.data.text,"То утро Джек запомнит навсегда: крики, кровь, паника... Матерей рвали на части прямо на глазах собственных детей и наоборот. Выжить удалось лишь девятерым счастливчикам. Во время поиска машин потеряли еще двоих, по идиотской случайности. И, как оказалось впоследствии, эти чертовы машины не стоили того: оба джипа заглохли посреди леса спустя полчаса езды. Пришлось отбуксировать подальше в лес и заняться ремонтом...",
episode4.nodes.e4_army_2_v1.title,Episode4p2 frame 2; type 1,
episode4.nodes.e4_army_2_v1__choice_0.data.text,Далее,
episode4.nodes.e4_army_2_v1__choice_0.title,Далее,
episode4.nodes.e4_camp_10_v1.data.blocks.0.text,"Да где же он? В палатке все было перевернуто с ног на голову, кто-то явно что-то здесь искал. Хоть бы пистолет был здесь... Так, стоп, а это что такое? Джек наклонился к ближайшей куче тряпья, пытаясь рассмотреть находку получше. Да быть этого не может! Тут совсем рядом с палаткой звонко хрустнула ветка...",
episode4.nodes.e4_camp_10_v1.data.text,"Да где же он? В палатке все было перевернуто с ног на голову, кто-то явно что-то здесь искал. Хоть бы пистолет был здесь... Так, стоп, а это что такое? Джек наклонился к ближайшей куче тряпья, пытаясь рассмотреть находку получше. Да быть этого не может! Тут совсем рядом с палаткой звонко хрустнула ветка...",
episode4.nodes.e4_camp_10_v1.title,Episode4p1 frame 10; type 1,
episode4.nodes.e4_camp_10_v1__choice_0.data.text,Взять гранату,
episode4.nodes.e4_camp_10_v1__choice_0.title,Взять гранату,
episode4.nodes.e4_camp_10_v1__choice_1.data.text,Взять дробовик,
episode4.nodes.e4_camp_10_v1__choice_1.title,Взять дробовик,
episode4.nodes.e4_camp_11_v2.data.blocks.0.text,"Джек с жадностью схватил найденый продолговатый цилиндр — его последний шанс. «Вот уж никогда бы не подумал, что компьютерные игры спасут когда-нибудь жизнь. Х- ха!» — издав нервный смешок, Джек выдернул чеку «флешки». Секунда — нервы на пределе, две — Джек с яростным хрипом мчится прочь от лагеря под многоголосый вой толпы. Бежать. БЕЖАТЬ!",
episode4.nodes.e4_camp_11_v2.data.text,"Джек с жадностью схватил найденый продолговатый цилиндр — его последний шанс. «Вот уж никогда бы не подумал, что компьютерные игры спасут когда-нибудь жизнь. Х- ха!» — издав нервный смешок, Джек выдернул чеку «флешки». Секунда — нервы на пределе, две — Джек с яростным хрипом мчится прочь от лагеря под многоголосый вой толпы. Бежать. БЕЖАТЬ!",
episode4.nodes.e4_camp_11_v2.title,Episode4p1 frame 11; type 2,
episode4.nodes.e4_camp_11_v2__choice_0.data.text,Далее,
episode4.nodes.e4_camp_11_v2__choice_0.title,Далее,
episode4.nodes.e4_camp_12_v2.data.blocks.0.text,"Рванув на себя найденный дробовик, Джек обмотал предплечье найденной футболкой, сделал пару глубоких вдохов и шагнул за полог палатки. Времени проверить боезапас у него уже не оставалось.",
episode4.nodes.e4_camp_12_v2.data.text,"Рванув на себя найденный дробовик, Джек обмотал предплечье найденной футболкой, сделал пару глубоких вдохов и шагнул за полог палатки. Времени проверить боезапас у него уже не оставалось.",
episode4.nodes.e4_camp_12_v2.title,Episode4p1 frame 12; type 2,
episode4.nodes.e4_camp_12_v2__choice_0.data.text,Далее,
episode4.nodes.e4_camp_12_v2__choice_0.title,Далее,
episode4.nodes.e4_camp_13_v1.data.blocks.0.text,"Кувыркнувшись несколько раз, Джек вскочил и изо всех сил припустил прочь от удаляющегося джипа. Стоило ему вломиться в реденькие кусты, как сзади послышался резкий скрип тормозов и беспорядочная стрельба. «Не смотреть назад, не смотреть назад!» — Джек спиной чувствал, что сейчас должно там произойти. Хруст сминаемого металла и жуткий рык лишь подстегнули его. Бежать. БЕЖАТЬ!",
episode4.nodes.e4_camp_13_v1.data.text,"Кувыркнувшись несколько раз, Джек вскочил и изо всех сил припустил прочь от удаляющегося джипа. Стоило ему вломиться в реденькие кусты, как сзади послышался резкий скрип тормозов и беспорядочная стрельба. «Не смотреть назад, не смотреть назад!» — Джек спиной чувствал, что сейчас должно там произойти. Хруст сминаемого металла и жуткий рык лишь подстегнули его. Бежать. БЕЖАТЬ!",
episode4.nodes.e4_camp_13_v1.title,Episode4p1 frame 13; type 1,
episode4.nodes.e4_camp_13_v1__choice_0.data.text,Далее,
episode4.nodes.e4_camp_13_v1__choice_0.title,Далее,
episode4.nodes.e4_camp_13_v2.data.blocks.0.text,"«Пистолеты? Дробовики? Да черта с два! Бег — наше все. Уфф...» — задыхающийся Джек во всю материл свою офисную жизнь, из-за которой он готов был сейчас буквально выплюнуть свои легкие от усталости. Жаль, что он не кениец какой-нибудь.",
episode4.nodes.e4_camp_13_v2.data.text,"«Пистолеты? Дробовики? Да черта с два! Бег — наше все. Уфф...» — задыхающийся Джек во всю материл свою офисную жизнь, из-за которой он готов был сейчас буквально выплюнуть свои легкие от усталости. Жаль, что он не кениец какой-нибудь.",
episode4.nodes.e4_camp_13_v2.title,Episode4p1 frame 13; type 2,
episode4.nodes.e4_camp_13_v2__choice_0.data.text,Далее,
episode4.nodes.e4_camp_13_v2__choice_0.title,Далее,
episode4.nodes.e4_camp_14_v1.data.blocks.0.text,"Паджеро, ревя двигателем, сметал попадающихся на пути мертвяков, рвался к выжившим. Но было видно — шансов у них нет. Трэвис с ненавистью прорычал приказ к отступлению, лишний риск никому не был нужен. Вдруг — удар, звон битого стекла, скрежет металла в кувыркающейся машине. Звуки смешались в адскую какофонию.",
episode4.nodes.e4_camp_14_v1.data.text,"Паджеро, ревя двигателем, сметал попадающихся на пути мертвяков, рвался к выжившим. Но было видно — шансов у них нет. Трэвис с ненавистью прорычал приказ к отступлению, лишний риск никому не был нужен. Вдруг — удар, звон битого стекла, скрежет металла в кувыркающейся машине. Звуки смешались в адскую какофонию.",
episode4.nodes.e4_camp_14_v1.title,Episode4p1 frame 14; type 1,
episode4.nodes.e4_camp_14_v1__choice_0.data.text,Далее,
episode4.nodes.e4_camp_14_v1__choice_0.title,Далее,
episode4.nodes.e4_camp_1_v1.data.blocks.0.text,"Это зудящее чувство... Снова. Снова сон как рукой сняло. Да что за чертовщина? С горестным вздохом откинув полог палатки, в которой он ночевал вот уже несколько дней, Джек выбрался на улицу. «Нет, ну я то понятно — с ума схожу, но они то чего здесь забыли в такую рань...» — как и в прошлый раз он был не одинок этим утром.",
episode4.nodes.e4_camp_1_v1.data.text,"Это зудящее чувство... Снова. Снова сон как рукой сняло. Да что за чертовщина? С горестным вздохом откинув полог палатки, в которой он ночевал вот уже несколько дней, Джек выбрался на улицу. «Нет, ну я то понятно — с ума схожу, но они то чего здесь забыли в такую рань...» — как и в прошлый раз он был не одинок этим утром.",
episode4.nodes.e4_camp_1_v1.title,Episode4p1 frame 1; type 1,
episode4.nodes.e4_camp_1_v1__choice_0.data.text,Далее,
episode4.nodes.e4_camp_1_v1__choice_0.title,Далее,
episode4.nodes.e4_camp_2_v1.data.blocks.0.text,"Солнце медленно показалось из-за туч, разгоняя утреннюю дымку, и Джек окончательно пришел в себя. Что он здесь делает? Вокруг лишь деревья. Деревья, грязь и стаи кусючих тварей. «Хм... Как двусмысленно», — улыбнулся своим мыслям Джек.",
episode4.nodes.e4_camp_2_v1.data.text,"Солнце медленно показалось из-за туч, разгоняя утреннюю дымку, и Джек окончательно пришел в себя. Что он здесь делает? Вокруг лишь деревья. Деревья, грязь и стаи кусючих тварей. «Хм... Как двусмысленно», — улыбнулся своим мыслям Джек.",
episode4.nodes.e4_camp_2_v1.title,Episode4p1 frame 2; type 1,
episode4.nodes.e4_camp_2_v1__choice_0.data.text,Далее,
episode4.nodes.e4_camp_2_v1__choice_0.title,Далее,
episode4.nodes.e4_camp_3_v1.data.blocks.0.text,"Неожиданно терзавший его зуд усилился. Как будто скребется внутри что-то... Скребется и давит. Джек нервно заозирался и встретился глазами с Тревисом, лидером группы. До этого яростно переругивающийся с часовым, умудрившимся уснуть на посту, лидер застыл в нерешительности, глядя куда-то вглубь леса. Какая-то неясная тень. Показалось? Нет, еще одна, совсем рядом, за деревьями! Еще!!!",
episode4.nodes.e4_camp_3_v1.data.text,"Неожиданно терзавший его зуд усилился. Как будто скребется внутри что-то... Скребется и давит. Джек нервно заозирался и встретился глазами с Тревисом, лидером группы. До этого яростно переругивающийся с часовым, умудрившимся уснуть на посту, лидер застыл в нерешительности, глядя куда-то вглубь леса. Какая-то неясная тень. Показалось? Нет, еще одна, совсем рядом, за деревьями! Еще!!!",
episode4.nodes.e4_camp_3_v1.title,Episode4p1 frame 3; type 1,
episode4.nodes.e4_camp_3_v1__choice_0.data.text,Далее,
episode4.nodes.e4_camp_3_v1__choice_0.title,Далее,
episode4.nodes.e4_camp_3_v1_choice_31.data.text,"Черт, да как эти зомби постояно их находят?! На размышления времени не было, и Джек начал пятиться назад, прикидывая варианты. Оружие он — идиот — оставил в палатке. Одна из их машин, вроде как, уже на ходу. Вот же ж не вовремя ремонт затеяли... Так что же делать?",
episode4.nodes.e4_camp_3_v1_choice_31.title,NewItem(31),
episode4.nodes.e4_camp_3_v1_choice_31__choice_0.data.text,Бежать к машинам,
episode4.nodes.e4_camp_3_v1_choice_31__choice_0.title,Бежать к машинам,
episode4.nodes.e4_camp_3_v1_choice_31__choice_1.data.text,Бежать к лидеру,
episode4.nodes.e4_camp_3_v1_choice_31__choice_1.title,Бежать к лидеру,
episode4.nodes.e4_camp_3_v1_choice_31__choice_2.data.text,Вернуться за оружием,
episode4.nodes.e4_camp_3_v1_choice_31__choice_2.title,Вернуться за оружием,
episode4.nodes.e4_camp_4_v1.data.blocks.0.text,"Джек со всех ног бросился к ближайшему Паджеро. В машине уже кто-то сидел, грузно урчал двигатель. Упав на заднее сидение джипа, Джек облегченно перевел дух. Вслед за ним в салон заскочил и лидер группы: «Джордж, гони к палаткам! Этих Стивенсонов и из пушки не разбудишь, е-мое!» Тут со стороны тех самых палаток послышались частые выстрелы и крики о помощи.",
episode4.nodes.e4_camp_4_v1.data.text,"Джек со всех ног бросился к ближайшему Паджеро. В машине уже кто-то сидел, грузно урчал двигатель. Упав на заднее сидение джипа, Джек облегченно перевел дух. Вслед за ним в салон заскочил и лидер группы: «Джордж, гони к палаткам! Этих Стивенсонов и из пушки не разбудишь, е-мое!» Тут со стороны тех самых палаток послышались частые выстрелы и крики о помощи.",
episode4.nodes.e4_camp_4_v1.title,Episode4p1 frame 4; type 1,
episode4.nodes.e4_camp_4_v1__choice_0.data.text,Далее,
episode4.nodes.e4_camp_4_v1__choice_0.title,Далее,
episode4.nodes.e4_camp_4_v1_choice_32.data.text,"Джип дернулся, забуксовал на мокрой земле, но полный привод сделал свое дело, и уже через несколько секунд машина пробивала себе дорогу сквозь живые трупы. Раздавшийся откуда-то из леса жуткий нечеловеческий вой на миг заглушил даже звук мощного двигателя.",
episode4.nodes.e4_camp_4_v1_choice_32.title,NewItem(32),
episode4.nodes.e4_camp_4_v1_choice_32__choice_0.data.text,Ничего не предпринимать,
episode4.nodes.e4_camp_4_v1_choice_32__choice_0.title,Ничего не предпринимать,
episode4.nodes.e4_camp_4_v1_choice_32__choice_1.data.text,Выпрыгнуть из салона,
episode4.nodes.e4_camp_4_v1_choice_32__choice_1.title,Выпрыгнуть из салона,
episode4.nodes.e4_camp_4_v1_choice_32__choice_2.data.text,Ударить лидера,
episode4.nodes.e4_camp_4_v1_choice_32__choice_2.title,Ударить лидера,
episode4.nodes.e4_camp_5_v1.data.blocks.0.text,"Мертвецы приближались, и нужно было что-то решать. В последний раз бросив взгляд на палатку со всеми вещами, Джек рванул к своим. И вовремя. Еще чуть-чуть и рвущиеся к лагерю зомби перекрыли бы ему все пути к отступлению. Теперь же у группы появился шанс: заняв круговую оборону, люди отвлекали все внимание нежити на себя, пока лидер помчался к единственной из исправных машин.",
episode4.nodes.e4_camp_5_v1.data.text,"Мертвецы приближались, и нужно было что-то решать. В последний раз бросив взгляд на палатку со всеми вещами, Джек рванул к своим. И вовремя. Еще чуть-чуть и рвущиеся к лагерю зомби перекрыли бы ему все пути к отступлению. Теперь же у группы появился шанс: заняв круговую оборону, люди отвлекали все внимание нежити на себя, пока лидер помчался к единственной из исправных машин.",
episode4.nodes.e4_camp_5_v1.title,Episode4p1 frame 5; type 1,
episode4.nodes.e4_camp_5_v1__choice_0.data.text,Далее,
episode4.nodes.e4_camp_5_v1__choice_0.title,Далее,
episode4.nodes.e4_camp_6_v1.data.blocks.0.text,"Прошло десять наполненных кровью и яростью минут, и напор прущих мертвецов стал спадать. Радость и надежда затеплились в сердцах уставших людей. Неожиданно совсем неподалеку раздался дикий, животный вой. Эхом ему был чей-то панический фальцет. Палатки... В пылу боя все забыли о чертовых палатках! «Трэвис! Вытащи нас отсюда! ТРЭВИС, БЛЯТЬ! Здесь Измененн...» — окровавленная рация упала на пожухлую хвою.",
episode4.nodes.e4_camp_6_v1.data.text,"Прошло десять наполненных кровью и яростью минут, и напор прущих мертвецов стал спадать. Радость и надежда затеплились в сердцах уставших людей. Неожиданно совсем неподалеку раздался дикий, животный вой. Эхом ему был чей-то панический фальцет. Палатки... В пылу боя все забыли о чертовых палатках! «Трэвис! Вытащи нас отсюда! ТРЭВИС, БЛЯТЬ! Здесь Измененн...» — окровавленная рация упала на пожухлую хвою.",
episode4.nodes.e4_camp_6_v1.title,Episode4p1 frame 6; type 1,
episode4.nodes.e4_camp_6_v1__choice_0.data.text,Далее,
episode4.nodes.e4_camp_6_v1__choice_0.title,Далее,
episode4.nodes.e4_camp_7_v1.data.blocks.0.text,"«С меня хватит! Каждый сам за себя, мать вашу!» — с этими словами Джек распахнул дверь внедорожника и выпрыгнул наружу. Его спутники от такой самоубийственной затеи слегка опешили, а когда пришли в себя — каскадер-самоучка был уже далеко.",
episode4.nodes.e4_camp_7_v1.data.text,"«С меня хватит! Каждый сам за себя, мать вашу!» — с этими словами Джек распахнул дверь внедорожника и выпрыгнул наружу. Его спутники от такой самоубийственной затеи слегка опешили, а когда пришли в себя — каскадер-самоучка был уже далеко.",
episode4.nodes.e4_camp_7_v1.title,Episode4p1 frame 7; type 1,
episode4.nodes.e4_camp_7_v1__choice_0.data.text,Далее,
episode4.nodes.e4_camp_7_v1__choice_0.title,Далее,
episode4.nodes.e4_camp_8_v1.data.blocks.0.text,"Подождав, пока Трэвис отвлечется, Джек со всей силы ударил того головой о стойку кузова. «Джордж, валим отсюда! Там Измененные, черт их дери!» — тугая кнопка выключения рации все не нажималась. Еще не хватало поймать сейчас крики о помощи... У водилы уже поджилки тряслись, это даже отсюда видно. И тут жуткий пронизывающий вой повторился, выбивая из людей остатки мужества.",
episode4.nodes.e4_camp_8_v1.data.text,"Подождав, пока Трэвис отвлечется, Джек со всей силы ударил того головой о стойку кузова. «Джордж, валим отсюда! Там Измененные, черт их дери!» — тугая кнопка выключения рации все не нажималась. Еще не хватало поймать сейчас крики о помощи... У водилы уже поджилки тряслись, это даже отсюда видно. И тут жуткий пронизывающий вой повторился, выбивая из людей остатки мужества.",
episode4.nodes.e4_camp_8_v1.title,Episode4p1 frame 8; type 1,
episode4.nodes.e4_camp_8_v1__choice_0.data.text,Далее,
episode4.nodes.e4_camp_8_v1__choice_0.title,Далее,
episode4.nodes.e4_camp_9_v1.data.blocks.0.text,"— Ч-чего там с-с Трэвисом? — поинтересовался спустя какое-то время поникший водитель. — Гляди лучше на дорогу. Не хочу без башки остаться на первой же кочке. Внедорожник гнал по пустынной лесной дороге, оставляя за собой лишь клубящуюся пыль и людские страхи.",
episode4.nodes.e4_camp_9_v1.data.text,"— Ч-чего там с-с Трэвисом? — поинтересовался спустя какое-то время поникший водитель. — Гляди лучше на дорогу. Не хочу без башки остаться на первой же кочке. Внедорожник гнал по пустынной лесной дороге, оставляя за собой лишь клубящуюся пыль и людские страхи.",
episode4.nodes.e4_camp_9_v1.title,Episode4p1 frame 9; type 1,
episode4.nodes.e4_camp_9_v1__choice_0.data.text,Далее,
episode4.nodes.e4_camp_9_v1__choice_0.title,Далее,
episode4.nodes.e4_church_10_v2.data.blocks.0.text,"«Черт, а ведь собака то чует этих уродов, — некое подобие плана начало вырисовываться в голове. — Эй, Барбос, ди ко мне! Песик!». Казалось, животное готово было даже сквозь огонь сигануть, только бы оказаться подальше от мертвых — с такой скоростью пес оказался у ног Джека. «Ну а теперь валим, Барбос, валим отсюда!» — мужчина не пробежал и пары шагов, как Барбос оспорил его лидерские навыки и умчался вперед.",
episode4.nodes.e4_church_10_v2.data.text,"«Черт, а ведь собака то чует этих уродов, — некое подобие плана начало вырисовываться в голове. — Эй, Барбос, ди ко мне! Песик!». Казалось, животное готово было даже сквозь огонь сигануть, только бы оказаться подальше от мертвых — с такой скоростью пес оказался у ног Джека. «Ну а теперь валим, Барбос, валим отсюда!» — мужчина не пробежал и пары шагов, как Барбос оспорил его лидерские навыки и умчался вперед.",
episode4.nodes.e4_church_10_v2.title,Episode4p0 frame 10; type 2,
episode4.nodes.e4_church_10_v2__choice_0.data.text,Далее,
episode4.nodes.e4_church_10_v2__choice_0.title,Далее,
episode4.nodes.e4_church_11_v2.data.blocks.0.text,"Гризли, это просто медведь гризли. «Может договоримся, а, косолапый? Как живой с живым...» — Джек медленно пятился назад, нащупывая спрятанный в кармане пистолет. Медведь застал его врасплох своим появлением, и, судя по всему, доволен этим не был: грозный хозяйский рык разнесся по округе. Куда смотрела псина-проводник? Барбос будто бы и не замечал опасности, исходящей от бурой машины для убийств, он с лаем носился вокруг, еще больше нервируя зверя.",
episode4.nodes.e4_church_11_v2.data.text,"Гризли, это просто медведь гризли. «Может договоримся, а, косолапый? Как живой с живым...» — Джек медленно пятился назад, нащупывая спрятанный в кармане пистолет. Медведь застал его врасплох своим появлением, и, судя по всему, доволен этим не был: грозный хозяйский рык разнесся по округе. Куда смотрела псина-проводник? Барбос будто бы и не замечал опасности, исходящей от бурой машины для убийств, он с лаем носился вокруг, еще больше нервируя зверя.",
episode4.nodes.e4_church_11_v2.title,Episode4p0 frame 11; type 2,
episode4.nodes.e4_church_11_v2__choice_0.data.text,Далее,
episode4.nodes.e4_church_11_v2__choice_0.title,Далее,
episode4.nodes.e4_church_11_v2_choice_43.data.text,"Знания Джека о гризли содержали лишь одно предложение: при встрече — беги. Однако его Глок был достаточно крупного калибра, чтобы пробить толстую шкуру зверя. По крайней мере Джек так считал...",
episode4.nodes.e4_church_11_v2_choice_43.title,NewItem(43),
episode4.nodes.e4_church_11_v2_choice_43__choice_0.data.text,Убежать,
episode4.nodes.e4_church_11_v2_choice_43__choice_0.title,Убежать,
episode4.nodes.e4_church_11_v2_choice_43__choice_1.data.text,Полобоймы в медведя,
episode4.nodes.e4_church_11_v2_choice_43__choice_1.title,Полобоймы в медведя,
episode4.nodes.e4_church_11_v2_choice_43__choice_2.data.text,Всю обойму в медведя,
episode4.nodes.e4_church_11_v2_choice_43__choice_2.title,Всю обойму в медведя,
episode4.nodes.e4_church_12_v2.data.blocks.0.text,"Нет, все, плевать на долбанного пса, плевать на гризли-шмизли, НА ВСЕ ПЛЕВАТЬ. Джек вспомнил ту статью про гризли-людоеда, что читал еще до катастрофы: того монстра прикончила лишь очередь из автоматической винтовки. Очередь длиной во весь магазин. В упор. Геройства остались где-то позади, с другой стороны сверкающих пяток Джека. Мужчина обернулся лишь раз, когда сзади раздался панический визг собаки — медведь все-таки настиг бедное животное. Зачатки совести болезненно давали о себе знать...",
episode4.nodes.e4_church_12_v2.data.text,"Нет, все, плевать на долбанного пса, плевать на гризли-шмизли, НА ВСЕ ПЛЕВАТЬ. Джек вспомнил ту статью про гризли-людоеда, что читал еще до катастрофы: того монстра прикончила лишь очередь из автоматической винтовки. Очередь длиной во весь магазин. В упор. Геройства остались где-то позади, с другой стороны сверкающих пяток Джека. Мужчина обернулся лишь раз, когда сзади раздался панический визг собаки — медведь все-таки настиг бедное животное. Зачатки совести болезненно давали о себе знать...",
episode4.nodes.e4_church_12_v2.title,Episode4p0 frame 12; type 2,
episode4.nodes.e4_church_12_v2__choice_0.data.text,Далее,
episode4.nodes.e4_church_12_v2__choice_0.title,Далее,
episode4.nodes.e4_church_13_v2.data.blocks.0.text,"До разъяренного и явно голодного зверя было метров пять от силы, детское расстояние для опытного стрелка, однако Джек таким не никогда являлся. Тем более, попробуй-ка постреляй по смертельно опасному хищнику спокойно: руки трясутся, ноги подкашиваются, в голове из мыслей одни молитвы, мат и полнейший раздрай. Эта штука вообще заряжена? Для верности Джек еще раз передернул затвор — вылетевший блестящий патрон тут же скрылся под слоем хвои. Растяпа, лять.",
episode4.nodes.e4_church_13_v2.data.text,"До разъяренного и явно голодного зверя было метров пять от силы, детское расстояние для опытного стрелка, однако Джек таким не никогда являлся. Тем более, попробуй-ка постреляй по смертельно опасному хищнику спокойно: руки трясутся, ноги подкашиваются, в голове из мыслей одни молитвы, мат и полнейший раздрай. Эта штука вообще заряжена? Для верности Джек еще раз передернул затвор — вылетевший блестящий патрон тут же скрылся под слоем хвои. Растяпа, лять.",
episode4.nodes.e4_church_13_v2.title,Episode4p0 frame 13; type 2,
episode4.nodes.e4_church_13_v2__choice_0.data.text,Далее,
episode4.nodes.e4_church_13_v2__choice_0.title,Далее,
episode4.nodes.e4_church_14_v2.data.blocks.0.text,"До разъяренного и явно голодного зверя было метров пять от силы, детское расстояние для опытного стрелка, однако Джек таким не никогда являлся. Тем более, попробуй-ка постреляй по смертельно опасному хищнику спокойно: руки трясутся, ноги подкашиваются, в голове из мыслей одни молитвы, мат и полнейший раздрай. Эта штука вообще заряжена? Для верности Джек еще раз передернул затвор — вылетевший блестящий патрон тут же скрылся под слоем хвои. Растяпа, лять.",
episode4.nodes.e4_church_14_v2.data.text,"До разъяренного и явно голодного зверя было метров пять от силы, детское расстояние для опытного стрелка, однако Джек таким не никогда являлся. Тем более, попробуй-ка постреляй по смертельно опасному хищнику спокойно: руки трясутся, ноги подкашиваются, в голове из мыслей одни молитвы, мат и полнейший раздрай. Эта штука вообще заряжена? Для верности Джек еще раз передернул затвор — вылетевший блестящий патрон тут же скрылся под слоем хвои. Растяпа, лять.",
episode4.nodes.e4_church_14_v2.title,Episode4p0 frame 14; type 2,
episode4.nodes.e4_church_14_v2__choice_0.data.text,Далее,
episode4.nodes.e4_church_14_v2__choice_0.title,Далее,
episode4.nodes.e4_church_15_v2.data.blocks.0.text,"Опустошив половину магазина в летящего на него зверя, Джек понял, что идея была, мягко говоря, самоубийственной. Еще оставалась возможность дать деру, чем мужчина, не долго думая, воспользовался — подобно обезьяне взлетел на ближайше дерево. Гризли, к счастью, лазать по деревьям не умели. Джек уже было начал прощаться со своим новым четвероногим другом, Барбосом, когда на полянку с воем ворвалась пятерка быстрых мертвяков. Медведь разорвал всех. Но для него это оказалось пирровой победой.",
episode4.nodes.e4_church_15_v2.data.text,"Опустошив половину магазина в летящего на него зверя, Джек понял, что идея была, мягко говоря, самоубийственной. Еще оставалась возможность дать деру, чем мужчина, не долго думая, воспользовался — подобно обезьяне взлетел на ближайше дерево. Гризли, к счастью, лазать по деревьям не умели. Джек уже было начал прощаться со своим новым четвероногим другом, Барбосом, когда на полянку с воем ворвалась пятерка быстрых мертвяков. Медведь разорвал всех. Но для него это оказалось пирровой победой.",
episode4.nodes.e4_church_15_v2.title,Episode4p0 frame 15; type 2,
episode4.nodes.e4_church_15_v2__choice_0.data.text,Далее,
episode4.nodes.e4_church_15_v2__choice_0.title,Далее,
episode4.nodes.e4_church_16_v2.data.blocks.0.text,"Заставить себя слезть вниз было непросто, очень непросто. Однако вопрос о действии вируса на медведей все еще оставался открытым, и Джеку совсем не хотелось найти на него ответ. Животное было еще живо: мощная спина вздымалась в такт тяжелому дыханию, рваные раны по всему телу обильно кровоточили. Прекратить мучения косолапого Джек не смог, испугался подходить ближе, убежал прочь, вновь ведомый своим четвероногим другом. Спустя некоторое время вдали послышался шум воды. Река?",
episode4.nodes.e4_church_16_v2.data.text,"Заставить себя слезть вниз было непросто, очень непросто. Однако вопрос о действии вируса на медведей все еще оставался открытым, и Джеку совсем не хотелось найти на него ответ. Животное было еще живо: мощная спина вздымалась в такт тяжелому дыханию, рваные раны по всему телу обильно кровоточили. Прекратить мучения косолапого Джек не смог, испугался подходить ближе, убежал прочь, вновь ведомый своим четвероногим другом. Спустя некоторое время вдали послышался шум воды. Река?",
episode4.nodes.e4_church_16_v2.title,Episode4p0 frame 16; type 2,
episode4.nodes.e4_church_16_v2__choice_0.data.text,Далее,
episode4.nodes.e4_church_16_v2__choice_0.title,Далее,
episode4.nodes.e4_church_16_v2_choice_44.data.text,"Из-за деревьев показался небольшой домик, рыбачий или что-то вроде того. «Черт, а вдруг там в сарае лодка? Нет, ну а вдруг? Было бы здорово уплыть отсюда к ебене-фене», — адреналина в крови было все меньше, усталости и тихой злости — все больше.",
episode4.nodes.e4_church_16_v2_choice_44.title,NewItem(44),
episode4.nodes.e4_church_16_v2_choice_44__choice_0.data.text,Исследовать домик,
episode4.nodes.e4_church_16_v2_choice_44__choice_0.title,Исследовать домик,
episode4.nodes.e4_church_16_v2_choice_44__choice_1.data.text,Пройти мимо,
episode4.nodes.e4_church_16_v2_choice_44__choice_1.title,Пройти мимо,
episode4.nodes.e4_church_17_v2.data.blocks.0.text,"Барбос вел себя странно: крутился на месте в поисках источника неизвестной угрозы, однако лаять не решался. Ну что ж, тут повсюду мертвяки разгуливают, вот и нервничает бедняга. Джек осторожно открыл дверь небольшого сарая и вошел внутрь. Темно, хоть глаз выколи... Включил фонарик на ключах от авто, очередной кусочек от старой жизни. Включил и в первый момент не поверил своим глазам: в сарае стояла небольшая моторная лодка, старая, чуть проржавевшая местами, но ЛОДКА! Тут что-то вцепилось ему в ногу.",
episode4.nodes.e4_church_17_v2.data.text,"Барбос вел себя странно: крутился на месте в поисках источника неизвестной угрозы, однако лаять не решался. Ну что ж, тут повсюду мертвяки разгуливают, вот и нервничает бедняга. Джек осторожно открыл дверь небольшого сарая и вошел внутрь. Темно, хоть глаз выколи... Включил фонарик на ключах от авто, очередной кусочек от старой жизни. Включил и в первый момент не поверил своим глазам: в сарае стояла небольшая моторная лодка, старая, чуть проржавевшая местами, но ЛОДКА! Тут что-то вцепилось ему в ногу.",
episode4.nodes.e4_church_17_v2.title,Episode4p0 frame 17; type 2,
episode4.nodes.e4_church_17_v2__choice_0.data.text,Далее,
episode4.nodes.e4_church_17_v2__choice_0.title,Далее,
episode4.nodes.e4_church_18_v2.data.blocks.0.text,"От неожиданности Джек отскочил, заваливая какие-то стеллажи и круша все вокруг. Хозяин лодки пошел на дно вместе со своим судном, мля! Он слышал все усиливающийся хрип зомби и рычание Барбоса. Раздался наполненный болью и страхом визг. Быстрей, быстрей, БЫСТРЕЙ! Нащупав наконец свой оброненный в куче коробок и ящиков пистолет, он рванулся на помощь другу. Опоздал. На несколько секунд, но опоздал. В ярости Джек разрядил весь остаток магазина в башку этой твари, этому уроду, этой... этому. Блять...",
episode4.nodes.e4_church_18_v2.data.text,"От неожиданности Джек отскочил, заваливая какие-то стеллажи и круша все вокруг. Хозяин лодки пошел на дно вместе со своим судном, мля! Он слышал все усиливающийся хрип зомби и рычание Барбоса. Раздался наполненный болью и страхом визг. Быстрей, быстрей, БЫСТРЕЙ! Нащупав наконец свой оброненный в куче коробок и ящиков пистолет, он рванулся на помощь другу. Опоздал. На несколько секунд, но опоздал. В ярости Джек разрядил весь остаток магазина в башку этой твари, этому уроду, этой... этому. Блять...",
episode4.nodes.e4_church_18_v2.title,Episode4p0 frame 18; type 2,
episode4.nodes.e4_church_18_v2__choice_0.data.text,Далее,
episode4.nodes.e4_church_18_v2__choice_0.title,Далее,
episode4.nodes.e4_church_1_v1.data.blocks.0.text,"Дэвид? Вроде так его звали? Ках-ховский... Джек провел с ним все те несколько часов, что вирус пожирал его тело. Сначала появились усталость и головокружение, затем — Дэвид начал бредить, хрипя и выплевывая сгустки крови. Но Джеку не хватило смелости закончить его страдания. Несколько дней подряд он просыпался в холодном поту в пустой церквушке, а перед глазами был молодой хирург, из последних сил шепчущий одно единственное слово. «Хватит».",
episode4.nodes.e4_church_1_v1.data.text,"Дэвид? Вроде так его звали? Ках-ховский... Джек провел с ним все те несколько часов, что вирус пожирал его тело. Сначала появились усталость и головокружение, затем — Дэвид начал бредить, хрипя и выплевывая сгустки крови. Но Джеку не хватило смелости закончить его страдания. Несколько дней подряд он просыпался в холодном поту в пустой церквушке, а перед глазами был молодой хирург, из последних сил шепчущий одно единственное слово. «Хватит».",
episode4.nodes.e4_church_1_v1.title,Episode4p0 frame 1; type 1,
episode4.nodes.e4_church_1_v1__choice_0.data.text,Далее,
episode4.nodes.e4_church_1_v1__choice_0.title,Далее,
episode4.nodes.e4_church_2_v1.data.blocks.0.text,"В церквушке к неимоверному облегчению Джека обнаружились запасы еды. Небольшие, конечно, но несколько дней можно было носа наружу не показывать. Утром четвертого дня произошло событие, нарушившее ставший привычным распорядок дня. Звук. Будто кто-то скребся в двери церкви. Расшатанные нервы и живое воображение мигом нарисовали Джеку жутких чудищ, приползших по его душу.",
episode4.nodes.e4_church_2_v1.data.text,"В церквушке к неимоверному облегчению Джека обнаружились запасы еды. Небольшие, конечно, но несколько дней можно было носа наружу не показывать. Утром четвертого дня произошло событие, нарушившее ставший привычным распорядок дня. Звук. Будто кто-то скребся в двери церкви. Расшатанные нервы и живое воображение мигом нарисовали Джеку жутких чудищ, приползших по его душу.",
episode4.nodes.e4_church_2_v1.title,Episode4p0 frame 2; type 1,
episode4.nodes.e4_church_2_v1__choice_0.data.text,Далее,
episode4.nodes.e4_church_2_v1__choice_0.title,Далее,
episode4.nodes.e4_church_2_v1_choice_39.data.text,"Ухо к двери, за ней — скулеж и звук когтей по дереву. Неужели собака? Бывают ли собаки-зомби? Джек таких ни разу не встречал, но проверять не очень то хотелось. Нужно что-то сделать, или эта тварь сюда сейчас пол-округи созовет, лять!",
episode4.nodes.e4_church_2_v1_choice_39.title,NewItem(39),
episode4.nodes.e4_church_2_v1_choice_39__choice_0.data.text,Ждать,
episode4.nodes.e4_church_2_v1_choice_39__choice_0.title,Ждать,
episode4.nodes.e4_church_2_v1_choice_39__choice_1.data.text,Приоткрыть дверь,
episode4.nodes.e4_church_2_v1_choice_39__choice_1.title,Приоткрыть дверь,
episode4.nodes.e4_church_3_v1.data.blocks.0.text,"Скрип несмазанных петель сиреной разнесся по утреннему лесу. Проклятье! Джек выглянул наружу — никого, только мягкий топот лап неподалеку. Улыбка вдруг озарила лицо мужчины: собака, это просто собака. «Иди сюда, ну. Барбос, чего убегаешь?» — пес опасливо приблизился к человеку, давая до себя дотронуться. Неожиданно шерсть на загривке «барбоса» вздыбилась, уши прижались к голове.",
episode4.nodes.e4_church_3_v1.data.text,"Скрип несмазанных петель сиреной разнесся по утреннему лесу. Проклятье! Джек выглянул наружу — никого, только мягкий топот лап неподалеку. Улыбка вдруг озарила лицо мужчины: собака, это просто собака. «Иди сюда, ну. Барбос, чего убегаешь?» — пес опасливо приблизился к человеку, давая до себя дотронуться. Неожиданно шерсть на загривке «барбоса» вздыбилась, уши прижались к голове.",
episode4.nodes.e4_church_3_v1.title,Episode4p0 frame 3; type 1,
episode4.nodes.e4_church_3_v1__choice_0.data.text,Далее,
episode4.nodes.e4_church_3_v1__choice_0.title,Далее,
episode4.nodes.e4_church_4_v2.data.blocks.0.text,"Спустя минуту Джек понял причину животного страха: между деревьями замелькали покачивающиеся силуэты мертвецов. Бегающих среди них не было, что не могло не радовать. Человек медленно поднялся, не опасаясь быть замеченным — зрение у таких зомби было паршивое. И вот тут то расхрабревший пес решил подать голос...",
episode4.nodes.e4_church_4_v2.data.text,"Спустя минуту Джек понял причину животного страха: между деревьями замелькали покачивающиеся силуэты мертвецов. Бегающих среди них не было, что не могло не радовать. Человек медленно поднялся, не опасаясь быть замеченным — зрение у таких зомби было паршивое. И вот тут то расхрабревший пес решил подать голос...",
episode4.nodes.e4_church_4_v2.title,Episode4p0 frame 4; type 2,
episode4.nodes.e4_church_4_v2__choice_0.data.text,Далее,
episode4.nodes.e4_church_4_v2__choice_0.title,Далее,
episode4.nodes.e4_church_4_v2_choice_40.data.text,"Мертвецы разом повернули головы в сторону Джека, раздался многоголосый хрип — заметили добычу. «Черт, обложат тут — не отобьюсь. С другой стороны, хрен знает, на кого сейчас в лесу можно нарваться, — мужчина нервно перебирал варианты. — Да заткнись ты уже, псина!»",
episode4.nodes.e4_church_4_v2_choice_40.title,NewItem(40),
episode4.nodes.e4_church_4_v2_choice_40__choice_0.data.text,Рвануть в церковь,
episode4.nodes.e4_church_4_v2_choice_40__choice_0.title,Рвануть в церковь,
episode4.nodes.e4_church_4_v2_choice_40__choice_1.data.text,Бежать прочь,
episode4.nodes.e4_church_4_v2_choice_40__choice_1.title,Бежать прочь,
episode4.nodes.e4_church_5_v1.data.blocks.0.text,"«Не мои проблемы, это не мои проблемы. Пусть сами там выкручиваются!» — Джек усвоил первое правило постапокалиптического мира. И теперь он слушал, как снаружи, за обветшалыми стенами церквушки, рвут на части бедного, загнанного в угол зверя. Стук в стекло вывел его из раздумий. Проблемы враз стали общими.",
episode4.nodes.e4_church_5_v1.data.text,"«Не мои проблемы, это не мои проблемы. Пусть сами там выкручиваются!» — Джек усвоил первое правило постапокалиптического мира. И теперь он слушал, как снаружи, за обветшалыми стенами церквушки, рвут на части бедного, загнанного в угол зверя. Стук в стекло вывел его из раздумий. Проблемы враз стали общими.",
episode4.nodes.e4_church_5_v1.title,Episode4p0 frame 5; type 1,
episode4.nodes.e4_church_5_v1__choice_0.data.text,Далее,
episode4.nodes.e4_church_5_v1__choice_0.title,Далее,
episode4.nodes.e4_church_5_v2.data.blocks.0.text,"Пса два раза просить не потребовалось, он оказался в церквушке намного раньше Джека. Храбрец, мать его... Хлопнула тяжелая дверь, отсекая часть звуков. Добро пожаловать, как говорится. Барбос в глубину помещений не пошел, зарычал, вздыбил шерсть. «Да сколько ж можно? Так сложно заткнуться, да?» — Джек сплюнул с досады: ведомые звуками изнутри, мертвецы начали искать путь в церковь. Треск стекла. Нашли.",
episode4.nodes.e4_church_5_v2.data.text,"Пса два раза просить не потребовалось, он оказался в церквушке намного раньше Джека. Храбрец, мать его... Хлопнула тяжелая дверь, отсекая часть звуков. Добро пожаловать, как говорится. Барбос в глубину помещений не пошел, зарычал, вздыбил шерсть. «Да сколько ж можно? Так сложно заткнуться, да?» — Джек сплюнул с досады: ведомые звуками изнутри, мертвецы начали искать путь в церковь. Треск стекла. Нашли.",
episode4.nodes.e4_church_5_v2.title,Episode4p0 frame 5; type 2,
episode4.nodes.e4_church_5_v2__choice_0.data.text,Далее,
episode4.nodes.e4_church_5_v2__choice_0.title,Далее,
episode4.nodes.e4_church_6_v1.data.blocks.0.text,"Учуяли, эти твари учуяли его! Черт бы побрал этого пса, что он забыл в этой глуши?! Взгляд упал на труп хирурга. Идея, как, впрочем, и запах витали в воздухе. Нет, это не может сработать. Бред же, ну! Где-то сзади, в зале раздался звон осыпающегося стекла. Они здесь, а значит времени на новые планы нет, надо пробовать. Чудно, лять.",
episode4.nodes.e4_church_6_v1.data.text,"Учуяли, эти твари учуяли его! Черт бы побрал этого пса, что он забыл в этой глуши?! Взгляд упал на труп хирурга. Идея, как, впрочем, и запах витали в воздухе. Нет, это не может сработать. Бред же, ну! Где-то сзади, в зале раздался звон осыпающегося стекла. Они здесь, а значит времени на новые планы нет, надо пробовать. Чудно, лять.",
episode4.nodes.e4_church_6_v1.title,Episode4p0 frame 6; type 1,
episode4.nodes.e4_church_6_v1__choice_0.data.text,Далее,
episode4.nodes.e4_church_6_v1__choice_0.title,Далее,
episode4.nodes.e4_church_6_v2.data.blocks.0.text,"Ну что, что забыла эта псина тут, в беспросветной глуши! Черт бы ее побрал... Тут взгляд упал на труп хирурга. Идея, как, впрочем, и запах витали в воздухе. Нет, это не может сработать. Бред же, ну! Где-то сзади, в зале раздался звон осыпающегося стекла. Они здесь, а значит времени на новые планы нет, надо пробовать. Чудно, лять.",
episode4.nodes.e4_church_6_v2.data.text,"Ну что, что забыла эта псина тут, в беспросветной глуши! Черт бы ее побрал... Тут взгляд упал на труп хирурга. Идея, как, впрочем, и запах витали в воздухе. Нет, это не может сработать. Бред же, ну! Где-то сзади, в зале раздался звон осыпающегося стекла. Они здесь, а значит времени на новые планы нет, надо пробовать. Чудно, лять.",
episode4.nodes.e4_church_6_v2.title,Episode4p0 frame 6; type 2,
episode4.nodes.e4_church_6_v2__choice_0.data.text,Далее,
episode4.nodes.e4_church_6_v2__choice_0.title,Далее,
episode4.nodes.e4_church_7_v1.data.blocks.0.text,"Шаг, еще шаг. С трупом хирурга на плечах каждый метр дается непросто. Пот застилает глаза, нервы как натянутая струна. Мертвецов в зале передергивает, будто чуют, но не могут найти источник. Шаг, еще шаг. Быстрый зомби беспорядочно носится по церкви, ищет. Только бы не зацепил, не свалил его. Джек сейчас устойчивый, как карточный домик. Тихий щелчок двери, сдавленный скрип петель.",
episode4.nodes.e4_church_7_v1.data.text,"Шаг, еще шаг. С трупом хирурга на плечах каждый метр дается непросто. Пот застилает глаза, нервы как натянутая струна. Мертвецов в зале передергивает, будто чуют, но не могут найти источник. Шаг, еще шаг. Быстрый зомби беспорядочно носится по церкви, ищет. Только бы не зацепил, не свалил его. Джек сейчас устойчивый, как карточный домик. Тихий щелчок двери, сдавленный скрип петель.",
episode4.nodes.e4_church_7_v1.title,Episode4p0 frame 7; type 1,
episode4.nodes.e4_church_7_v1__choice_0.data.text,Далее,
episode4.nodes.e4_church_7_v1__choice_0.title,Далее,
episode4.nodes.e4_church_7_v1_choice_41.data.text,"Глаза слезились, руки уже давно налились свинцом по самые плечи. Идти было все тяжелее, но «маскировка» работала на все сто — зомби не замечали Джека даже в упор. Однако что-то его все же беспокоило, чей-то внимательный и злобный взгляд постоянно следил, сверлил спину. Паранойя? Возможно.",
episode4.nodes.e4_church_7_v1_choice_41.title,NewItem(41),
episode4.nodes.e4_church_7_v1_choice_41__choice_0.data.text,Идти дальше,
episode4.nodes.e4_church_7_v1_choice_41__choice_0.title,Идти дальше,
episode4.nodes.e4_church_7_v1_choice_41__choice_1.data.text,Бросить труп,
episode4.nodes.e4_church_7_v1_choice_41__choice_1.title,Бросить труп,
episode4.nodes.e4_church_8_v1.data.blocks.0.text,"Все, с него хватит! Нещадно кружилась голова от жары и невыносимого запаха, но Джек переборол слабость, выхватил Глок, вращаясь на все триста шестьдесят — никого. Далекий гул вдруг привлек внимание мужчины: вроде приближается, причем довольно быстро. Машина? Джек рванул сквозь кусты и оказался на лесной грунтовке. Через мгновение из-за поворота показался джип, здоровенный Паджеро.",
episode4.nodes.e4_church_8_v1.data.text,"Все, с него хватит! Нещадно кружилась голова от жары и невыносимого запаха, но Джек переборол слабость, выхватил Глок, вращаясь на все триста шестьдесят — никого. Далекий гул вдруг привлек внимание мужчины: вроде приближается, причем довольно быстро. Машина? Джек рванул сквозь кусты и оказался на лесной грунтовке. Через мгновение из-за поворота показался джип, здоровенный Паджеро.",
episode4.nodes.e4_church_8_v1.title,Episode4p0 frame 8; type 1,
episode4.nodes.e4_church_8_v1__choice_0.data.text,Далее,
episode4.nodes.e4_church_8_v1__choice_0.title,Далее,
episode4.nodes.e4_church_8_v2.data.blocks.0.text,"Хруст веток над головой, хрипы между деревьями. Кажется, нет? Жара, какая невыносимая жара вокруг. Джек опустился на колени, переводя дух. Далекий нарастающий гул стал глотком воздуха помутневшему сознанию. Машина? Вертолет? Мужчина подскочил и с новыми силами бросился на звук. Вот он, за этими кустами! Расцарапанный, изодранный Джек вылетел на грунтовую дорогу и уставился вслед удаляющемуся автомобилю. Проклятье! Руки сами собой отпустили свою мертвую ношу.",
episode4.nodes.e4_church_8_v2.data.text,"Хруст веток над головой, хрипы между деревьями. Кажется, нет? Жара, какая невыносимая жара вокруг. Джек опустился на колени, переводя дух. Далекий нарастающий гул стал глотком воздуха помутневшему сознанию. Машина? Вертолет? Мужчина подскочил и с новыми силами бросился на звук. Вот он, за этими кустами! Расцарапанный, изодранный Джек вылетел на грунтовую дорогу и уставился вслед удаляющемуся автомобилю. Проклятье! Руки сами собой отпустили свою мертвую ношу.",
episode4.nodes.e4_church_8_v2.title,Episode4p0 frame 8; type 2,
episode4.nodes.e4_church_8_v2__choice_0.data.text,Далее,
episode4.nodes.e4_church_8_v2__choice_0.title,Далее,
episode4.nodes.e4_church_9_v1.data.blocks.0.text,"Джек как стоял, так и остался стоять на пути автомобиля. Скрип тормозов, распахнулась пассажирская дверь. В салоне сидел взъерошенный мужик лет сорока, жестом пригласивший Джека внутрь. Стоило ему оказаться внутри, как джип судорожно рванул вперед, оставляя позади глубокие борозды — люди явно кудо-то очень спешили. Но это уже было делом десятым — Джек устало откинулся на сидении.",
episode4.nodes.e4_church_9_v1.data.text,"Джек как стоял, так и остался стоять на пути автомобиля. Скрип тормозов, распахнулась пассажирская дверь. В салоне сидел взъерошенный мужик лет сорока, жестом пригласивший Джека внутрь. Стоило ему оказаться внутри, как джип судорожно рванул вперед, оставляя позади глубокие борозды — люди явно кудо-то очень спешили. Но это уже было делом десятым — Джек устало откинулся на сидении.",
episode4.nodes.e4_church_9_v1.title,Episode4p0 frame 9; type 1,
episode4.nodes.e4_church_9_v1__choice_0.data.text,Далее,
episode4.nodes.e4_church_9_v1__choice_0.title,Далее,
episode4.nodes.e4_dialogue_jess_0.data.speaker,Джессика Сандерс,
episode4.nodes.e4_dialogue_jess_0.data.text,"(Истеричным шепотом) Это снова вы?! Вертолет, где ваш вертолет?! Заберите меня отсюда!",
episode4.nodes.e4_dialogue_jess_0.title,DialogMov(2) DlgArr[0],
episode4.nodes.e4_dialogue_jess_0__choice_0.data.text,"Стой, стой, стой, помедленней, пожалуйста.",
episode4.nodes.e4_dialogue_jess_0__choice_0.title,"Стой, стой, стой, помедленней, пожалуйста.",
episode4.nodes.e4_dialogue_jess_0__choice_1.data.text,Вертолет? Какой вертолет?,
episode4.nodes.e4_dialogue_jess_0__choice_1.title,Вертолет? Какой вертолет?,
episode4.nodes.e4_dialogue_jess_0__choice_2.data.text,Вертолет сломался по дороге. Приплыли на корабле.,
episode4.nodes.e4_dialogue_jess_0__choice_2.title,Вертолет сломался по дороге. Приплыли на корабле.,
episode4.nodes.e4_dialogue_jess_1.data.speaker,Джессика Сандерс,
episode4.nodes.e4_dialogue_jess_1.data.text,"Вы прилетели к нам на вертолете, звали в мегафон. (Девушку вдруг нервно передернуло). Я... Они бежали к нам. Эти существа, они...  (Всхлип). Я на чердаке потом спряталась, а вы, ВЫ УЛЕТЕЛИ! ПОЧЕМУ?!",
episode4.nodes.e4_dialogue_jess_1.title,DialogMov(2) DlgArr[1],
episode4.nodes.e4_dialogue_jess_10.data.speaker,Джессика Сандерс,
episode4.nodes.e4_dialogue_jess_10.data.text,Джесс... Джессика. Правда заберете? У вас есть что-нибудь поесть? Я... Я уже ддва ничего совсем не ела.,
episode4.nodes.e4_dialogue_jess_10.title,DialogMov(2) DlgArr[10],
episode4.nodes.e4_dialogue_jess_10__choice_0.data.text,"Нет, ничего нету. Сами искали.",
episode4.nodes.e4_dialogue_jess_10__choice_0.title,"Нет, ничего нету. Сами искали.",
episode4.nodes.e4_dialogue_jess_10__choice_1.data.text,"А у тебя есть оружие, Джессика?",
episode4.nodes.e4_dialogue_jess_10__choice_1.title,"А у тебя есть оружие, Джессика?",
episode4.nodes.e4_dialogue_jess_11.data.speaker,Джессика Сандерс,
episode4.nodes.e4_dialogue_jess_11.data.text,"Оддна, я. А что такое? У вас нет там места? На чем вы сюда приехали...",
episode4.nodes.e4_dialogue_jess_11.title,DialogMov(2) DlgArr[11],
episode4.nodes.e4_dialogue_jess_11__choice_0.data.text,"Есть, конечно есть, не волнуйся.",
episode4.nodes.e4_dialogue_jess_11__choice_0.title,"Есть, конечно есть, не волнуйся.",
episode4.nodes.e4_dialogue_jess_11__choice_1.data.text,А здесь есть что-нибудь полезное для нас?,
episode4.nodes.e4_dialogue_jess_11__choice_1.title,А здесь есть что-нибудь полезное для нас?,
episode4.nodes.e4_dialogue_jess_12.data.speaker,Джессика Сандерс,
episode4.nodes.e4_dialogue_jess_12.data.text,"Они ббыли в масках таких, с хоботами. Еще в черном, да. И вертолет был черный, и они. Вы их не видели?",
episode4.nodes.e4_dialogue_jess_12.title,DialogMov(2) DlgArr[12],
episode4.nodes.e4_dialogue_jess_12__choice_0.data.text,"Нет, таких не встречали. А куда они полетели?",
episode4.nodes.e4_dialogue_jess_12__choice_0.title,"Нет, таких не встречали. А куда они полетели?",
episode4.nodes.e4_dialogue_jess_12__choice_1.data.text,А что они говорили? Ты говорила про мегафон.,
episode4.nodes.e4_dialogue_jess_12__choice_1.title,А что они говорили? Ты говорила про мегафон.,
episode4.nodes.e4_dialogue_jess_13.data.speaker,Джессика Сандерс,
episode4.nodes.e4_dialogue_jess_13.data.text,"Я... Я не знаю, правда. А что вам нужно? Тут ружье есть папино, нож есть. Может на чердаке что-то есть еще в коробках... Я вас отведу!",
episode4.nodes.e4_dialogue_jess_13.title,DialogMov(2) DlgArr[13],
episode4.nodes.e4_dialogue_jess_13__choice_0.data.text,Было бы здорово.,
episode4.nodes.e4_dialogue_jess_13__choice_0.title,Было бы здорово.,
episode4.nodes.e4_dialogue_jess_14.data.speaker,Джессика Сандерс,
episode4.nodes.e4_dialogue_jess_14.data.text,"Ну... Как же, я два дня не ела. (В подтверждение ее слов призывно заурчал живот). Я... У меня есть ружье, вам нужно?",
episode4.nodes.e4_dialogue_jess_14.title,DialogMov(2) DlgArr[14],
episode4.nodes.e4_dialogue_jess_14__choice_0.data.text,"Давай сюда, хорошо",
episode4.nodes.e4_dialogue_jess_14__choice_0.title,"Давай сюда, хорошо",
episode4.nodes.e4_dialogue_jess_14__choice_1.data.text,А есть еще что-нибудь полезное для нас?,
episode4.nodes.e4_dialogue_jess_14__choice_1.title,А есть еще что-нибудь полезное для нас?,
episode4.nodes.e4_dialogue_jess_17.data.speaker,Джессика Сандерс,
episode4.nodes.e4_dialogue_jess_17.data.text,"Ну... Как же, я два дня не ела. (В подтверждение ее слов призывно заурчал живот). Я... У меня есть ружье, вам нужно?",
episode4.nodes.e4_dialogue_jess_17.title,DialogMov(2) DlgArr[17],
episode4.nodes.e4_dialogue_jess_179.data.speaker,Джессика Сандерс,
episode4.nodes.e4_dialogue_jess_179.data.text,"Немного совсем... Нож, вот, у меня есть. (Девушка с печальной улыбкой протянула свое оружие). Точно! Может на чердаке что-то есть еще в коробках. Я вас отведу!",
episode4.nodes.e4_dialogue_jess_179.title,DialogMov(2) DlgArr[179],
episode4.nodes.e4_dialogue_jess_179__choice_0.data.text,Было бы здорово.,
episode4.nodes.e4_dialogue_jess_179__choice_0.title,Было бы здорово.,
episode4.nodes.e4_dialogue_jess_17__choice_0.data.text,"Давай сюда, хорошо",
episode4.nodes.e4_dialogue_jess_17__choice_0.title,"Давай сюда, хорошо",
episode4.nodes.e4_dialogue_jess_17__choice_1.data.text,А есть еще что-нибудь полезное для нас?,
episode4.nodes.e4_dialogue_jess_17__choice_1.title,А есть еще что-нибудь полезное для нас?,
episode4.nodes.e4_dialogue_jess_19.data.speaker,Джессика Сандерс,
episode4.nodes.e4_dialogue_jess_19.data.text,"Большой такой, зелененький. Там еще большое такое ружье сверху... Вы разве не с него? Блин... У вас есть машина? Вы заберете меня отсюда?",
episode4.nodes.e4_dialogue_jess_19.title,DialogMov(2) DlgArr[19],
episode4.nodes.e4_dialogue_jess_19__choice_0.data.text,Заберем. Иди за мной.,
episode4.nodes.e4_dialogue_jess_19__choice_0.title,Заберем. Иди за мной.,
episode4.nodes.e4_dialogue_jess_19__choice_1.data.text,А зачем нам тебя забирать?,
episode4.nodes.e4_dialogue_jess_19__choice_1.title,А зачем нам тебя забирать?,
episode4.nodes.e4_dialogue_jess_1__choice_0.data.text,Существа? Что за существа? Черные такие?,
episode4.nodes.e4_dialogue_jess_1__choice_0.title,Существа? Что за существа? Черные такие?,
episode4.nodes.e4_dialogue_jess_1__choice_1.data.text,"Расскажи-ка поподробней про вертолет, пожалуйста.",
episode4.nodes.e4_dialogue_jess_1__choice_1.title,"Расскажи-ка поподробней про вертолет, пожалуйста.",
episode4.nodes.e4_dialogue_jess_1__choice_2.data.text,Больше никого нет?,
episode4.nodes.e4_dialogue_jess_1__choice_2.title,Больше никого нет?,
episode4.nodes.e4_dialogue_jess_2.data.speaker,Джессика Сандерс,
episode4.nodes.e4_dialogue_jess_2.data.text,"Ну, как же... Большой такой, зелененький. Там еще большое такое ружье сверху... Вы с него? Почему его не слышно?",
episode4.nodes.e4_dialogue_jess_2.title,DialogMov(2) DlgArr[2],
episode4.nodes.e4_dialogue_jess_20.data.speaker,Джессика Сандерс,
episode4.nodes.e4_dialogue_jess_20.data.text,"Джессика, Джессика меня зовут. Можно просто Дж... Стойте, вы слышите? Гудит что-то, как тогда! Пойдемте быстрей! (С этими словами девушка помчалась к выходу из отеля).",
episode4.nodes.e4_dialogue_jess_20.title,DialogMov(2) DlgArr[20],
episode4.nodes.e4_dialogue_jess_20__choice_0.data.text,"Стой, подожди!",
episode4.nodes.e4_dialogue_jess_20__choice_0.title,"Стой, подожди!",
episode4.nodes.e4_dialogue_jess_22.data.speaker,Джессика Сандерс,
episode4.nodes.e4_dialogue_jess_22.data.text,Джесс... Джессика. Правда заберете? У вас есть что-нибудь поесть? Я... Я уже ддва ничего совсем не ела.,
episode4.nodes.e4_dialogue_jess_22.title,DialogMov(2) DlgArr[22],
episode4.nodes.e4_dialogue_jess_22__choice_0.data.text,"Нет, ничего нету. Сами искали.",
episode4.nodes.e4_dialogue_jess_22__choice_0.title,"Нет, ничего нету. Сами искали.",
episode4.nodes.e4_dialogue_jess_22__choice_1.data.text,"А у тебя есть оружие, Джессика?",
episode4.nodes.e4_dialogue_jess_22__choice_1.title,"А у тебя есть оружие, Джессика?",
episode4.nodes.e4_dialogue_jess_23.data.speaker,Джессика Сандерс,
episode4.nodes.e4_dialogue_jess_23.data.text,"Оддна, я. А что такое? У вас нет там места? На чем вы сюда приехали...",
episode4.nodes.e4_dialogue_jess_23.title,DialogMov(2) DlgArr[23],
episode4.nodes.e4_dialogue_jess_233.data.speaker,Джессика Сандерс,
episode4.nodes.e4_dialogue_jess_233.data.text,"Немного совсем... Нож, вот, у меня есть. (Девушка с печальной улыбкой протянула свое оружие). Точно! Может на чердаке что-то есть еще в коробках. Я вас отведу!",
episode4.nodes.e4_dialogue_jess_233.title,DialogMov(2) DlgArr[233],
episode4.nodes.e4_dialogue_jess_233__choice_0.data.text,Было бы здорово.,
episode4.nodes.e4_dialogue_jess_233__choice_0.title,Было бы здорово.,
episode4.nodes.e4_dialogue_jess_23__choice_0.data.text,"Есть, конечно есть, не волнуйся.",
episode4.nodes.e4_dialogue_jess_23__choice_0.title,"Есть, конечно есть, не волнуйся.",
episode4.nodes.e4_dialogue_jess_23__choice_1.data.text,А здесь есть что-нибудь полезное для нас?,
episode4.nodes.e4_dialogue_jess_23__choice_1.title,А здесь есть что-нибудь полезное для нас?,
episode4.nodes.e4_dialogue_jess_24.data.speaker,Джессика Сандерс,
episode4.nodes.e4_dialogue_jess_24.data.text,"Они ббыли в масках таких, с хоботами. Еще в черном, да. И вертолет был черный, и они. Вы их не видели?",
episode4.nodes.e4_dialogue_jess_24.title,DialogMov(2) DlgArr[24],
episode4.nodes.e4_dialogue_jess_24__choice_0.data.text,"Нет, таких не встречали. А куда они полетели?",
episode4.nodes.e4_dialogue_jess_24__choice_0.title,"Нет, таких не встречали. А куда они полетели?",
episode4.nodes.e4_dialogue_jess_24__choice_1.data.text,А что они говорили? Ты говорила про мегафон.,
episode4.nodes.e4_dialogue_jess_24__choice_1.title,А что они говорили? Ты говорила про мегафон.,
episode4.nodes.e4_dialogue_jess_25.data.speaker,Джессика Сандерс,
episode4.nodes.e4_dialogue_jess_25.data.text,"Ннет, на людей ббыли похожи. Только страшные очень... А еще их нельзя убить, папа ппытал... пытался (Девушка часто-часто заморгала). Вы заберете меня?",
episode4.nodes.e4_dialogue_jess_25.title,DialogMov(2) DlgArr[25],
episode4.nodes.e4_dialogue_jess_25__choice_0.data.text,Заберем. Тут есть что-нибудь полезное?,
episode4.nodes.e4_dialogue_jess_25__choice_0.title,Заберем. Тут есть что-нибудь полезное?,
episode4.nodes.e4_dialogue_jess_25__choice_1.data.text,А зачем нам тебя забирать?,
episode4.nodes.e4_dialogue_jess_25__choice_1.title,А зачем нам тебя забирать?,
episode4.nodes.e4_dialogue_jess_26.data.speaker,Джессика Сандерс,
episode4.nodes.e4_dialogue_jess_26.data.text,"Заберите меня отсюда, пожалуйста. Я... (Всхлип). Я уже два дня без крошки во рту, все тут переворошила, блин. У мменя есть это... ружье, да. Вам нужно? И еще нож, вот. Только не ос... не оставляйте меня здесь одну снова! (Девушка вцепилась Джеку в рукав белесыми тонкими пальцами).",
episode4.nodes.e4_dialogue_jess_26.title,DialogMov(2) DlgArr[26],
episode4.nodes.e4_dialogue_jess_260.data.speaker,Джессика Сандерс,
episode4.nodes.e4_dialogue_jess_260.data.text,"Немного совсем... Нож, вот, у меня есть. (Девушка с печальной улыбкой протянула свое оружие). Точно! Может на чердаке что-то есть еще в коробках. Я вас отведу!",
episode4.nodes.e4_dialogue_jess_260.title,DialogMov(2) DlgArr[260],
episode4.nodes.e4_dialogue_jess_260__choice_0.data.text,Было бы здорово.,
episode4.nodes.e4_dialogue_jess_260__choice_0.title,Было бы здорово.,
episode4.nodes.e4_dialogue_jess_26__choice_0.data.text,"Давай сюда, хорошо",
episode4.nodes.e4_dialogue_jess_26__choice_0.title,"Давай сюда, хорошо",
episode4.nodes.e4_dialogue_jess_28.data.speaker,Джессика Сандерс,
episode4.nodes.e4_dialogue_jess_28.data.text,"Ну говорю же, большой такой, темно-зеленый. И ружье наверху торчит... Пулемет, вспомнила! А у вас есть машина? Вы заберете меня отсюда?",
episode4.nodes.e4_dialogue_jess_28.title,DialogMov(2) DlgArr[28],
episode4.nodes.e4_dialogue_jess_28__choice_0.data.text,Заберем. Иди за мной.,
episode4.nodes.e4_dialogue_jess_28__choice_0.title,Заберем. Иди за мной.,
episode4.nodes.e4_dialogue_jess_28__choice_1.data.text,А зачем нам тебя забирать?,
episode4.nodes.e4_dialogue_jess_28__choice_1.title,А зачем нам тебя забирать?,
episode4.nodes.e4_dialogue_jess_29.data.speaker,Джессика Сандерс,
episode4.nodes.e4_dialogue_jess_29.data.text,"Джессика, Джессика меня зовут. Можно просто Дж... Стойте, вы слышите? Гудит что-то, как тогда! Пойдемте быстрей! (С этими словами девушка помчалась к выходу из отеля).",
episode4.nodes.e4_dialogue_jess_29.title,DialogMov(2) DlgArr[29],
episode4.nodes.e4_dialogue_jess_29__choice_0.data.text,"Стой, подожди!",
episode4.nodes.e4_dialogue_jess_29__choice_0.title,"Стой, подожди!",
episode4.nodes.e4_dialogue_jess_2__choice_0.data.text,"Нет, мы не с него.",
episode4.nodes.e4_dialogue_jess_2__choice_0.title,"Нет, мы не с него.",
episode4.nodes.e4_dialogue_jess_2__choice_1.data.text,"Расскажи-ка поподробней про вертолет, пожалуйста.",
episode4.nodes.e4_dialogue_jess_2__choice_1.title,"Расскажи-ка поподробней про вертолет, пожалуйста.",
episode4.nodes.e4_dialogue_jess_2__choice_2.data.text,Ты одна?,
episode4.nodes.e4_dialogue_jess_2__choice_2.title,Ты одна?,
episode4.nodes.e4_dialogue_jess_3.data.speaker,Джессика Сандерс,
episode4.nodes.e4_dialogue_jess_3.data.text,"(Девушка насупилась). Я думала, что вы — это они. Они сказали, что заберут нас отсюда. Потом... потом прибежали эти чудовища воющие, и... и... (Из глаз потекли слезы). Они напали на нас. Папа пытался их поубивать, но... (Девушка замолчала, глядя в пустоту коридора).",
episode4.nodes.e4_dialogue_jess_3.title,DialogMov(2) DlgArr[3],
episode4.nodes.e4_dialogue_jess_32.data.speaker,Джессика Сандерс,
episode4.nodes.e4_dialogue_jess_32.data.text,"Немного совсем... Тут ружье есть папино, нож, вот, у меня есть. (Джессика протянула свое оружие). Может на чердаке что-то есть еще в коробках... Я вас отведу!",
episode4.nodes.e4_dialogue_jess_32.title,DialogMov(2) DlgArr[32],
episode4.nodes.e4_dialogue_jess_32__choice_0.data.text,Было бы здорово.,
episode4.nodes.e4_dialogue_jess_32__choice_0.title,Было бы здорово.,
episode4.nodes.e4_dialogue_jess_35.data.speaker,Джессика Сандерс,
episode4.nodes.e4_dialogue_jess_35.data.text,"Я... Я не знаю, правда. А что вам нужно? Тут ружье есть папино, нож есть. Может на чердаке что-то есть еще в коробках... Я вас отведу!",
episode4.nodes.e4_dialogue_jess_35.title,DialogMov(2) DlgArr[35],
episode4.nodes.e4_dialogue_jess_35__choice_0.data.text,Было бы здорово.,
episode4.nodes.e4_dialogue_jess_35__choice_0.title,Было бы здорово.,
episode4.nodes.e4_dialogue_jess_37.data.speaker,Джессика Сандерс,
episode4.nodes.e4_dialogue_jess_37.data.text,"Так, так, так, сейчас. (Девушка закрутилась на месте, пытаясь что-то вспомнить). Туда, да, точно. (Маленький палец указывал куда-то на северо-запад).",
episode4.nodes.e4_dialogue_jess_37.title,DialogMov(2) DlgArr[37],
episode4.nodes.e4_dialogue_jess_37__choice_0.data.text,Спасибо тебе. С нами хочешь?,
episode4.nodes.e4_dialogue_jess_37__choice_0.title,Спасибо тебе. С нами хочешь?,
episode4.nodes.e4_dialogue_jess_38.data.speaker,Джессика Сандерс,
episode4.nodes.e4_dialogue_jess_38.data.text,"Что-то про антиввирус какой-то. Типо у них он есть, и они готовы им поделиться. И еще что-то, не помню уже точно. Блин... Это все, извините. Заберите меня с собой!",
episode4.nodes.e4_dialogue_jess_38.title,DialogMov(2) DlgArr[38],
episode4.nodes.e4_dialogue_jess_38__choice_0.data.text,Спасибо тебе. Шагай за мной.,
episode4.nodes.e4_dialogue_jess_38__choice_0.title,Спасибо тебе. Шагай за мной.,
episode4.nodes.e4_dialogue_jess_3__choice_0.data.text,"Подожди, подожди, мы вытащим тебя. Как тебя зовут?",
episode4.nodes.e4_dialogue_jess_3__choice_0.title,"Подожди, подожди, мы вытащим тебя. Как тебя зовут?",
episode4.nodes.e4_dialogue_jess_3__choice_1.data.text,Больше никого нет?,
episode4.nodes.e4_dialogue_jess_3__choice_1.title,Больше никого нет?,
episode4.nodes.e4_dialogue_jess_3__choice_2.data.text,"А как выглядели они? Ну, эти, с вертолета.",
episode4.nodes.e4_dialogue_jess_3__choice_2.title,"А как выглядели они? Ну, эти, с вертолета.",
episode4.nodes.e4_dialogue_jess_4.data.speaker,Джессика Сандерс,
episode4.nodes.e4_dialogue_jess_4.data.text,"Ннет, на людей ббыли похожи. Только страшные очень... А еще их нельзя убить, папа ппытал... пытался (Девушка часто-часто заморгала). Вы заберете меня?",
episode4.nodes.e4_dialogue_jess_4.title,DialogMov(2) DlgArr[4],
episode4.nodes.e4_dialogue_jess_44.data.speaker,Джессика Сандерс,
episode4.nodes.e4_dialogue_jess_44.data.text,"Немного совсем... Нож, вот, у меня есть. (Девушка с печальной улыбкой протянула свое оружие). Точно! Может на чердаке что-то есть еще в коробках. Я вас отведу!",
episode4.nodes.e4_dialogue_jess_44.title,DialogMov(2) DlgArr[44],
episode4.nodes.e4_dialogue_jess_44__choice_0.data.text,Было бы здорово.,
episode4.nodes.e4_dialogue_jess_44__choice_0.title,Было бы здорово.,
episode4.nodes.e4_dialogue_jess_4__choice_0.data.text,Заберем. Тут есть что-нибудь полезное?,
episode4.nodes.e4_dialogue_jess_4__choice_0.title,Заберем. Тут есть что-нибудь полезное?,
episode4.nodes.e4_dialogue_jess_4__choice_1.data.text,А зачем нам тебя забирать?,
episode4.nodes.e4_dialogue_jess_4__choice_1.title,А зачем нам тебя забирать?,
episode4.nodes.e4_dialogue_jess_5.data.speaker,Джессика Сандерс,
episode4.nodes.e4_dialogue_jess_5.data.text,"Большой такой, зелененький. Там еще большое такое ружье сверху... Вы разве не с него? Блин... У вас есть машина? Вы заберете меня отсюда?",
episode4.nodes.e4_dialogue_jess_5.title,DialogMov(2) DlgArr[5],
episode4.nodes.e4_dialogue_jess_53.data.speaker,Джессика Сандерс,
episode4.nodes.e4_dialogue_jess_53.data.text,"Немного совсем... Нож, вот, у меня есть. (Девушка с печальной улыбкой протянула свое оружие). Точно! Может на чердаке что-то есть еще в коробках. Я вас отведу!",
episode4.nodes.e4_dialogue_jess_53.title,DialogMov(2) DlgArr[53],
episode4.nodes.e4_dialogue_jess_53__choice_0.data.text,Было бы здорово.,
episode4.nodes.e4_dialogue_jess_53__choice_0.title,Было бы здорово.,
episode4.nodes.e4_dialogue_jess_59.data.speaker,Джессика Сандерс,
episode4.nodes.e4_dialogue_jess_59.data.text,"Ну... Как же, я два дня не ела. (В подтверждение ее слов призывно заурчал живот). Я... У меня есть ружье, вам нужно?",
episode4.nodes.e4_dialogue_jess_59.title,DialogMov(2) DlgArr[59],
episode4.nodes.e4_dialogue_jess_59__choice_0.data.text,"Давай сюда, хорошо",
episode4.nodes.e4_dialogue_jess_59__choice_0.title,"Давай сюда, хорошо",
episode4.nodes.e4_dialogue_jess_59__choice_1.data.text,А есть еще что-нибудь полезное для нас?,
episode4.nodes.e4_dialogue_jess_59__choice_1.title,А есть еще что-нибудь полезное для нас?,
episode4.nodes.e4_dialogue_jess_5__choice_0.data.text,Заберем. Иди за мной.,
episode4.nodes.e4_dialogue_jess_5__choice_0.title,Заберем. Иди за мной.,
episode4.nodes.e4_dialogue_jess_5__choice_1.data.text,А зачем нам тебя забирать?,
episode4.nodes.e4_dialogue_jess_5__choice_1.title,А зачем нам тебя забирать?,
episode4.nodes.e4_dialogue_jess_6.data.speaker,Джессика Сандерс,
episode4.nodes.e4_dialogue_jess_6.data.text,"Оддна, я. А что такое? Я легкая, много не вешу! У вас нет там места? В вертолете...",
episode4.nodes.e4_dialogue_jess_6.title,DialogMov(2) DlgArr[6],
episode4.nodes.e4_dialogue_jess_68.data.speaker,Джессика Сандерс,
episode4.nodes.e4_dialogue_jess_68.data.text,"Немного совсем... Тут ружье есть папино, нож, вот, у меня есть. (Джессика протянула свое оружие). Может на чердаке что-то есть еще в коробках... Я вас отведу!",
episode4.nodes.e4_dialogue_jess_68.title,DialogMov(2) DlgArr[68],
episode4.nodes.e4_dialogue_jess_68__choice_0.data.text,Было бы здорово.,
episode4.nodes.e4_dialogue_jess_68__choice_0.title,Было бы здорово.,
episode4.nodes.e4_dialogue_jess_6__choice_0.data.text,Да что за вертолет то?,
episode4.nodes.e4_dialogue_jess_6__choice_0.title,Да что за вертолет то?,
episode4.nodes.e4_dialogue_jess_6__choice_1.data.text,"(Усмехнувшись) Зовут тебя как, легкая?",
episode4.nodes.e4_dialogue_jess_6__choice_1.title,"(Усмехнувшись) Зовут тебя как, легкая?",
episode4.nodes.e4_dialogue_jess_7.data.speaker,Джессика Сандерс,
episode4.nodes.e4_dialogue_jess_7.data.text,"(Девушка насупилась). Я думала, что вы — это они. Они сказали, что заберут нас отсюда. Потом... потом прибежали эти чудовища воющие, и... и... (Из глаз потекли слезы). Они напали на нас. Папа пытался их поубивать, но... (Девушка замолчала, глядя в пустоту коридора).",
episode4.nodes.e4_dialogue_jess_7.title,DialogMov(2) DlgArr[7],
episode4.nodes.e4_dialogue_jess_71.data.speaker,Джессика Сандерс,
episode4.nodes.e4_dialogue_jess_71.data.text,"Я... Я не знаю, правда. А что вам нужно? Тут ружье есть папино, нож есть. Может на чердаке что-то есть еще в коробках... Я вас отведу!",
episode4.nodes.e4_dialogue_jess_71.title,DialogMov(2) DlgArr[71],
episode4.nodes.e4_dialogue_jess_71__choice_0.data.text,Было бы здорово.,
episode4.nodes.e4_dialogue_jess_71__choice_0.title,Было бы здорово.,
episode4.nodes.e4_dialogue_jess_73.data.speaker,Джессика Сандерс,
episode4.nodes.e4_dialogue_jess_73.data.text,"Так, так, так, сейчас. (Девушка закрутилась на месте, пытаясь что-то вспомнить). Туда, да, точно. (Маленький палец указывал куда-то на северо-запад).",
episode4.nodes.e4_dialogue_jess_73.title,DialogMov(2) DlgArr[73],
episode4.nodes.e4_dialogue_jess_73__choice_0.data.text,Спасибо тебе. С нами хочешь?,
episode4.nodes.e4_dialogue_jess_73__choice_0.title,Спасибо тебе. С нами хочешь?,
episode4.nodes.e4_dialogue_jess_74.data.speaker,Джессика Сандерс,
episode4.nodes.e4_dialogue_jess_74.data.text,"Что-то про антиввирус какой-то. Типо у них он есть, и они готовы им поделиться. И еще что-то, не помню уже точно. Блин... Это все, извините. Заберите меня с собой!",
episode4.nodes.e4_dialogue_jess_74.title,DialogMov(2) DlgArr[74],
episode4.nodes.e4_dialogue_jess_74__choice_0.data.text,Спасибо тебе. Шагай за мной.,
episode4.nodes.e4_dialogue_jess_74__choice_0.title,Спасибо тебе. Шагай за мной.,
episode4.nodes.e4_dialogue_jess_76.data.speaker,Джессика Сандерс,
episode4.nodes.e4_dialogue_jess_76.data.text,"Я... Я не знаю, правда. А что вам нужно? Тут ружье есть папино, нож есть. Может на чердаке что-то есть еще в коробках... Я вас отведу!",
episode4.nodes.e4_dialogue_jess_76.title,DialogMov(2) DlgArr[76],
episode4.nodes.e4_dialogue_jess_76__choice_0.data.text,Было бы здорово.,
episode4.nodes.e4_dialogue_jess_76__choice_0.title,Было бы здорово.,
episode4.nodes.e4_dialogue_jess_77.data.speaker,Джессика Сандерс,
episode4.nodes.e4_dialogue_jess_77.data.text,"Ну... Как же, я два дня не ела. (В подтверждение ее слов призывно заурчал живот). Я... У меня есть ружье, вам нужно?",
episode4.nodes.e4_dialogue_jess_77.title,DialogMov(2) DlgArr[77],
episode4.nodes.e4_dialogue_jess_77__choice_0.data.text,"Давай сюда, хорошо",
episode4.nodes.e4_dialogue_jess_77__choice_0.title,"Давай сюда, хорошо",
episode4.nodes.e4_dialogue_jess_77__choice_1.data.text,А есть еще что-нибудь полезное для нас?,
episode4.nodes.e4_dialogue_jess_77__choice_1.title,А есть еще что-нибудь полезное для нас?,
episode4.nodes.e4_dialogue_jess_7__choice_0.data.text,"Подожди, подожди, мы вытащим тебя. Как тебя зовут?",
episode4.nodes.e4_dialogue_jess_7__choice_0.title,"Подожди, подожди, мы вытащим тебя. Как тебя зовут?",
episode4.nodes.e4_dialogue_jess_7__choice_1.data.text,Больше никого нет?,
episode4.nodes.e4_dialogue_jess_7__choice_1.title,Больше никого нет?,
episode4.nodes.e4_dialogue_jess_7__choice_2.data.text,"А как выглядели они? Ну, эти, с вертолета.",
episode4.nodes.e4_dialogue_jess_7__choice_2.title,"А как выглядели они? Ну, эти, с вертолета.",
episode4.nodes.e4_dialogue_jess_8.data.speaker,Джессика Сандерс,
episode4.nodes.e4_dialogue_jess_8.data.text,"Мы с папой зашли... зашли сюда поесть что-нибудь найти. Все искали, искали, а потом... потом вертолет трещит свер... сверху. Ну мы и вышли к нему. Папа вышел, а я внутри осталась. А там, там эти монстры напали, нап... (Девушка подняла голову, стараясь сдержать слезы).",
episode4.nodes.e4_dialogue_jess_8.title,DialogMov(2) DlgArr[8],
episode4.nodes.e4_dialogue_jess_86.data.speaker,Джессика Сандерс,
episode4.nodes.e4_dialogue_jess_86.data.text,"Ну... Как же, я два дня не ела. (В подтверждение ее слов призывно заурчал живот). Я... У меня есть ружье, вам нужно?",
episode4.nodes.e4_dialogue_jess_86.title,DialogMov(2) DlgArr[86],
episode4.nodes.e4_dialogue_jess_86__choice_0.data.text,"Давай сюда, хорошо",
episode4.nodes.e4_dialogue_jess_86__choice_0.title,"Давай сюда, хорошо",
episode4.nodes.e4_dialogue_jess_86__choice_1.data.text,А есть еще что-нибудь полезное для нас?,
episode4.nodes.e4_dialogue_jess_86__choice_1.title,А есть еще что-нибудь полезное для нас?,
episode4.nodes.e4_dialogue_jess_8__choice_0.data.text,Монстры? Что за монстры? Черные такие?,
episode4.nodes.e4_dialogue_jess_8__choice_0.title,Монстры? Что за монстры? Черные такие?,
episode4.nodes.e4_dialogue_jess_8__choice_1.data.text,"Нам очень жаль, честно.",
episode4.nodes.e4_dialogue_jess_8__choice_1.title,"Нам очень жаль, честно.",
episode4.nodes.e4_dialogue_jess_9.data.speaker,Джессика Сандерс,
episode4.nodes.e4_dialogue_jess_9.data.text,"Оддна, я. А что такое? Я легкая, много не вешу! У вас нет там места? В вертолете...",
episode4.nodes.e4_dialogue_jess_9.title,DialogMov(2) DlgArr[9],
episode4.nodes.e4_dialogue_jess_9__choice_0.data.text,Да что за вертолет то?,
episode4.nodes.e4_dialogue_jess_9__choice_0.title,Да что за вертолет то?,
episode4.nodes.e4_dialogue_jess_9__choice_1.data.text,"(Усмехнувшись) Зовут тебя как, легкая?",
episode4.nodes.e4_dialogue_jess_9__choice_1.title,"(Усмехнувшись) Зовут тебя как, легкая?",
episode4.nodes.e4_dialogue_matt_0.data.speaker,Мэтт Стивенсон,
episode4.nodes.e4_dialogue_matt_0.data.text,"(Скрипящим голосом) Д-джек? Кх-кх. Это действительно ты? Марта. Они... (Что-то нечленораздельное) Я пытался! Понимаешь, я... Они. Кх-кх. (Мэтт зашелся в жутком кашле и упал на колени, держась за грудь)",
episode4.nodes.e4_dialogue_matt_0.title,DialogMov(3) DlgArr[0],
episode4.nodes.e4_dialogue_matt_0__choice_0.data.text,"Стой, стой, стой. Как тебе удалось выбраться?",
episode4.nodes.e4_dialogue_matt_0__choice_0.title,"Стой, стой, стой. Как тебе удалось выбраться?",
episode4.nodes.e4_dialogue_matt_0__choice_1.data.text,"Мэтт, ты болен? Что с тобой?",
episode4.nodes.e4_dialogue_matt_0__choice_1.title,"Мэтт, ты болен? Что с тобой?",
episode4.nodes.e4_dialogue_matt_0__choice_2.data.text,У тебя оружие есть?,
episode4.nodes.e4_dialogue_matt_0__choice_2.title,У тебя оружие есть?,
episode4.nodes.e4_dialogue_matt_1.data.speaker,Мэтт Стивенсон,
episode4.nodes.e4_dialogue_matt_1.data.text,"Как только поперли эти... эти уроды, мы в палатке были. Выскочили в чем были, а потом... потом одна тварь вцепилась Марте в руку! Мы вырвались, хотели к нашим, но там, кх-кх, куча этих. Рванули в лес. Потом эта черная сука нас нагнала, потом... потом. (Парень зарыдал в голос) ",
episode4.nodes.e4_dialogue_matt_1.title,DialogMov(3) DlgArr[1],
episode4.nodes.e4_dialogue_matt_10.data.speaker,Мэтт Стивенсон,
episode4.nodes.e4_dialogue_matt_10.data.text,"Черт, да, есть. Нас нашли? Та черная тварь? БЛЯТЬ, Я УБЬЮ ЕЕ! (Мэтт нервно старался вытащить здоровенный Desert Eagle из кобуры, но руки не слушались его).",
episode4.nodes.e4_dialogue_matt_10.title,DialogMov(3) DlgArr[10],
episode4.nodes.e4_dialogue_matt_10__choice_0.data.text,"Стой, Мэтт, нет ни какой твари! Успокойся!",
episode4.nodes.e4_dialogue_matt_10__choice_0.title,"Стой, Мэтт, нет ни какой твари! Успокойся!",
episode4.nodes.e4_dialogue_matt_10__choice_1.data.text,"Ты заражен, Мэтт. ЗАРАЖЕН, ПОНИМАЕШЬ?!",
episode4.nodes.e4_dialogue_matt_10__choice_1.title,"Ты заражен, Мэтт. ЗАРАЖЕН, ПОНИМАЕШЬ?!",
episode4.nodes.e4_dialogue_matt_13.data.speaker,Мэтт Стивенсон,
episode4.nodes.e4_dialogue_matt_13.data.text,"Н-надо найти их, Джек! Отведи меня к ним, скорее! (Мэтт пошатывался словно алкоголик в недельном запое).",
episode4.nodes.e4_dialogue_matt_13.title,DialogMov(3) DlgArr[13],
episode4.nodes.e4_dialogue_matt_13__choice_0.data.text,"Стой, Мэтт, присядь. Ты не в себе!",
episode4.nodes.e4_dialogue_matt_13__choice_0.title,"Стой, Мэтт, присядь. Ты не в себе!",
episode4.nodes.e4_dialogue_matt_13__choice_1.data.text,(Встряхнуть парня). Прийди в себя!,
episode4.nodes.e4_dialogue_matt_13__choice_1.title,(Встряхнуть парня). Прийди в себя!,
episode4.nodes.e4_dialogue_matt_14.data.speaker,Мэтт Стивенсон,
episode4.nodes.e4_dialogue_matt_14.data.text,(Мэтт ударил по стене кулаком и упал на колени). Будь прокляты эти чудовища! Я УБЬЮ ИХ ВСЕХ! (Парень нетвердой рукой выхватил из кобуры пистолет).,
episode4.nodes.e4_dialogue_matt_14.title,DialogMov(3) DlgArr[14],
episode4.nodes.e4_dialogue_matt_14__choice_0.data.text,"Стой, стой стой, Мэтт! Здесь нет зомби!",
episode4.nodes.e4_dialogue_matt_14__choice_0.title,"Стой, стой стой, Мэтт! Здесь нет зомби!",
episode4.nodes.e4_dialogue_matt_14__choice_1.data.text,"(Попытаться отобрать пистолет). Эй, Мэтт, что за хрень?",
episode4.nodes.e4_dialogue_matt_14__choice_1.title,"(Попытаться отобрать пистолет). Эй, Мэтт, что за хрень?",
episode4.nodes.e4_dialogue_matt_17.data.speaker,Мэтт Стивенсон,
episode4.nodes.e4_dialogue_matt_17.data.text,"(Мэтт привалился к стене и съехал по ней на пол, держась за жуткую рану на животе) Сука, сука, сука! (Парень окончательно впал в истерику, скуля и постанывая. Сломался.)",
episode4.nodes.e4_dialogue_matt_17.title,DialogMov(3) DlgArr[17],
episode4.nodes.e4_dialogue_matt_17__choice_0.data.text,Ствол мне свой дай. Ты меня пугаешь.,
episode4.nodes.e4_dialogue_matt_17__choice_0.title,Ствол мне свой дай. Ты меня пугаешь.,
episode4.nodes.e4_dialogue_matt_17__choice_1.data.text,(Вырубить Мэтта),
episode4.nodes.e4_dialogue_matt_17__choice_1.title,(Вырубить Мэтта),
episode4.nodes.e4_dialogue_matt_1__choice_0.data.text,Сочувствую.,
episode4.nodes.e4_dialogue_matt_1__choice_0.title,Сочувствую.,
episode4.nodes.e4_dialogue_matt_1__choice_1.data.text,Тебе тоже досталось?,
episode4.nodes.e4_dialogue_matt_1__choice_1.title,Тебе тоже досталось?,
episode4.nodes.e4_dialogue_matt_1__choice_2.data.text,Соберись. Марта хотела бы видеть тебя сильным сейчас.,
episode4.nodes.e4_dialogue_matt_1__choice_2.title,Соберись. Марта хотела бы видеть тебя сильным сейчас.,
episode4.nodes.e4_dialogue_matt_2.data.speaker,Мэтт Стивенсон,
episode4.nodes.e4_dialogue_matt_2.data.text,"(Парень, покачиваясь, расстегнул куртку, под которой оказалась окровавленная майка. Рана на животе была смертельной). Джек, ты ведь поможешь мне? Пожалуйста! Бинты, антибротики там какие-нибудь, хоть что-нибуть! (Мэтт постепенно впадал в истерику).",
episode4.nodes.e4_dialogue_matt_2.title,DialogMov(3) DlgArr[2],
episode4.nodes.e4_dialogue_matt_25.data.speaker,Мэтт Стивенсон,
episode4.nodes.e4_dialogue_matt_25.data.text,"Пугаю, пугаю, пугаю... (Парень раскачивался на полу как болванчик). Я могу напугать, МОГУ! (Руки Мэтта начали нервно шарить по карманам, будто бы ища что-то. Спустя несколько секунд в его руках был пистолет). Т-ты... (Хрипящим шепотом). Ты один из них, ты боишься меня! ВСЕ БОЙТЕСЬ МЕНЯ!",
episode4.nodes.e4_dialogue_matt_25.title,DialogMov(3) DlgArr[25],
episode4.nodes.e4_dialogue_matt_25__choice_0.data.text,"Мэтт, МЭТТ! Ты меня слышишь?!",
episode4.nodes.e4_dialogue_matt_25__choice_0.title,"Мэтт, МЭТТ! Ты меня слышишь?!",
episode4.nodes.e4_dialogue_matt_25__choice_1.data.text,(Обезоружить парня).,
episode4.nodes.e4_dialogue_matt_25__choice_1.title,(Обезоружить парня).,
episode4.nodes.e4_dialogue_matt_2__choice_0.data.text,"Черт, друг, я попробую что-нибудь сделать.",
episode4.nodes.e4_dialogue_matt_2__choice_0.title,"Черт, друг, я попробую что-нибудь сделать.",
episode4.nodes.e4_dialogue_matt_2__choice_1.data.text,"Прости, я ничего не смогу сделать.",
episode4.nodes.e4_dialogue_matt_2__choice_1.title,"Прости, я ничего не смогу сделать.",
episode4.nodes.e4_dialogue_matt_2__choice_2.data.text,(Подойти и дать пощечину). Хватит истерить! Что у тебя есть?,
episode4.nodes.e4_dialogue_matt_2__choice_2.title,(Подойти и дать пощечину). Хватит истерить! Что у тебя есть?,
episode4.nodes.e4_dialogue_matt_3.data.speaker,Мэтт Стивенсон,
episode4.nodes.e4_dialogue_matt_3.data.text,"(Парень ненадолго впал в ступор). Ч-что? Ты о чем? А... Ну это, как его...",
episode4.nodes.e4_dialogue_matt_3.title,DialogMov(3) DlgArr[3],
episode4.nodes.e4_dialogue_matt_3__choice_0.data.text,"(Молча ждать, пока Мэтт сообразит, что от него хотят).",
episode4.nodes.e4_dialogue_matt_3__choice_0.title,"(Молча ждать, пока Мэтт сообразит, что от него хотят).",
episode4.nodes.e4_dialogue_matt_3__choice_1.data.text,"(Схватить парня за плечо). Блять, хватит тормозить! О-РУ-ЖИ-Е!",
episode4.nodes.e4_dialogue_matt_3__choice_1.title,"(Схватить парня за плечо). Блять, хватит тормозить! О-РУ-ЖИ-Е!",
episode4.nodes.e4_dialogue_matt_4.data.speaker,Мэтт Стивенсон,
episode4.nodes.e4_dialogue_matt_4.data.text,(Всхлип). С-спасибо Джек. Т-ты один? Кто-нибудь еще спасся? Джордж? М-метью?,
episode4.nodes.e4_dialogue_matt_4.title,DialogMov(3) DlgArr[4],
episode4.nodes.e4_dialogue_matt_40.data.speaker,Мэтт Стивенсон,
episode4.nodes.e4_dialogue_matt_40.data.text,"П-почему, почему ты не хочешь меня к ним отвести? Что со мной не так?! ОТВЕЧАЙ! (Парень выхватил пистолет и приставил его к виску Джека).",
episode4.nodes.e4_dialogue_matt_40.title,DialogMov(3) DlgArr[40],
episode4.nodes.e4_dialogue_matt_40__choice_0.data.text,(Толкнуть безумца).,
episode4.nodes.e4_dialogue_matt_40__choice_0.title,(Толкнуть безумца).,
episode4.nodes.e4_dialogue_matt_40__choice_1.data.text,"Ты заражен, Мэтт. За-ра-жен. Убери ствол, пожалуйста.",
episode4.nodes.e4_dialogue_matt_40__choice_1.title,"Ты заражен, Мэтт. За-ра-жен. Убери ствол, пожалуйста.",
episode4.nodes.e4_dialogue_matt_4__choice_0.data.text,"Все живы, Мэтт. Им удалось свалить на джипе.",
episode4.nodes.e4_dialogue_matt_4__choice_0.title,"Все живы, Мэтт. Им удалось свалить на джипе.",
episode4.nodes.e4_dialogue_matt_4__choice_1.data.text,Я — единственный выживший. Мне жаль.,
episode4.nodes.e4_dialogue_matt_4__choice_1.title,Я — единственный выживший. Мне жаль.,
episode4.nodes.e4_dialogue_matt_5.data.speaker,Мэтт Стивенсон,
episode4.nodes.e4_dialogue_matt_5.data.text,"(Парень, покачиваясь, расстегнул куртку, под которой оказалась окровавленная майка. Рана на животе была смертельной). Джек, ты ведь поможешь мне? Пожалуйста! Бинты, антибротики там какие-нибудь, хоть что-нибуть! (Мэтт постепенно впадал в истерику).",
episode4.nodes.e4_dialogue_matt_5.title,DialogMov(3) DlgArr[5],
episode4.nodes.e4_dialogue_matt_52.data.speaker,Мэтт Стивенсон,
episode4.nodes.e4_dialogue_matt_52.data.text,"Пугаю, пугаю, пугаю... (Парень раскачивался на полу как болванчик). Я могу напугать, МОГУ! (Руки Мэтта начали нервно шарить по карманам, будто бы ища что-то. Спустя несколько секунд в его руках был пистолет). Т-ты... (Хрипящим шепотом). Ты один из них, ты боишься меня! ВСЕ БОЙТЕСЬ МЕНЯ!",
episode4.nodes.e4_dialogue_matt_52.title,DialogMov(3) DlgArr[52],
episode4.nodes.e4_dialogue_matt_52__choice_0.data.text,"Мэтт, МЭТТ! Ты меня слышишь?!",
episode4.nodes.e4_dialogue_matt_52__choice_0.title,"Мэтт, МЭТТ! Ты меня слышишь?!",
episode4.nodes.e4_dialogue_matt_52__choice_1.data.text,(Обезоружить парня).,
episode4.nodes.e4_dialogue_matt_52__choice_1.title,(Обезоружить парня).,
episode4.nodes.e4_dialogue_matt_5__choice_0.data.text,"Черт, друг, я попробую что-нибудь сделать.",
episode4.nodes.e4_dialogue_matt_5__choice_0.title,"Черт, друг, я попробую что-нибудь сделать.",
episode4.nodes.e4_dialogue_matt_5__choice_1.data.text,"Прости, я ничего не смогу сделать.",
episode4.nodes.e4_dialogue_matt_5__choice_1.title,"Прости, я ничего не смогу сделать.",
episode4.nodes.e4_dialogue_matt_5__choice_2.data.text,(Подойти и дать пощечину). Хватит истерить! Что у тебя есть?,
episode4.nodes.e4_dialogue_matt_5__choice_2.title,(Подойти и дать пощечину). Хватит истерить! Что у тебя есть?,
episode4.nodes.e4_dialogue_matt_8.data.speaker,Мэтт Стивенсон,
episode4.nodes.e4_dialogue_matt_8.data.text,"(Мэтт привалился к стене и съехал по ней на пол, держась за жуткую рану на животе) Сука, сука, сука! (Парень окончательно впал в истерику, скуля и постанывая. Сломался.)",
episode4.nodes.e4_dialogue_matt_8.title,DialogMov(3) DlgArr[8],
episode4.nodes.e4_dialogue_matt_8__choice_0.data.text,Ствол мне свой дай. Ты меня пугаешь.,
episode4.nodes.e4_dialogue_matt_8__choice_0.title,Ствол мне свой дай. Ты меня пугаешь.,
episode4.nodes.e4_dialogue_matt_8__choice_1.data.text,(Вырубить Мэтта),
episode4.nodes.e4_dialogue_matt_8__choice_1.title,(Вырубить Мэтта),
episode4.nodes.e4_dialogue_victor_0.data.speaker,Виктор Круз,
episode4.nodes.e4_dialogue_victor_0.data.text,"Джей-Джей, вот уж кого совсем не ожидал в живых увидеть, так это тебя. Ты как здесь оказался, дружок? Боссу понадобились пончики, а ближайший магазин был закрыт? (Солдаты вокруг вполголоса заржали).",
episode4.nodes.e4_dialogue_victor_0.title,DialogMov(4) DlgArr[0],
episode4.nodes.e4_dialogue_victor_0__choice_0.data.text,"(Криво ухмыляясь). Да, я тоже рад тебя видеть, Вик.",
episode4.nodes.e4_dialogue_victor_0__choice_0.title,"(Криво ухмыляясь). Да, я тоже рад тебя видеть, Вик.",
episode4.nodes.e4_dialogue_victor_0__choice_1.data.text,"Ты меня настолько ненавидишь, что решил спасти?",
episode4.nodes.e4_dialogue_victor_0__choice_1.title,"Ты меня настолько ненавидишь, что решил спасти?",
episode4.nodes.e4_dialogue_victor_1.data.speaker,Виктор Круз,
episode4.nodes.e4_dialogue_victor_1.data.text,"Окей, давай к делу. Тут все сплошь вооруженные до зубов машины для убийств. Нам очень не хватает одной такой рохли, как ты. Повезло тебе, Джек, переговорщиком будешь.",
episode4.nodes.e4_dialogue_victor_1.title,DialogMov(4) DlgArr[1],
episode4.nodes.e4_dialogue_victor_1__choice_0.data.text,"Стоп, что? Какой такой переговорщик? Куда?",
episode4.nodes.e4_dialogue_victor_1__choice_0.title,"Стоп, что? Какой такой переговорщик? Куда?",
episode4.nodes.e4_dialogue_victor_1__choice_1.data.text,"Ты один раз уже чуть меня не угробил, Виктор.",
episode4.nodes.e4_dialogue_victor_1__choice_1.title,"Ты один раз уже чуть меня не угробил, Виктор.",
episode4.nodes.e4_dialogue_victor_2.data.speaker,Виктор Круз,
episode4.nodes.e4_dialogue_victor_2.data.text,"Стало вдруг интересно, как такой сморчок, как ты, умудрился прожить так долго. Без оружия. В чем твой секрет, а, Джей-Джей?",
episode4.nodes.e4_dialogue_victor_2.title,DialogMov(4) DlgArr[2],
episode4.nodes.e4_dialogue_victor_22.data.speaker,Виктор Круз,
episode4.nodes.e4_dialogue_victor_22.data.text,"(Помрачнев). Этим все должно было закончиться. Чертовы недалекие кретины. (Виктор презрительно сплюнул, высунувшись из кузова). Ну хоть тебе ума хватило не связываться с ними. Выживают сильнейшие, да, Джей-Джей?",
episode4.nodes.e4_dialogue_victor_22.title,DialogMov(4) DlgArr[22],
episode4.nodes.e4_dialogue_victor_22__choice_0.data.text,"Что, даже не спросишь, как мне удалось выжить?",
episode4.nodes.e4_dialogue_victor_22__choice_0.title,"Что, даже не спросишь, как мне удалось выжить?",
episode4.nodes.e4_dialogue_victor_22__choice_1.data.text,"Неужели я вырос в твоих глазах, Виктор?",
episode4.nodes.e4_dialogue_victor_22__choice_1.title,"Неужели я вырос в твоих глазах, Виктор?",
episode4.nodes.e4_dialogue_victor_22__choice_2.data.text,(Промолчать).,
episode4.nodes.e4_dialogue_victor_22__choice_2.title,(Промолчать).,
episode4.nodes.e4_dialogue_victor_26.data.speaker,Виктор Круз,
episode4.nodes.e4_dialogue_victor_26.data.text,"Ты и сам знаешь, не дурак. Гарлем с недавнего времени — пристанище мразей и подонков, которых не пустили через горн... (Виктор вдруг закашлялся, но продолжил) В общем там эти уроды чувствуют себя в полной безопасности. Ты будешь делать вид, что мы — грузовик с гражданскими. Вздумаешь страдать фигней, как обычно, словишь от кого-нибудь пулю.",
episode4.nodes.e4_dialogue_victor_26.title,DialogMov(4) DlgArr[26],
episode4.nodes.e4_dialogue_victor_26__choice_0.data.text,(Молча кивнуть).,
episode4.nodes.e4_dialogue_victor_26__choice_0.title,(Молча кивнуть).,
episode4.nodes.e4_dialogue_victor_26__choice_1.data.text,Без оружия я на это не подпишусь.,
episode4.nodes.e4_dialogue_victor_26__choice_1.title,Без оружия я на это не подпишусь.,
episode4.nodes.e4_dialogue_victor_2__choice_0.data.text,"Меняю души других людей на свою жизнь, Виктор.",
episode4.nodes.e4_dialogue_victor_2__choice_0.title,"Меняю души других людей на свою жизнь, Виктор.",
episode4.nodes.e4_dialogue_victor_2__choice_1.data.text,Просто везет. Как-то... Не знаю даже.,
episode4.nodes.e4_dialogue_victor_2__choice_1.title,Просто везет. Как-то... Не знаю даже.,
episode4.nodes.e4_dialogue_victor_5.data.speaker,Виктор Круз,
episode4.nodes.e4_dialogue_victor_5.data.text,"Буду честным — в этот раз все намного хуже. Но выбора у тебя нет, Джек. Я скажу тебе больше: мы — твой единственный шанс выбраться отсюда. Поэтому закройся, друг.",
episode4.nodes.e4_dialogue_victor_5.title,DialogMov(4) DlgArr[5],
episode4.nodes.e4_dialogue_victor_5__choice_0.data.text,(Промолчать).,
episode4.nodes.e4_dialogue_victor_5__choice_0.title,(Промолчать).,
episode4.nodes.e4_dialogue_victor_5__choice_1.data.text,"Я безоружен, Вик. Чем я могу вам помочь?",
episode4.nodes.e4_dialogue_victor_5__choice_1.title,"Я безоружен, Вик. Чем я могу вам помочь?",
episode4.nodes.e4_dialogue_victor_67.data.speaker,Виктор Круз,
episode4.nodes.e4_dialogue_victor_67.data.text,"Сидел в подвале и смотрел ""Санта-Барбару""? (Виктор вяло ухмыльнулся). Плевать, Джек, хватит строить из себя обиженную девочку. План такой: ты выполняешь наши условия и повышаешь свои шансы на выживание. Ну или мы тебя сейчас из кузова выбросим. (Виктор кровожадно потер тактическую перчатку).",
episode4.nodes.e4_dialogue_victor_67.title,DialogMov(4) DlgArr[67],
episode4.nodes.e4_dialogue_victor_67__choice_0.data.text,"(Поднять руки в примирительной жесте). Окей, окей.",
episode4.nodes.e4_dialogue_victor_67__choice_0.title,"(Поднять руки в примирительной жесте). Окей, окей.",
episode4.nodes.e4_dialogue_victor_67__choice_1.data.text,"Оружие мне дайте, Вик.",
episode4.nodes.e4_dialogue_victor_67__choice_1.title,"Оружие мне дайте, Вик.",
episode4.nodes.e4_dialogue_victor_68.data.speaker,Виктор Круз,
episode4.nodes.e4_dialogue_victor_68.data.text,"(Виктору начинал надоедать этот обмен любезностями). Хватит паясничать, Джек. Мы минут через десять остановимся, и ты пересядешь на пассажирское сидение, в кабину. Твоя задача — строить из себя недалекого гражданского, неожиданно разжившегося грузовиком и везущего свое барахло в безопасное место. Дальше мы сами уже все сделаем. Ферштейн?",
episode4.nodes.e4_dialogue_victor_68.title,DialogMov(4) DlgArr[68],
episode4.nodes.e4_dialogue_victor_68__choice_0.data.text,(Молча согласиться).,
episode4.nodes.e4_dialogue_victor_68__choice_0.title,(Молча согласиться).,
episode4.nodes.e4_dialogue_victor_68__choice_1.data.text,"А оружие? Мне же нужно оружие, Вик!",
episode4.nodes.e4_dialogue_victor_68__choice_1.title,"А оружие? Мне же нужно оружие, Вик!",
episode4.nodes.e4_dialogue_victor_7.data.speaker,Виктор Круз,
episode4.nodes.e4_dialogue_victor_7.data.text,"Малыш Джей-Джей отрастил яйца? Мир определенно сошел с ума! (Виктор вовсю наслаждался ситуацией). Были у нас такие же попутчики с неделю назад. Все такие злые и опытные, права качали. У них там еще лидером Тревор, нет... Трэвис, был, да! Может видел таких, кстати?",
episode4.nodes.e4_dialogue_victor_7.title,DialogMov(4) DlgArr[7],
episode4.nodes.e4_dialogue_victor_7__choice_0.data.text,"(Сквозь зубы). Встречал, да. Они все мертвы.",
episode4.nodes.e4_dialogue_victor_7__choice_0.title,"(Сквозь зубы). Встречал, да. Они все мертвы.",
episode4.nodes.e4_dialogue_victor_7__choice_1.data.text,"Не довелось встретить, уж прости.",
episode4.nodes.e4_dialogue_victor_7__choice_1.title,"Не довелось встретить, уж прости.",
episode4.nodes.e4_dialogue_victor_8.data.speaker,Виктор Круз,
episode4.nodes.e4_dialogue_victor_8.data.text,"Черт, Джек, я уж и забыл, насколько ты скучный. Совсем никаких геройств и предательств? Ладно, проехали. По-хорошему, мы тебя подобрали не просто так. Будешь нашим переговорщиком, пупсик.",
episode4.nodes.e4_dialogue_victor_8.title,DialogMov(4) DlgArr[8],
episode4.nodes.e4_dialogue_victor_8__choice_0.data.text,"Стоп, что? Каким таким переговорщиком? Куда?",
episode4.nodes.e4_dialogue_victor_8__choice_0.title,"Стоп, что? Каким таким переговорщиком? Куда?",
episode4.nodes.e4_dialogue_victor_8__choice_1.data.text,Ты мне зубы то не заговаривай. Куда вы едете?,
episode4.nodes.e4_dialogue_victor_8__choice_1.title,Ты мне зубы то не заговаривай. Куда вы едете?,
episode4.nodes.e4_dialogue_victor_8__choice_2.data.text,"(Со вздохом). Как скажешь, Виктор.",
episode4.nodes.e4_dialogue_victor_8__choice_2.title,"(Со вздохом). Как скажешь, Виктор.",
episode4.nodes.e4_exp_1_v1.data.blocks.0.text,"Заметили его довольно быстро: из недр вертолета показалась веревочная лестница, более явного приглашения Джеку не требовалось. Стоило мужчине, судорожно перебирая конечностями, подняться наверх, как на крышу отеля с воем вывалились его обезображенные вирусом преследователи. Пронесло. Черт возьми, он жив! На неприличный жест Джека твари лишь яростнее взвыли, заметались по крыше.",
episode4.nodes.e4_exp_1_v1.data.text,"Заметили его довольно быстро: из недр вертолета показалась веревочная лестница, более явного приглашения Джеку не требовалось. Стоило мужчине, судорожно перебирая конечностями, подняться наверх, как на крышу отеля с воем вывалились его обезображенные вирусом преследователи. Пронесло. Черт возьми, он жив! На неприличный жест Джека твари лишь яростнее взвыли, заметались по крыше.",
episode4.nodes.e4_exp_1_v1.title,ToExp frame 1; type 1,
episode4.nodes.e4_exp_1_v1__choice_0.data.text,Далее,
episode4.nodes.e4_exp_1_v1__choice_0.title,Далее,
episode4.nodes.e4_exp_2_v1.data.blocks.0.text,"Один из солдат вколол Джеку какую-то дрянь из шприц-пистолета. Под дулами пяти штурмовых винтовок особенно не посопротивляешься, пришлось смириться. Не убьют же они его, в самом деле, не за этим спасали. Голова становилась все тяжелей, усталые конечности наливались свинцом, Джек начал постепенно погружаться в забытье. Терпеть! Нельзя спать, нельзя! Однако через несколько минут мужчина уже мирно похрапывал, развалившись на своем сидении.",
episode4.nodes.e4_exp_2_v1.data.text,"Один из солдат вколол Джеку какую-то дрянь из шприц-пистолета. Под дулами пяти штурмовых винтовок особенно не посопротивляешься, пришлось смириться. Не убьют же они его, в самом деле, не за этим спасали. Голова становилась все тяжелей, усталые конечности наливались свинцом, Джек начал постепенно погружаться в забытье. Терпеть! Нельзя спать, нельзя! Однако через несколько минут мужчина уже мирно похрапывал, развалившись на своем сидении.",
episode4.nodes.e4_exp_2_v1.title,ToExp frame 2; type 1,
episode4.nodes.e4_exp_2_v1__choice_0.data.text,Далее,
episode4.nodes.e4_exp_2_v1__choice_0.title,Далее,
episode4.nodes.e4_exp_3_v1.data.blocks.0.text,"Сон? Явь? Джек давно потерял счет времени, сбился со счета своих пробуждений. Каждое из них было чуднее предыдущего: в первый раз он очнулся со странной штукой на башке перед клеткой с живыми мертвецами. Джек чуть инфаркт не схватил от неожиданности. Однако темнота вернулась также быстро, как пропала — зеленоватый газ вновь погрузил мужчину в глубокое забытье.",
episode4.nodes.e4_exp_3_v1.data.text,"Сон? Явь? Джек давно потерял счет времени, сбился со счета своих пробуждений. Каждое из них было чуднее предыдущего: в первый раз он очнулся со странной штукой на башке перед клеткой с живыми мертвецами. Джек чуть инфаркт не схватил от неожиданности. Однако темнота вернулась также быстро, как пропала — зеленоватый газ вновь погрузил мужчину в глубокое забытье.",
episode4.nodes.e4_exp_3_v1.title,ToExp frame 3; type 1,
episode4.nodes.e4_exp_3_v1__choice_0.data.text,Далее,
episode4.nodes.e4_exp_3_v1__choice_0.title,Далее,
episode4.nodes.e4_exp_4_v1.data.blocks.0.text,"В очередной раз вырвался из темных липких объятий. Жуткая резь в глазах, но не вырваться, не дотронуться до лица — путы до сих пор сковывают, лишают воли. На руках россыпь точек, как у заядлого наркомана... Что это? Где это? Очередная попытка пошевелиться лишь приносит жуткую боль во всем теле: казалось, что ноет каждая клетка измученного организма. Хочется кричать — из горла лишь сдавленный хрип.",
episode4.nodes.e4_exp_4_v1.data.text,"В очередной раз вырвался из темных липких объятий. Жуткая резь в глазах, но не вырваться, не дотронуться до лица — путы до сих пор сковывают, лишают воли. На руках россыпь точек, как у заядлого наркомана... Что это? Где это? Очередная попытка пошевелиться лишь приносит жуткую боль во всем теле: казалось, что ноет каждая клетка измученного организма. Хочется кричать — из горла лишь сдавленный хрип.",
episode4.nodes.e4_exp_4_v1.title,ToExp frame 4; type 1,
episode4.nodes.e4_exp_4_v1__choice_0.data.text,Далее,
episode4.nodes.e4_exp_4_v1__choice_0.title,Далее,
episode4.nodes.e4_harlem_1_v1.data.blocks.0.text,"План вояк был предельно прост: Джек вместе с водителем должны были выдавать себя за гражданских, узнавших про безопасный клочок мира, именуемый Гарлемом. Из рассказов Виктора Джек понял, что в действительности эта горная деревушка превратилась в пристанище для местного криминала. Однако бойцам очень требовалось проехать именно через Гарлем, дальше в горы. Темнили они...",
episode4.nodes.e4_harlem_1_v1.data.text,"План вояк был предельно прост: Джек вместе с водителем должны были выдавать себя за гражданских, узнавших про безопасный клочок мира, именуемый Гарлемом. Из рассказов Виктора Джек понял, что в действительности эта горная деревушка превратилась в пристанище для местного криминала. Однако бойцам очень требовалось проехать именно через Гарлем, дальше в горы. Темнили они...",
episode4.nodes.e4_harlem_1_v1.title,ToHarlem frame 1; type 1,
episode4.nodes.e4_harlem_1_v1__choice_0.data.text,Далее,
episode4.nodes.e4_harlem_1_v1__choice_0.title,Далее,
episode4.nodes.e4_harlem_1_v2.data.blocks.0.text,"План вояк был предельно прост: Джек вместе с водителем должны были выдавать себя за гражданских, узнавших про безопасный клочок мира, именуемый Гарлемом. Из рассказов Виктора Джек понял, что в действительности эта горная деревушка превратилась в пристанище для местного криминала. Однако бойцам очень требовалось проехать именно через Гарлем, дальше в горы. Темнили они...",
episode4.nodes.e4_harlem_1_v2.data.text,"План вояк был предельно прост: Джек вместе с водителем должны были выдавать себя за гражданских, узнавших про безопасный клочок мира, именуемый Гарлемом. Из рассказов Виктора Джек понял, что в действительности эта горная деревушка превратилась в пристанище для местного криминала. Однако бойцам очень требовалось проехать именно через Гарлем, дальше в горы. Темнили они...",
episode4.nodes.e4_harlem_1_v2.title,ToHarlem frame 1; type 2,
episode4.nodes.e4_harlem_1_v2__choice_0.data.text,Далее,
episode4.nodes.e4_harlem_1_v2__choice_0.title,Далее,
episode4.nodes.e4_harlem_1_v3.data.blocks.0.text,"План вояк был предельно прост: Джек вместе с водителем должны были выдавать себя за гражданских, узнавших про безопасный клочок мира, именуемый Гарлемом. Из рассказов Виктора Джек понял, что в действительности эта горная деревушка превратилась в пристанище для местного криминала. Однако бойцам очень требовалось проехать именно через Гарлем, дальше в горы. Темнили они...",
episode4.nodes.e4_harlem_1_v3.data.text,"План вояк был предельно прост: Джек вместе с водителем должны были выдавать себя за гражданских, узнавших про безопасный клочок мира, именуемый Гарлемом. Из рассказов Виктора Джек понял, что в действительности эта горная деревушка превратилась в пристанище для местного криминала. Однако бойцам очень требовалось проехать именно через Гарлем, дальше в горы. Темнили они...",
episode4.nodes.e4_harlem_1_v3.title,ToHarlem frame 1; type 3,
episode4.nodes.e4_harlem_1_v3__choice_0.data.text,Далее,
episode4.nodes.e4_harlem_1_v3__choice_0.title,Далее,
episode4.nodes.e4_harlem_2_v1.data.blocks.0.text,"Полчаса езды по свежевыпавшему снегу привели группу к окраинам Гарлема. На первый взгляд, деревушка казалась пустой и заброшенной, если не учитывать тонкие струйки дыма, тянущиеся из труб некоторых домов. Вот из ворот показалась группа людей, вооруженных чем попало, и направилась к новоприбывшим.",
episode4.nodes.e4_harlem_2_v1.data.text,"Полчаса езды по свежевыпавшему снегу привели группу к окраинам Гарлема. На первый взгляд, деревушка казалась пустой и заброшенной, если не учитывать тонкие струйки дыма, тянущиеся из труб некоторых домов. Вот из ворот показалась группа людей, вооруженных чем попало, и направилась к новоприбывшим.",
episode4.nodes.e4_harlem_2_v1.title,ToHarlem frame 2; type 1,
episode4.nodes.e4_harlem_2_v1__choice_0.data.text,Далее,
episode4.nodes.e4_harlem_2_v1__choice_0.title,Далее,
episode4.nodes.e4_harlem_2_v1_choice_37.data.text,"Люди не были похожи на тех отморозков, что в красках расписывал ему Виктор. Хотя по внешнему виду не всегда можно судить о намерениях, но в сердце закралось сомнение. Откуда вояки вообще что-то знают про Гарлем? Слухи? Думай, думай.",
episode4.nodes.e4_harlem_2_v1_choice_37.title,NewItem(37),
episode4.nodes.e4_harlem_2_v1_choice_37__choice_0.data.text,Выйти навстречу,
episode4.nodes.e4_harlem_2_v1_choice_37__choice_0.title,Выйти навстречу,
episode4.nodes.e4_harlem_2_v1_choice_37__choice_1.data.text,Действовать по плану,
episode4.nodes.e4_harlem_2_v1_choice_37__choice_1.title,Действовать по плану,
episode4.nodes.e4_harlem_2_v2.data.blocks.0.text,"Полчаса езды по свежевыпавшему снегу привели группу к окраинам Гарлема. На первый взгляд, деревушка казалась пустой и заброшенной, если не учитывать тонкие струйки дыма, тянущиеся из труб некоторых домов. Вот из ворот показалась группа людей, вооруженных чем попало, и направилась к новоприбывшим.",
episode4.nodes.e4_harlem_2_v2.data.text,"Полчаса езды по свежевыпавшему снегу привели группу к окраинам Гарлема. На первый взгляд, деревушка казалась пустой и заброшенной, если не учитывать тонкие струйки дыма, тянущиеся из труб некоторых домов. Вот из ворот показалась группа людей, вооруженных чем попало, и направилась к новоприбывшим.",
episode4.nodes.e4_harlem_2_v2.title,ToHarlem frame 2; type 2,
episode4.nodes.e4_harlem_2_v2__choice_0.data.text,Далее,
episode4.nodes.e4_harlem_2_v2__choice_0.title,Далее,
episode4.nodes.e4_harlem_2_v2_choice_37.data.text,"Люди не были похожи на тех отморозков, что в красках расписывал ему Виктор. Хотя по внешнему виду не всегда можно судить о намерениях, но в сердце закралось сомнение. Откуда вояки вообще что-то знают про Гарлем? Слухи? Думай, думай.",
episode4.nodes.e4_harlem_2_v2_choice_37.title,NewItem(37),
episode4.nodes.e4_harlem_2_v2_choice_37__choice_0.data.text,Выйти навстречу,
episode4.nodes.e4_harlem_2_v2_choice_37__choice_0.title,Выйти навстречу,
episode4.nodes.e4_harlem_2_v2_choice_37__choice_1.data.text,Действовать по плану,
episode4.nodes.e4_harlem_2_v2_choice_37__choice_1.title,Действовать по плану,
episode4.nodes.e4_harlem_2_v3.data.blocks.0.text,"Полчаса езды по свежевыпавшему снегу привели группу к окраинам Гарлема. На первый взгляд, деревушка казалась пустой и заброшенной, если не учитывать тонкие струйки дыма, тянущиеся из труб некоторых домов. Вот из ворот показалась группа людей, вооруженных чем попало, и направилась к новоприбывшим.",
episode4.nodes.e4_harlem_2_v3.data.text,"Полчаса езды по свежевыпавшему снегу привели группу к окраинам Гарлема. На первый взгляд, деревушка казалась пустой и заброшенной, если не учитывать тонкие струйки дыма, тянущиеся из труб некоторых домов. Вот из ворот показалась группа людей, вооруженных чем попало, и направилась к новоприбывшим.",
episode4.nodes.e4_harlem_2_v3.title,ToHarlem frame 2; type 3,
episode4.nodes.e4_harlem_2_v3__choice_0.data.text,Далее,
episode4.nodes.e4_harlem_2_v3__choice_0.title,Далее,
episode4.nodes.e4_harlem_2_v3_choice_37.data.text,"Люди не были похожи на тех отморозков, что в красках расписывал ему Виктор. Хотя по внешнему виду не всегда можно судить о намерениях, но в сердце закралось сомнение. Откуда вояки вообще что-то знают про Гарлем? Слухи? Думай, думай.",
episode4.nodes.e4_harlem_2_v3_choice_37.title,NewItem(37),
episode4.nodes.e4_harlem_2_v3_choice_37__choice_0.data.text,Выйти навстречу,
episode4.nodes.e4_harlem_2_v3_choice_37__choice_0.title,Выйти навстречу,
episode4.nodes.e4_harlem_2_v3_choice_37__choice_1.data.text,Действовать по плану,
episode4.nodes.e4_harlem_2_v3_choice_37__choice_1.title,Действовать по плану,
episode4.nodes.e4_harlem_3_v1.data.blocks.0.text,"Наплевав на все предосторожности, Джек выбрался из грузовика под неистовый мат водителя. В кузове шли ожесточенные споры, лязгало оружейное железо. Подробностей Джек не услышал, но общую суть уловил — сомнения появились не только у него одного. Воодушевленный он поднял руки в мирном жесте и направился к гарлемским «пограничникам».",
episode4.nodes.e4_harlem_3_v1.data.text,"Наплевав на все предосторожности, Джек выбрался из грузовика под неистовый мат водителя. В кузове шли ожесточенные споры, лязгало оружейное железо. Подробностей Джек не услышал, но общую суть уловил — сомнения появились не только у него одного. Воодушевленный он поднял руки в мирном жесте и направился к гарлемским «пограничникам».",
episode4.nodes.e4_harlem_3_v1.title,ToHarlem frame 3; type 1,
episode4.nodes.e4_harlem_3_v1__choice_0.data.text,Далее,
episode4.nodes.e4_harlem_3_v1__choice_0.title,Далее,
episode4.nodes.e4_harlem_3_v2.data.blocks.0.text,"Наплевав на все предосторожности, Джек выбрался из грузовика под неистовый мат водителя. В кузове шли ожесточенные споры, лязгало оружейное железо. Подробностей Джек не услышал, но общую суть уловил — сомнения появились не только у него одного. Воодушевленный он поднял руки в мирном жесте и направился к гарлемским «пограничникам».",
episode4.nodes.e4_harlem_3_v2.data.text,"Наплевав на все предосторожности, Джек выбрался из грузовика под неистовый мат водителя. В кузове шли ожесточенные споры, лязгало оружейное железо. Подробностей Джек не услышал, но общую суть уловил — сомнения появились не только у него одного. Воодушевленный он поднял руки в мирном жесте и направился к гарлемским «пограничникам».",
episode4.nodes.e4_harlem_3_v2.title,ToHarlem frame 3; type 2,
episode4.nodes.e4_harlem_3_v2__choice_0.data.text,Далее,
episode4.nodes.e4_harlem_3_v2__choice_0.title,Далее,
episode4.nodes.e4_harlem_3_v3.data.blocks.0.text,"Наплевав на все предосторожности, Джек выбрался из грузовика под неистовый мат водителя. В кузове шли ожесточенные споры, лязгало оружейное железо. Подробностей Джек не услышал, но общую суть уловил — сомнения появились не только у него одного. Воодушевленный он поднял руки в мирном жесте и направился к гарлемским «пограничникам».",
episode4.nodes.e4_harlem_3_v3.data.text,"Наплевав на все предосторожности, Джек выбрался из грузовика под неистовый мат водителя. В кузове шли ожесточенные споры, лязгало оружейное железо. Подробностей Джек не услышал, но общую суть уловил — сомнения появились не только у него одного. Воодушевленный он поднял руки в мирном жесте и направился к гарлемским «пограничникам».",
episode4.nodes.e4_harlem_3_v3.title,ToHarlem frame 3; type 3,
episode4.nodes.e4_harlem_3_v3__choice_0.data.text,Далее,
episode4.nodes.e4_harlem_3_v3__choice_0.title,Далее,
episode4.nodes.e4_harlem_4_v1.data.blocks.0.text,"Выстрел. Подлый выстрел в спину сбил Джека с ног, бросил в мягкий белый снег как в саван. Тут невероятная история обычного офисного клерка могла бы и закончиться. Если бы не одно «но»: поселение Гарлем действительно не было под завязку забито криминалом, как то расписывал Виктор. Его группу просто подставили, натравили на выживших, рассчитывая уничтожить всех причасных к событиям на базе Терри.",
episode4.nodes.e4_harlem_4_v1.data.text,"Выстрел. Подлый выстрел в спину сбил Джека с ног, бросил в мягкий белый снег как в саван. Тут невероятная история обычного офисного клерка могла бы и закончиться. Если бы не одно «но»: поселение Гарлем действительно не было под завязку забито криминалом, как то расписывал Виктор. Его группу просто подставили, натравили на выживших, рассчитывая уничтожить всех причасных к событиям на базе Терри.",
episode4.nodes.e4_harlem_4_v1.title,ToHarlem frame 4; type 1,
episode4.nodes.e4_harlem_4_v1__choice_0.data.text,Далее,
episode4.nodes.e4_harlem_4_v1__choice_0.title,Далее,
episode4.nodes.e4_harlem_4_v2.data.blocks.0.text,"Выстрел. Подлый выстрел в спину сбил Джека с ног, бросил в мягкий белый снег как в саван. Тут невероятная история обычного офисного клерка могла бы и закончиться. Если бы не одно «но»: поселение Гарлем действительно не было под завязку забито криминалом, как то расписывал Виктор. Его группу просто подставили, натравили на выживших, рассчитывая уничтожить всех причасных к событиям на базе Терри.",
episode4.nodes.e4_harlem_4_v2.data.text,"Выстрел. Подлый выстрел в спину сбил Джека с ног, бросил в мягкий белый снег как в саван. Тут невероятная история обычного офисного клерка могла бы и закончиться. Если бы не одно «но»: поселение Гарлем действительно не было под завязку забито криминалом, как то расписывал Виктор. Его группу просто подставили, натравили на выживших, рассчитывая уничтожить всех причасных к событиям на базе Терри.",
episode4.nodes.e4_harlem_4_v2.title,ToHarlem frame 4; type 2,
episode4.nodes.e4_harlem_4_v2__choice_0.data.text,Далее,
episode4.nodes.e4_harlem_4_v2__choice_0.title,Далее,
episode4.nodes.e4_harlem_4_v3.data.blocks.0.text,"Выстрел. Подлый выстрел в спину сбил Джека с ног, бросил в мягкий белый снег как в саван. Тут невероятная история обычного офисного клерка могла бы и закончиться. Если бы не одно «но»: поселение Гарлем действительно не было под завязку забито криминалом, как то расписывал Виктор. Его группу просто подставили, натравили на выживших, рассчитывая уничтожить всех причасных к событиям на базе Терри.",
episode4.nodes.e4_harlem_4_v3.data.text,"Выстрел. Подлый выстрел в спину сбил Джека с ног, бросил в мягкий белый снег как в саван. Тут невероятная история обычного офисного клерка могла бы и закончиться. Если бы не одно «но»: поселение Гарлем действительно не было под завязку забито криминалом, как то расписывал Виктор. Его группу просто подставили, натравили на выживших, рассчитывая уничтожить всех причасных к событиям на базе Терри.",
episode4.nodes.e4_harlem_4_v3.title,ToHarlem frame 4; type 3,
episode4.nodes.e4_harlem_4_v3__choice_0.data.text,Далее,
episode4.nodes.e4_harlem_4_v3__choice_0.title,Далее,
episode4.nodes.e4_harlem_5_v1.data.blocks.0.text,"Это утро в жизни Джека началось. Что уже было чудом. Осторожно пошевелившись, Джек сразу сморщился от ноющей боли в спине — было неприятно, но терпимо. Мужчина осторожно поднялся, окидывая взглядом комнату. Так, наверное, живут монахи в своих кельях: деревянные кровать, стул и стол — все предельно аскетично и просто. То, что Джек в начале принял за свет солцна, оказалось фарами грузовика, бьющими прямо в маленькое окошко «кельи».",
episode4.nodes.e4_harlem_5_v1.data.text,"Это утро в жизни Джека началось. Что уже было чудом. Осторожно пошевелившись, Джек сразу сморщился от ноющей боли в спине — было неприятно, но терпимо. Мужчина осторожно поднялся, окидывая взглядом комнату. Так, наверное, живут монахи в своих кельях: деревянные кровать, стул и стол — все предельно аскетично и просто. То, что Джек в начале принял за свет солцна, оказалось фарами грузовика, бьющими прямо в маленькое окошко «кельи».",
episode4.nodes.e4_harlem_5_v1.title,ToHarlem frame 5; type 1,
episode4.nodes.e4_harlem_5_v1__choice_0.data.text,Далее,
episode4.nodes.e4_harlem_5_v1__choice_0.title,Далее,
episode4.nodes.e4_harlem_5_v2.data.blocks.0.text,"Это утро в жизни Джека началось, что уже было чудом. Его не били и даже не допрашивали, внимательно и с пониманием выслушали его версию событий. Вроде даже поверили. Как он понял из слов обитателей Гарлема, группу Виктора просто подставили, натравили на выживших, желая уничтожить любого, кто хоть как-то был связан с событиями на военной базе Терри. Подчищали хвосты, заметали следы своих нечеловеческих экспериментов. Ублюдки.",
episode4.nodes.e4_harlem_5_v2.data.text,"Это утро в жизни Джека началось, что уже было чудом. Его не били и даже не допрашивали, внимательно и с пониманием выслушали его версию событий. Вроде даже поверили. Как он понял из слов обитателей Гарлема, группу Виктора просто подставили, натравили на выживших, желая уничтожить любого, кто хоть как-то был связан с событиями на военной базе Терри. Подчищали хвосты, заметали следы своих нечеловеческих экспериментов. Ублюдки.",
episode4.nodes.e4_harlem_5_v2.title,ToHarlem frame 5; type 2,
episode4.nodes.e4_harlem_5_v2__choice_0.data.text,Далее,
episode4.nodes.e4_harlem_5_v2__choice_0.title,Далее,
episode4.nodes.e4_harlem_6_v1.data.blocks.0.text,"Следовать плану, следовать плану — мантра помогала плохо, Джек все больше нервничал. Уж слишком спокойными выглядели идущие навстречу селяне. Когда их разделял буквально десяток метров, в кузове что-то громко хрустнуло, послышалась какая-то возня, завершившаяся ударами и матом. Дальше все было как в тумане: лязг дверей кузова, стрельба, звон лобового стекла, кровь по всей кабине.",
episode4.nodes.e4_harlem_6_v1.data.text,"Следовать плану, следовать плану — мантра помогала плохо, Джек все больше нервничал. Уж слишком спокойными выглядели идущие навстречу селяне. Когда их разделял буквально десяток метров, в кузове что-то громко хрустнуло, послышалась какая-то возня, завершившаяся ударами и матом. Дальше все было как в тумане: лязг дверей кузова, стрельба, звон лобового стекла, кровь по всей кабине.",
episode4.nodes.e4_harlem_6_v1.title,ToHarlem frame 6; type 1,
episode4.nodes.e4_harlem_6_v1__choice_0.data.text,Далее,
episode4.nodes.e4_harlem_6_v1__choice_0.title,Далее,
episode4.nodes.e4_harlem_6_v1_choice_38.data.text,"Паника застилала разум, мешала соображать. Джек как завороженный смотрел, как вояк одного за другим настигают пули. Вот упал с простреленной головой тот бородатый весельчак, вот — осел на колени Виктор. Виктор... Знакомое имя вывело из ступора. Надо что-то делать!",
episode4.nodes.e4_harlem_6_v1_choice_38.title,NewItem(38),
episode4.nodes.e4_harlem_6_v1_choice_38__choice_0.data.text,Взять управление на себя,
episode4.nodes.e4_harlem_6_v1_choice_38__choice_0.title,Взять управление на себя,
episode4.nodes.e4_harlem_6_v1_choice_38__choice_1.data.text,Спрятаться в кабине,
episode4.nodes.e4_harlem_6_v1_choice_38__choice_1.title,Спрятаться в кабине,
episode4.nodes.e4_harlem_6_v2.data.blocks.0.text,"Следовать плану, следовать плану — мантра помогала плохо, Джек все больше нервничал. Уж слишком спокойными выглядели идущие навстречу селяне. Когда их разделял буквально десяток метров, в кузове что-то громко хрустнуло, послышалась какая-то возня, завершившаяся ударами и матом. Дальше все было как в тумане: лязг дверей кузова, стрельба, звон лобового стекла, кровь по всей кабине.",
episode4.nodes.e4_harlem_6_v2.data.text,"Следовать плану, следовать плану — мантра помогала плохо, Джек все больше нервничал. Уж слишком спокойными выглядели идущие навстречу селяне. Когда их разделял буквально десяток метров, в кузове что-то громко хрустнуло, послышалась какая-то возня, завершившаяся ударами и матом. Дальше все было как в тумане: лязг дверей кузова, стрельба, звон лобового стекла, кровь по всей кабине.",
episode4.nodes.e4_harlem_6_v2.title,ToHarlem frame 6; type 2,
episode4.nodes.e4_harlem_6_v2__choice_0.data.text,Далее,
episode4.nodes.e4_harlem_6_v2__choice_0.title,Далее,
episode4.nodes.e4_harlem_6_v2_choice_38.data.text,"Паника застилала разум, мешала соображать. Джек как завороженный смотрел, как вояк одного за другим настигают пули. Вот упал с простреленной головой тот бородатый весельчак, вот — осел на колени Виктор. Виктор... Знакомое имя вывело из ступора. Надо что-то делать!",
episode4.nodes.e4_harlem_6_v2_choice_38.title,NewItem(38),
episode4.nodes.e4_harlem_6_v2_choice_38__choice_0.data.text,Взять управление на себя,
episode4.nodes.e4_harlem_6_v2_choice_38__choice_0.title,Взять управление на себя,
episode4.nodes.e4_harlem_6_v2_choice_38__choice_1.data.text,Спрятаться в кабине,
episode4.nodes.e4_harlem_6_v2_choice_38__choice_1.title,Спрятаться в кабине,
episode4.nodes.e4_harlem_6_v3.data.blocks.0.text,"Следовать плану, следовать плану — мантра помогала плохо, Джек все больше нервничал. Уж слишком спокойными выглядели идущие навстречу селяне. Когда их разделял буквально десяток метров, в кузове что-то громко хрустнуло, послышалась какая-то возня, завершившаяся ударами и матом. Дальше все было как в тумане: лязг дверей кузова, стрельба, звон лобового стекла, кровь по всей кабине.",
episode4.nodes.e4_harlem_6_v3.data.text,"Следовать плану, следовать плану — мантра помогала плохо, Джек все больше нервничал. Уж слишком спокойными выглядели идущие навстречу селяне. Когда их разделял буквально десяток метров, в кузове что-то громко хрустнуло, послышалась какая-то возня, завершившаяся ударами и матом. Дальше все было как в тумане: лязг дверей кузова, стрельба, звон лобового стекла, кровь по всей кабине.",
episode4.nodes.e4_harlem_6_v3.title,ToHarlem frame 6; type 3,
episode4.nodes.e4_harlem_6_v3__choice_0.data.text,Далее,
episode4.nodes.e4_harlem_6_v3__choice_0.title,Далее,
episode4.nodes.e4_harlem_6_v3_choice_38.data.text,"Паника застилала разум, мешала соображать. Джек как завороженный смотрел, как вояк одного за другим настигают пули. Вот упал с простреленной головой тот бородатый весельчак, вот — осел на колени Виктор. Виктор... Знакомое имя вывело из ступора. Надо что-то делать!",
episode4.nodes.e4_harlem_6_v3_choice_38.title,NewItem(38),
episode4.nodes.e4_harlem_6_v3_choice_38__choice_0.data.text,Взять управление на себя,
episode4.nodes.e4_harlem_6_v3_choice_38__choice_0.title,Взять управление на себя,
episode4.nodes.e4_harlem_6_v3_choice_38__choice_1.data.text,Спрятаться в кабине,
episode4.nodes.e4_harlem_6_v3_choice_38__choice_1.title,Спрятаться в кабине,
episode4.nodes.e4_harlem_7_v1.data.blocks.0.text,"Лобовое стекло в очередной раз брызнуло осколками, и Джек бросился на сидение, прикрыв голову руками. Снайперы! Ну конечно же! Черт, его было видно, его найдут, надо что-то делать! Бежать, нет, сдаться им, нет, нужно спрятаться под грузовиком. Мысли путались, заставляя и без того расшатанные нервы натягиваться все сильнее. Спустя несколько минут выстрелы стихли. Лишь хруст снега под ногами...",
episode4.nodes.e4_harlem_7_v1.data.text,"Лобовое стекло в очередной раз брызнуло осколками, и Джек бросился на сидение, прикрыв голову руками. Снайперы! Ну конечно же! Черт, его было видно, его найдут, надо что-то делать! Бежать, нет, сдаться им, нет, нужно спрятаться под грузовиком. Мысли путались, заставляя и без того расшатанные нервы натягиваться все сильнее. Спустя несколько минут выстрелы стихли. Лишь хруст снега под ногами...",
episode4.nodes.e4_harlem_7_v1.title,ToHarlem frame 7; type 1,
episode4.nodes.e4_harlem_7_v1__choice_0.data.text,Далее,
episode4.nodes.e4_harlem_7_v1__choice_0.title,Далее,
episode4.nodes.e4_harlem_7_v2.data.blocks.0.text,"Лобовое стекло в очередной раз брызнуло осколками, и Джек бросился на сидение, прикрыв голову руками. Снайперы! Ну конечно же! Черт, его было видно, его найдут, надо что-то делать! Бежать, нет, сдаться им, нет, нужно спрятаться под грузовиком. Мысли путались, заставляя и без того расшатанные нервы натягиваться все сильнее. Спустя несколько минут выстрелы стихли. Лишь хруст снега под ногами...",
episode4.nodes.e4_harlem_7_v2.data.text,"Лобовое стекло в очередной раз брызнуло осколками, и Джек бросился на сидение, прикрыв голову руками. Снайперы! Ну конечно же! Черт, его было видно, его найдут, надо что-то делать! Бежать, нет, сдаться им, нет, нужно спрятаться под грузовиком. Мысли путались, заставляя и без того расшатанные нервы натягиваться все сильнее. Спустя несколько минут выстрелы стихли. Лишь хруст снега под ногами...",
episode4.nodes.e4_harlem_7_v2.title,ToHarlem frame 7; type 2,
episode4.nodes.e4_harlem_7_v2__choice_0.data.text,Далее,
episode4.nodes.e4_harlem_7_v2__choice_0.title,Далее,
episode4.nodes.e4_harlem_7_v3.data.blocks.0.text,"Лобовое стекло в очередной раз брызнуло осколками, и Джек бросился на сидение, прикрыв голову руками. Снайперы! Ну конечно же! Черт, его было видно, его найдут, надо что-то делать! Бежать, нет, сдаться им, нет, нужно спрятаться под грузовиком. Мысли путались, заставляя и без того расшатанные нервы натягиваться все сильнее. Спустя несколько минут выстрелы стихли. Лишь хруст снега под ногами...",
episode4.nodes.e4_harlem_7_v3.data.text,"Лобовое стекло в очередной раз брызнуло осколками, и Джек бросился на сидение, прикрыв голову руками. Снайперы! Ну конечно же! Черт, его было видно, его найдут, надо что-то делать! Бежать, нет, сдаться им, нет, нужно спрятаться под грузовиком. Мысли путались, заставляя и без того расшатанные нервы натягиваться все сильнее. Спустя несколько минут выстрелы стихли. Лишь хруст снега под ногами...",
episode4.nodes.e4_harlem_7_v3.title,ToHarlem frame 7; type 3,
episode4.nodes.e4_harlem_7_v3__choice_0.data.text,Далее,
episode4.nodes.e4_harlem_7_v3__choice_0.title,Далее,
episode4.nodes.e4_harlem_8_v1.data.blocks.0.text,"Вытолкнуть труп водителя из кабины, завести заглохший грузовик, рвануть прочь отсюда. И подальше, подальше, подальше! С последним пунктом возникли проблемы: машина намертво увязла в снегу. В бессильной злобе стукнув по «баранке», Джек невольно пригнулся. И вовремя! Пуля просвистела в миллиметрах над его головой.",
episode4.nodes.e4_harlem_8_v1.data.text,"Вытолкнуть труп водителя из кабины, завести заглохший грузовик, рвануть прочь отсюда. И подальше, подальше, подальше! С последним пунктом возникли проблемы: машина намертво увязла в снегу. В бессильной злобе стукнув по «баранке», Джек невольно пригнулся. И вовремя! Пуля просвистела в миллиметрах над его головой.",
episode4.nodes.e4_harlem_8_v1.title,ToHarlem frame 8; type 1,
episode4.nodes.e4_harlem_8_v1__choice_0.data.text,Далее,
episode4.nodes.e4_harlem_8_v1__choice_0.title,Далее,
episode4.nodes.e4_harlem_8_v2.data.blocks.0.text,"Вытолкнуть труп водителя из кабины, завести заглохший грузовик, рвануть прочь отсюда. И подальше, подальше, подальше! С последним пунктом возникли проблемы: машина намертво увязла в снегу. В бессильной злобе стукнув по «баранке», Джек невольно пригнулся. И вовремя! Пуля просвистела в миллиметрах над его головой.",
episode4.nodes.e4_harlem_8_v2.data.text,"Вытолкнуть труп водителя из кабины, завести заглохший грузовик, рвануть прочь отсюда. И подальше, подальше, подальше! С последним пунктом возникли проблемы: машина намертво увязла в снегу. В бессильной злобе стукнув по «баранке», Джек невольно пригнулся. И вовремя! Пуля просвистела в миллиметрах над его головой.",
episode4.nodes.e4_harlem_8_v2.title,ToHarlem frame 8; type 2,
episode4.nodes.e4_harlem_8_v2__choice_0.data.text,Далее,
episode4.nodes.e4_harlem_8_v2__choice_0.title,Далее,
episode4.nodes.e4_harlem_8_v3.data.blocks.0.text,"Вытолкнуть труп водителя из кабины, завести заглохший грузовик, рвануть прочь отсюда. И подальше, подальше, подальше! С последним пунктом возникли проблемы: машина намертво увязла в снегу. В бессильной злобе стукнув по «баранке», Джек невольно пригнулся. И вовремя! Пуля просвистела в миллиметрах над его головой.",
episode4.nodes.e4_harlem_8_v3.data.text,"Вытолкнуть труп водителя из кабины, завести заглохший грузовик, рвануть прочь отсюда. И подальше, подальше, подальше! С последним пунктом возникли проблемы: машина намертво увязла в снегу. В бессильной злобе стукнув по «баранке», Джек невольно пригнулся. И вовремя! Пуля просвистела в миллиметрах над его головой.",
episode4.nodes.e4_harlem_8_v3.title,ToHarlem frame 8; type 3,
episode4.nodes.e4_harlem_8_v3__choice_0.data.text,Далее,
episode4.nodes.e4_harlem_8_v3__choice_0.title,Далее,
episode4.nodes.e4_harlem_9_v1.data.blocks.0.text,"Дальнейшие события развивались стремительно: щелкнула открываемая дверь, Джек не успел сказать и пары слов, как получил чем-то тяжелым по голове и отключился. Снаружи раздался низкий чуть с хрипотцой женский голос: «Последний готов, живой вроде. Забирайте».",
episode4.nodes.e4_harlem_9_v1.data.text,"Дальнейшие события развивались стремительно: щелкнула открываемая дверь, Джек не успел сказать и пары слов, как получил чем-то тяжелым по голове и отключился. Снаружи раздался низкий чуть с хрипотцой женский голос: «Последний готов, живой вроде. Забирайте».",
episode4.nodes.e4_harlem_9_v1.title,ToHarlem frame 9; type 1,
episode4.nodes.e4_harlem_9_v1__choice_0.data.text,Далее,
episode4.nodes.e4_harlem_9_v1__choice_0.title,Далее,
episode4.nodes.e4_jeep_10_v1.data.blocks.0.text,"Прошел час, пошел второй. Джек очнулся только спустя три с половиной — расшатанные нервы просто вырубили его. На асфальте повсюду виднелись следы мокрых ног, куски одежды, кровь. Сунуться в отель за оружием и ключами от Паджеро у Джека просто не хватило смелости, поэтому он просто вышел на дорогу и двинулся вперед, к Гарлему. Без оружия и еды.",
episode4.nodes.e4_jeep_10_v1.data.text,"Прошел час, пошел второй. Джек очнулся только спустя три с половиной — расшатанные нервы просто вырубили его. На асфальте повсюду виднелись следы мокрых ног, куски одежды, кровь. Сунуться в отель за оружием и ключами от Паджеро у Джека просто не хватило смелости, поэтому он просто вышел на дорогу и двинулся вперед, к Гарлему. Без оружия и еды.",
episode4.nodes.e4_jeep_10_v1.title,JeepGroup frame 10; type 1,
episode4.nodes.e4_jeep_10_v1__choice_0.data.text,Далее,
episode4.nodes.e4_jeep_10_v1__choice_0.title,Далее,
episode4.nodes.e4_jeep_11_v1.data.blocks.0.text,"«Там кто-то есть. Стоял у окна, когда мы подъехали», — Джек не счел нужным скрывать это. Кто знает, что за существо обитает в темноте коридоров этого отеля. Перед тем, как шагнуть внутрь, Джордж протянул ему свой нож. Им хорошо было резать колбасу для бутербродов, однако у Джека не было даже такого.",
episode4.nodes.e4_jeep_11_v1.data.text,"«Там кто-то есть. Стоял у окна, когда мы подъехали», — Джек не счел нужным скрывать это. Кто знает, что за существо обитает в темноте коридоров этого отеля. Перед тем, как шагнуть внутрь, Джордж протянул ему свой нож. Им хорошо было резать колбасу для бутербродов, однако у Джека не было даже такого.",
episode4.nodes.e4_jeep_11_v1.title,JeepGroup frame 11; type 1,
episode4.nodes.e4_jeep_11_v1__choice_0.data.text,Далее,
episode4.nodes.e4_jeep_11_v1__choice_0.title,Далее,
episode4.nodes.e4_jeep_11_v2.data.blocks.0.text,"«Там кто-то есть. Стоял у окна, когда мы подъехали», — Джек не счел нужным скрывать это. Кто знает, что за существо обитает в темноте коридоров этого отеля. Эхо шагов шагов трех пар тяжелых ботинок гулко разлеталось по пустынной округе. Кого же он там видел? Джек старательно пытался восстановить в памяти тот темный силуэт. Нет, все впустую.",
episode4.nodes.e4_jeep_11_v2.data.text,"«Там кто-то есть. Стоял у окна, когда мы подъехали», — Джек не счел нужным скрывать это. Кто знает, что за существо обитает в темноте коридоров этого отеля. Эхо шагов шагов трех пар тяжелых ботинок гулко разлеталось по пустынной округе. Кого же он там видел? Джек старательно пытался восстановить в памяти тот темный силуэт. Нет, все впустую.",
episode4.nodes.e4_jeep_11_v2.title,JeepGroup frame 11; type 2,
episode4.nodes.e4_jeep_11_v2__choice_0.data.text,Далее,
episode4.nodes.e4_jeep_11_v2__choice_0.title,Далее,
episode4.nodes.e4_jeep_11_v3.data.blocks.0.text,"«Э не-ет, батенька, знаем мы таких. Сначала бензин помогают это... слить, а потом ищи их, свищи с нашей машиной», — отсидеться подальше от темных замкнутых пространств не удалось, Джеку то ли пока совсем не доверяли, то ли водитель сам не хотел никуда идти. Ну что ж, делать нечего: в последний раз проверив оружие, двое мужчин шагнули в темноту пустого отеля. Пустого? Джек в этом сомневался...",
episode4.nodes.e4_jeep_11_v3.data.text,"«Э не-ет, батенька, знаем мы таких. Сначала бензин помогают это... слить, а потом ищи их, свищи с нашей машиной», — отсидеться подальше от темных замкнутых пространств не удалось, Джеку то ли пока совсем не доверяли, то ли водитель сам не хотел никуда идти. Ну что ж, делать нечего: в последний раз проверив оружие, двое мужчин шагнули в темноту пустого отеля. Пустого? Джек в этом сомневался...",
episode4.nodes.e4_jeep_11_v3.title,JeepGroup frame 11; type 3,
episode4.nodes.e4_jeep_11_v3__choice_0.data.text,Далее,
episode4.nodes.e4_jeep_11_v3__choice_0.title,Далее,
episode4.nodes.e4_jeep_12_v1.data.blocks.0.text,"Черт, как же тут жутко. Слабенький старый фонарик Трэвиса был не в состоянии разогнать сгущающуюся вокруг тьму. Комната за комнатой, метры на полусогнутых — ничего. Вокруг не было ничего полезного, лять! Только кровь. Брызги крови по всему отелю. Брызги крови, клочки одежды и рассыпи следов.",
episode4.nodes.e4_jeep_12_v1.data.text,"Черт, как же тут жутко. Слабенький старый фонарик Трэвиса был не в состоянии разогнать сгущающуюся вокруг тьму. Комната за комнатой, метры на полусогнутых — ничего. Вокруг не было ничего полезного, лять! Только кровь. Брызги крови по всему отелю. Брызги крови, клочки одежды и рассыпи следов.",
episode4.nodes.e4_jeep_12_v1.title,JeepGroup frame 12; type 1,
episode4.nodes.e4_jeep_12_v1__choice_0.data.text,Далее,
episode4.nodes.e4_jeep_12_v1__choice_0.title,Далее,
episode4.nodes.e4_jeep_12_v1_choice_34.data.text,"Группа спускается вниз. Разочарованная, поникшая. Фонарь на секунду вырывает из темноты бледное осунувшееся лицо. Момент — темный силуэт бросается прочь от лестницы. Трэвис вскидывает руку с пистолетом, целясь.",
episode4.nodes.e4_jeep_12_v1_choice_34.title,NewItem(34),
episode4.nodes.e4_jeep_12_v1_choice_34__choice_0.data.text,Остановить лидера,
episode4.nodes.e4_jeep_12_v1_choice_34__choice_0.title,Остановить лидера,
episode4.nodes.e4_jeep_12_v1_choice_34__choice_1.data.text,Подняться повыше,
episode4.nodes.e4_jeep_12_v1_choice_34__choice_1.title,Подняться повыше,
episode4.nodes.e4_jeep_12_v2.data.blocks.0.text,"Черт, как же тут жутко. Слабенький старый фонарик Трэвиса был не в состоянии разогнать сгущающуюся вокруг тьму. Комната за комнатой, метры на полусогнутых — ничего. Вокруг не было ничего полезного, лять! Только кровь. Брызги крови по всему отелю. Брызги крови, клочки одежды и рассыпи следов.",
episode4.nodes.e4_jeep_12_v2.data.text,"Черт, как же тут жутко. Слабенький старый фонарик Трэвиса был не в состоянии разогнать сгущающуюся вокруг тьму. Комната за комнатой, метры на полусогнутых — ничего. Вокруг не было ничего полезного, лять! Только кровь. Брызги крови по всему отелю. Брызги крови, клочки одежды и рассыпи следов.",
episode4.nodes.e4_jeep_12_v2.title,JeepGroup frame 12; type 2,
episode4.nodes.e4_jeep_12_v2__choice_0.data.text,Далее,
episode4.nodes.e4_jeep_12_v2__choice_0.title,Далее,
episode4.nodes.e4_jeep_12_v2_choice_34.data.text,"Группа спускается вниз. Разочарованная, поникшая. Фонарь на секунду вырывает из темноты бледное осунувшееся лицо. Момент — темный силуэт бросается прочь от лестницы. Трэвис вскидывает руку с пистолетом, целясь.",
episode4.nodes.e4_jeep_12_v2_choice_34.title,NewItem(34),
episode4.nodes.e4_jeep_12_v2_choice_34__choice_0.data.text,Остановить лидера,
episode4.nodes.e4_jeep_12_v2_choice_34__choice_0.title,Остановить лидера,
episode4.nodes.e4_jeep_12_v2_choice_34__choice_1.data.text,Подняться повыше,
episode4.nodes.e4_jeep_12_v2_choice_34__choice_1.title,Подняться повыше,
episode4.nodes.e4_jeep_12_v3.data.blocks.0.text,"Черт, как же тут жутко. Слабенький старый фонарик Трэвиса был не в состоянии разогнать сгущающуюся вокруг тьму. Комната за комнатой, метры на полусогнутых — ничего. Вокруг не было ничего полезного, лять! Только кровь. Брызги крови по всему отелю. Брызги крови, клочки одежды и рассыпи следов.",
episode4.nodes.e4_jeep_12_v3.data.text,"Черт, как же тут жутко. Слабенький старый фонарик Трэвиса был не в состоянии разогнать сгущающуюся вокруг тьму. Комната за комнатой, метры на полусогнутых — ничего. Вокруг не было ничего полезного, лять! Только кровь. Брызги крови по всему отелю. Брызги крови, клочки одежды и рассыпи следов.",
episode4.nodes.e4_jeep_12_v3.title,JeepGroup frame 12; type 3,
episode4.nodes.e4_jeep_12_v3__choice_0.data.text,Далее,
episode4.nodes.e4_jeep_12_v3__choice_0.title,Далее,
episode4.nodes.e4_jeep_13_v1.data.blocks.0.text,"Джеку изначально казалось, что у окна отеля кто-то стоял, когда они подъезжали. Да и какой мертвец так стремглав убегает от своей добычи? В сердце закралось сомнение. «Стой, стой, стой, подожди! — Джек схватил пистолет за ствол, в последний момент успевая остановить лидера. — Эй! Ты здесь? Выходи сюда, не дави на нервы!». Из сумрака комнаты показался темный силуэт.",
episode4.nodes.e4_jeep_13_v1.data.text,"Джеку изначально казалось, что у окна отеля кто-то стоял, когда они подъезжали. Да и какой мертвец так стремглав убегает от своей добычи? В сердце закралось сомнение. «Стой, стой, стой, подожди! — Джек схватил пистолет за ствол, в последний момент успевая остановить лидера. — Эй! Ты здесь? Выходи сюда, не дави на нервы!». Из сумрака комнаты показался темный силуэт.",
episode4.nodes.e4_jeep_13_v1.title,JeepGroup frame 13; type 1,
episode4.nodes.e4_jeep_13_v1__choice_0.data.text,Далее,
episode4.nodes.e4_jeep_13_v1__choice_0.title,Далее,
episode4.nodes.e4_jeep_13_v2.data.blocks.0.text,"Джеку изначально казалось, что у окна отеля кто-то стоял, когда они подъезжали. Да и какой мертвец так стремглав убегает от своей добычи? В сердце закралось сомнение. «Стой, стой, стой, подожди! — Джек схватил пистолет за ствол, в последний момент успевая остановить лидера. — Эй! Ты здесь? Выходи сюда, не дави на нервы!». Из сумрака комнаты показался темный силуэт.",
episode4.nodes.e4_jeep_13_v2.data.text,"Джеку изначально казалось, что у окна отеля кто-то стоял, когда они подъезжали. Да и какой мертвец так стремглав убегает от своей добычи? В сердце закралось сомнение. «Стой, стой, стой, подожди! — Джек схватил пистолет за ствол, в последний момент успевая остановить лидера. — Эй! Ты здесь? Выходи сюда, не дави на нервы!». Из сумрака комнаты показался темный силуэт.",
episode4.nodes.e4_jeep_13_v2.title,JeepGroup frame 13; type 2,
episode4.nodes.e4_jeep_13_v2__choice_0.data.text,Далее,
episode4.nodes.e4_jeep_13_v2__choice_0.title,Далее,
episode4.nodes.e4_jeep_14_v1.data.blocks.0.text,"Выстрелы подобно отбойному молотку вспороли тишину отеля. Эхом им был сдавленный крик где-то в конце коридора. Но на проверку не было времени — спустя некоторое время со стороны озера послышался топот десятков ног. Люди рванули на второй этаж, ища укрытия.",
episode4.nodes.e4_jeep_14_v1.data.text,"Выстрелы подобно отбойному молотку вспороли тишину отеля. Эхом им был сдавленный крик где-то в конце коридора. Но на проверку не было времени — спустя некоторое время со стороны озера послышался топот десятков ног. Люди рванули на второй этаж, ища укрытия.",
episode4.nodes.e4_jeep_14_v1.title,JeepGroup frame 14; type 1,
episode4.nodes.e4_jeep_14_v1__choice_0.data.text,Далее,
episode4.nodes.e4_jeep_14_v1__choice_0.title,Далее,
episode4.nodes.e4_jeep_14_v2.data.blocks.0.text,"Выстрелы подобно отбойному молотку вспороли тишину отеля. Эхом им был сдавленный крик где-то в конце коридора. Но на проверку не было времени — спустя некоторое время со стороны озера послышался топот десятков ног. Люди рванули на второй этаж, ища укрытия.",
episode4.nodes.e4_jeep_14_v2.data.text,"Выстрелы подобно отбойному молотку вспороли тишину отеля. Эхом им был сдавленный крик где-то в конце коридора. Но на проверку не было времени — спустя некоторое время со стороны озера послышался топот десятков ног. Люди рванули на второй этаж, ища укрытия.",
episode4.nodes.e4_jeep_14_v2.title,JeepGroup frame 14; type 2,
episode4.nodes.e4_jeep_14_v2__choice_0.data.text,Далее,
episode4.nodes.e4_jeep_14_v2__choice_0.title,Далее,
episode4.nodes.e4_jeep_14_v3.data.blocks.0.text,"Группа спускается вниз. Разочарованная, поникшая. Фонарь на секунду вырывает из темноты бледное осунувшееся лицо. Выстрелы подобно отбойному молотку вспарывают тишину отеля. Эхом им был сдавленный крик где-то в конце коридора. Но на проверку не было времени — спустя некоторое время со стороны озера послышался топот десятков ног. Люди рванули на второй этаж, ища укрытия.",
episode4.nodes.e4_jeep_14_v3.data.text,"Группа спускается вниз. Разочарованная, поникшая. Фонарь на секунду вырывает из темноты бледное осунувшееся лицо. Выстрелы подобно отбойному молотку вспарывают тишину отеля. Эхом им был сдавленный крик где-то в конце коридора. Но на проверку не было времени — спустя некоторое время со стороны озера послышался топот десятков ног. Люди рванули на второй этаж, ища укрытия.",
episode4.nodes.e4_jeep_14_v3.title,JeepGroup frame 14; type 3,
episode4.nodes.e4_jeep_14_v3__choice_0.data.text,Далее,
episode4.nodes.e4_jeep_14_v3__choice_0.title,Далее,
episode4.nodes.e4_jeep_15_v1.data.blocks.0.text,"Если судить по хоррор-фильмам, шкаф — не самое лучшее укрытие. Однако выбирать не приходилось. За тонкой перегородкой, отделяющей человека от ада снаружи, зомби рыли, ломали. Искали. Крик ужаса и панические выстрелы — нашли. Если бы Джек был верующим, он бы сейчас молился всем, кому только мог.",
episode4.nodes.e4_jeep_15_v1.data.text,"Если судить по хоррор-фильмам, шкаф — не самое лучшее укрытие. Однако выбирать не приходилось. За тонкой перегородкой, отделяющей человека от ада снаружи, зомби рыли, ломали. Искали. Крик ужаса и панические выстрелы — нашли. Если бы Джек был верующим, он бы сейчас молился всем, кому только мог.",
episode4.nodes.e4_jeep_15_v1.title,JeepGroup frame 15; type 1,
episode4.nodes.e4_jeep_15_v1__choice_0.data.text,Далее,
episode4.nodes.e4_jeep_15_v1__choice_0.title,Далее,
episode4.nodes.e4_jeep_15_v2.data.blocks.0.text,"Если судить по хоррор-фильмам, шкаф — не самое лучшее укрытие. Однако выбирать не приходилось. За тонкой перегородкой, отделяющей человека от ада снаружи, зомби рыли, ломали. Искали. Крик ужаса и панические выстрелы — нашли. Если бы Джек был верующим, он бы сейчас молился всем, кому только мог.",
episode4.nodes.e4_jeep_15_v2.data.text,"Если судить по хоррор-фильмам, шкаф — не самое лучшее укрытие. Однако выбирать не приходилось. За тонкой перегородкой, отделяющей человека от ада снаружи, зомби рыли, ломали. Искали. Крик ужаса и панические выстрелы — нашли. Если бы Джек был верующим, он бы сейчас молился всем, кому только мог.",
episode4.nodes.e4_jeep_15_v2.title,JeepGroup frame 15; type 2,
episode4.nodes.e4_jeep_15_v2__choice_0.data.text,Далее,
episode4.nodes.e4_jeep_15_v2__choice_0.title,Далее,
episode4.nodes.e4_jeep_15_v3.data.blocks.0.text,"Если судить по хоррор-фильмам, шкаф — не самое лучшее укрытие. Однако выбирать не приходилось. За тонкой перегородкой, отделяющей человека от ада снаружи, зомби рыли, ломали. Искали. Крик ужаса и панические выстрелы — нашли. Если бы Джек был верующим, он бы сейчас молился всем, кому только мог.",
episode4.nodes.e4_jeep_15_v3.data.text,"Если судить по хоррор-фильмам, шкаф — не самое лучшее укрытие. Однако выбирать не приходилось. За тонкой перегородкой, отделяющей человека от ада снаружи, зомби рыли, ломали. Искали. Крик ужаса и панические выстрелы — нашли. Если бы Джек был верующим, он бы сейчас молился всем, кому только мог.",
episode4.nodes.e4_jeep_15_v3.title,JeepGroup frame 15; type 3,
episode4.nodes.e4_jeep_15_v3__choice_0.data.text,Далее,
episode4.nodes.e4_jeep_15_v3__choice_0.title,Далее,
episode4.nodes.e4_jeep_16_v1.data.blocks.0.text,"В горле давно пересохло, в голове роилось что-то странное. Джек на автомате переставлял ноги, с целеустремленностью ледокола. Было сложно, но еще сложнее было остановиться — за человеком плелись уже с десяток мертвяков, как стервятники ждущих его усталости. Далекий рокот Джек сперва принял за очередной бред своего мозга, но в следующее мгновение сзади раздался удар и страшный хруст костей.",
episode4.nodes.e4_jeep_16_v1.data.text,"В горле давно пересохло, в голове роилось что-то странное. Джек на автомате переставлял ноги, с целеустремленностью ледокола. Было сложно, но еще сложнее было остановиться — за человеком плелись уже с десяток мертвяков, как стервятники ждущих его усталости. Далекий рокот Джек сперва принял за очередной бред своего мозга, но в следующее мгновение сзади раздался удар и страшный хруст костей.",
episode4.nodes.e4_jeep_16_v1.title,JeepGroup frame 16; type 1,
episode4.nodes.e4_jeep_16_v1__choice_0.data.text,Далее,
episode4.nodes.e4_jeep_16_v1__choice_0.title,Далее,
episode4.nodes.e4_jeep_17_v1.data.blocks.0.text,"Тяжелое тарахтение мотора, звон в голове и лязгающие звуки вокруг. Рояль появился из кустов довольно неожиданно и очень вовремя. Вцепившись в каркас тента, Джек неуклюже поднялся. «Пришел в себя, пупсик?» — он надеялся никогда уже не услышать этот насмешливый голос. Виктор... Чертов шурин чертовой бывшей женушки.",
episode4.nodes.e4_jeep_17_v1.data.text,"Тяжелое тарахтение мотора, звон в голове и лязгающие звуки вокруг. Рояль появился из кустов довольно неожиданно и очень вовремя. Вцепившись в каркас тента, Джек неуклюже поднялся. «Пришел в себя, пупсик?» — он надеялся никогда уже не услышать этот насмешливый голос. Виктор... Чертов шурин чертовой бывшей женушки.",
episode4.nodes.e4_jeep_17_v1.title,JeepGroup frame 17; type 1,
episode4.nodes.e4_jeep_17_v1__choice_0.data.text,Далее,
episode4.nodes.e4_jeep_17_v1__choice_0.title,Далее,
episode4.nodes.e4_jeep_1_v1.data.blocks.0.text,"Гарлем был горной деревушкой на севере страны. Все сошлись во мнении, что большая высота и холодная погода станут существенным препятствием для мертвецов. И теперь поредевшая группа осталась сразу без двух проводников, жителей этой деревни! Проклятье!",
episode4.nodes.e4_jeep_1_v1.data.text,"Гарлем был горной деревушкой на севере страны. Все сошлись во мнении, что большая высота и холодная погода станут существенным препятствием для мертвецов. И теперь поредевшая группа осталась сразу без двух проводников, жителей этой деревни! Проклятье!",
episode4.nodes.e4_jeep_1_v1.title,JeepGroup frame 1; type 1,
episode4.nodes.e4_jeep_1_v1__choice_0.data.text,Далее,
episode4.nodes.e4_jeep_1_v1__choice_0.title,Далее,
episode4.nodes.e4_jeep_1_v2.data.blocks.0.text,"Новых знакомых было двое: бородатый водитель и тот самый лохматый мужичок, явно старший в их тандеме. Из их рубленых диалогов сложно было вынести хоть что-то полезное, однако по количеству раз, что упоминалось слово «гарлем», Джек сделал вывод, что направляются они именно в этот населенный пункт. Узнать бы еще что это, и где это находится...",
episode4.nodes.e4_jeep_1_v2.data.text,"Новых знакомых было двое: бородатый водитель и тот самый лохматый мужичок, явно старший в их тандеме. Из их рубленых диалогов сложно было вынести хоть что-то полезное, однако по количеству раз, что упоминалось слово «гарлем», Джек сделал вывод, что направляются они именно в этот населенный пункт. Узнать бы еще что это, и где это находится...",
episode4.nodes.e4_jeep_1_v2.title,JeepGroup frame 1; type 2,
episode4.nodes.e4_jeep_1_v2__choice_0.data.text,Далее,
episode4.nodes.e4_jeep_1_v2__choice_0.title,Далее,
episode4.nodes.e4_jeep_2_v1.data.blocks.0.text,"Посовещавшись, решили держаться первоначального плана. Удивительно, то ли лидер считал, что произошел несчастный случай в машине, то ли делал вид, что так думает. В любом случае они сейчас нуждались друг в друге. Из палаток забирали лишь самое необходимое, поэтому первоочередной задачей стали еда и вода.",
episode4.nodes.e4_jeep_2_v1.data.text,"Посовещавшись, решили держаться первоначального плана. Удивительно, то ли лидер считал, что произошел несчастный случай в машине, то ли делал вид, что так думает. В любом случае они сейчас нуждались друг в друге. Из палаток забирали лишь самое необходимое, поэтому первоочередной задачей стали еда и вода.",
episode4.nodes.e4_jeep_2_v1.title,JeepGroup frame 2; type 1,
episode4.nodes.e4_jeep_2_v1__choice_0.data.text,Далее,
episode4.nodes.e4_jeep_2_v1__choice_0.title,Далее,
episode4.nodes.e4_jeep_2_v2.data.blocks.0.text,"В конце концов худо-бедно разговорились. Это утро не задалось, мягко говоря, не только у Джека: как рассказал взъерошенный Трэвис, они с Джорджем были единственными выжившими, кому удалось вырваться из лап мертвецов. Четырех человек разорвали прямо у них на глазах. В машине повисла мрачная тишина, каждый думал о чем-то своем.",
episode4.nodes.e4_jeep_2_v2.data.text,"В конце концов худо-бедно разговорились. Это утро не задалось, мягко говоря, не только у Джека: как рассказал взъерошенный Трэвис, они с Джорджем были единственными выжившими, кому удалось вырваться из лап мертвецов. Четырех человек разорвали прямо у них на глазах. В машине повисла мрачная тишина, каждый думал о чем-то своем.",
episode4.nodes.e4_jeep_2_v2.title,JeepGroup frame 2; type 2,
episode4.nodes.e4_jeep_2_v2__choice_0.data.text,Далее,
episode4.nodes.e4_jeep_2_v2__choice_0.title,Далее,
episode4.nodes.e4_jeep_3_v1.data.blocks.0.text,"Спустя два часа езды в стороне от дороги показался небольшой отель. Водитель да и вся группа в целом уже изрядно устали, поэтому решено было сделать остановку: отдохнуть и поискать что-либо полезное.",
episode4.nodes.e4_jeep_3_v1.data.text,"Спустя два часа езды в стороне от дороги показался небольшой отель. Водитель да и вся группа в целом уже изрядно устали, поэтому решено было сделать остановку: отдохнуть и поискать что-либо полезное.",
episode4.nodes.e4_jeep_3_v1.title,JeepGroup frame 3; type 1,
episode4.nodes.e4_jeep_3_v1__choice_0.data.text,К реке,
episode4.nodes.e4_jeep_3_v1__choice_0.title,К реке,
episode4.nodes.e4_jeep_3_v1__choice_1.data.text,К лагерю,
episode4.nodes.e4_jeep_3_v1__choice_1.title,К лагерю,
episode4.nodes.e4_jeep_3_v1__choice_2.data.text,К отелю,
episode4.nodes.e4_jeep_3_v1__choice_2.title,К отелю,
episode4.nodes.e4_jeep_3_v2.data.blocks.0.text,"Спустя два часа езды в стороне от дороги показался небольшой отель. Водитель да и вся группа в целом уже изрядно устали, поэтому решено было сделать остановку: отдохнуть и поискать что-либо полезное.",
episode4.nodes.e4_jeep_3_v2.data.text,"Спустя два часа езды в стороне от дороги показался небольшой отель. Водитель да и вся группа в целом уже изрядно устали, поэтому решено было сделать остановку: отдохнуть и поискать что-либо полезное.",
episode4.nodes.e4_jeep_3_v2.title,JeepGroup frame 3; type 2,
episode4.nodes.e4_jeep_3_v2__choice_0.data.text,К реке,
episode4.nodes.e4_jeep_3_v2__choice_0.title,К реке,
episode4.nodes.e4_jeep_3_v2__choice_1.data.text,К лагерю,
episode4.nodes.e4_jeep_3_v2__choice_1.title,К лагерю,
episode4.nodes.e4_jeep_3_v2__choice_2.data.text,К отелю,
episode4.nodes.e4_jeep_3_v2__choice_2.title,К отелю,
episode4.nodes.e4_jeep_4_v1.data.blocks.0.text,"«Что за... Эй Трэв...!» — Джек резко осекся, привлекаемый громким всплеском со стороны озера. Рыба? Да черта с два! Не бывает тут таких здоровых рыб! Джек медленно приближался к воде, ведомый любопытством. Ближе, еще ближе. Что-то черное проглядывало сквозь толщу воды прямо перед ним.",
episode4.nodes.e4_jeep_4_v1.data.text,"«Что за... Эй Трэв...!» — Джек резко осекся, привлекаемый громким всплеском со стороны озера. Рыба? Да черта с два! Не бывает тут таких здоровых рыб! Джек медленно приближался к воде, ведомый любопытством. Ближе, еще ближе. Что-то черное проглядывало сквозь толщу воды прямо перед ним.",
episode4.nodes.e4_jeep_4_v1.title,JeepGroup frame 4; type 1,
episode4.nodes.e4_jeep_4_v1__choice_0.data.text,Далее,
episode4.nodes.e4_jeep_4_v1__choice_0.title,Далее,
episode4.nodes.e4_jeep_4_v2.data.blocks.0.text,"«Что за... Эй Трэв...!» — Джек резко осекся, привлекаемый громким всплеском со стороны озера. Рыба? Да черта с два! Не бывает тут таких здоровых рыб! Джек медленно приближался к воде, ведомый любопытством. Ближе, еще ближе. Что-то черное проглядывало сквозь толщу воды прямо перед ним.",
episode4.nodes.e4_jeep_4_v2.data.text,"«Что за... Эй Трэв...!» — Джек резко осекся, привлекаемый громким всплеском со стороны озера. Рыба? Да черта с два! Не бывает тут таких здоровых рыб! Джек медленно приближался к воде, ведомый любопытством. Ближе, еще ближе. Что-то черное проглядывало сквозь толщу воды прямо перед ним.",
episode4.nodes.e4_jeep_4_v2.title,JeepGroup frame 4; type 2,
episode4.nodes.e4_jeep_4_v2__choice_0.data.text,Далее,
episode4.nodes.e4_jeep_4_v2__choice_0.title,Далее,
episode4.nodes.e4_jeep_5_v1.data.blocks.0.text,"Мертвец атаковал неожиданно. Будто крокодил, заприметивший антилопу. Еще пару недель назад Джек даже слово «мама» промямлить бы не успел. Но сейчас все было иначе: ожидая чего-то подобного, он резко отпрыгнул, заставляя зомби неуклюже плюхнуться на мокрый песок. И все же окрыленный успехом Джек недооценил угрозу.",
episode4.nodes.e4_jeep_5_v1.data.text,"Мертвец атаковал неожиданно. Будто крокодил, заприметивший антилопу. Еще пару недель назад Джек даже слово «мама» промямлить бы не успел. Но сейчас все было иначе: ожидая чего-то подобного, он резко отпрыгнул, заставляя зомби неуклюже плюхнуться на мокрый песок. И все же окрыленный успехом Джек недооценил угрозу.",
episode4.nodes.e4_jeep_5_v1.title,JeepGroup frame 5; type 1,
episode4.nodes.e4_jeep_5_v1__choice_0.data.text,Далее,
episode4.nodes.e4_jeep_5_v1__choice_0.title,Далее,
episode4.nodes.e4_jeep_5_v2.data.blocks.0.text,"Мертвец атаковал неожиданно. Будто крокодил, заприметивший антилопу. Еще пару недель назад Джек даже слово «мама» промямлить бы не успел. Но сейчас все было иначе: ожидая чего-то подобного, он резко отпрыгнул, заставляя зомби неуклюже плюхнуться на мокрый песок. И все же окрыленный успехом Джек недооценил угрозу.",
episode4.nodes.e4_jeep_5_v2.data.text,"Мертвец атаковал неожиданно. Будто крокодил, заприметивший антилопу. Еще пару недель назад Джек даже слово «мама» промямлить бы не успел. Но сейчас все было иначе: ожидая чего-то подобного, он резко отпрыгнул, заставляя зомби неуклюже плюхнуться на мокрый песок. И все же окрыленный успехом Джек недооценил угрозу.",
episode4.nodes.e4_jeep_5_v2.title,JeepGroup frame 5; type 2,
episode4.nodes.e4_jeep_5_v2__choice_0.data.text,Далее,
episode4.nodes.e4_jeep_5_v2__choice_0.title,Далее,
episode4.nodes.e4_jeep_6_v1.data.blocks.0.text,"Зная, что Джордж уже откровенно задолбался заниматься сливанием бензина с брошенных машин, Джек вызвался сделать это за него. Мол, оружия у него все равно нет и все такое. Никто против не был. Саморезы, шуруповерт, емкость... Что там еще нужно было?",
episode4.nodes.e4_jeep_6_v1.data.text,"Зная, что Джордж уже откровенно задолбался заниматься сливанием бензина с брошенных машин, Джек вызвался сделать это за него. Мол, оружия у него все равно нет и все такое. Никто против не был. Саморезы, шуруповерт, емкость... Что там еще нужно было?",
episode4.nodes.e4_jeep_6_v1.title,JeepGroup frame 6; type 1,
episode4.nodes.e4_jeep_6_v1__choice_0.data.text,Далее,
episode4.nodes.e4_jeep_6_v1__choice_0.title,Далее,
episode4.nodes.e4_jeep_7_v1.data.blocks.0.text,"Пистолетные выстрелы уже давно перестали быть чем-то необычным в этом новом жестоком мире. «Черт, значит не казалось...» — Джек с саморезом в зубах как раз заканчивал сливать топливо. Что это? Стая безумных енотов стирает чехол для Титаника? Самодовольная улыбка продержалась на лице ровно пятнадцать секунд — ровно столько времени потребовалось толпе мертвецов, чтобы вломиться в отель.",
episode4.nodes.e4_jeep_7_v1.data.text,"Пистолетные выстрелы уже давно перестали быть чем-то необычным в этом новом жестоком мире. «Черт, значит не казалось...» — Джек с саморезом в зубах как раз заканчивал сливать топливо. Что это? Стая безумных енотов стирает чехол для Титаника? Самодовольная улыбка продержалась на лице ровно пятнадцать секунд — ровно столько времени потребовалось толпе мертвецов, чтобы вломиться в отель.",
episode4.nodes.e4_jeep_7_v1.title,JeepGroup frame 7; type 1,
episode4.nodes.e4_jeep_7_v1__choice_0.data.text,Далее,
episode4.nodes.e4_jeep_7_v1__choice_0.title,Далее,
episode4.nodes.e4_jeep_7_v1_choice_33.data.text,"Джека пока не заметили, но это теперь было лишь вопросом времени. «Ппроклятье!» — по спине пробежала очередная толпа мурашек — буквально в метрах тридцати от его импровизированного укрытия стояли два по-животному принюхивающихся зомби.",
episode4.nodes.e4_jeep_7_v1_choice_33.title,NewItem(33),
episode4.nodes.e4_jeep_7_v1_choice_33__choice_0.data.text,Рвануть к своему джипу,
episode4.nodes.e4_jeep_7_v1_choice_33__choice_0.title,Рвануть к своему джипу,
episode4.nodes.e4_jeep_7_v1_choice_33__choice_1.data.text,Спрятаться в Опеле,
episode4.nodes.e4_jeep_7_v1_choice_33__choice_1.title,Спрятаться в Опеле,
episode4.nodes.e4_jeep_8_v1.data.blocks.0.text,"Шуруповерт — универсальная вещь: можно закручивать шурупы, а можно — отвлекать гребанных тварей. Швырнув инструмент куда-то подальше в кусты, Джек с облегчением обнаружил, что пассажирская дверь Опеля открыта. Он юркнул в салон и затаился, прикрывшись воздушным змеем.",
episode4.nodes.e4_jeep_8_v1.data.text,"Шуруповерт — универсальная вещь: можно закручивать шурупы, а можно — отвлекать гребанных тварей. Швырнув инструмент куда-то подальше в кусты, Джек с облегчением обнаружил, что пассажирская дверь Опеля открыта. Он юркнул в салон и затаился, прикрывшись воздушным змеем.",
episode4.nodes.e4_jeep_8_v1.title,JeepGroup frame 8; type 1,
episode4.nodes.e4_jeep_8_v1__choice_0.data.text,Далее,
episode4.nodes.e4_jeep_8_v1__choice_0.title,Далее,
episode4.nodes.e4_jeep_9_v1.data.blocks.0.text,"Все иструменты отправились в ближайшие кусты — существа тут же рванули на шум, давая Джеку немного времени. «Что, блять?! — дверь внедорожника неожиданно оказалась закрыта — Эти уроды убить меня захотели, конечно же!». План спасения трещал по швам: от монстров не убежать, от них не спрятаться. Догонят, учуят.",
episode4.nodes.e4_jeep_9_v1.data.text,"Все иструменты отправились в ближайшие кусты — существа тут же рванули на шум, давая Джеку немного времени. «Что, блять?! — дверь внедорожника неожиданно оказалась закрыта — Эти уроды убить меня захотели, конечно же!». План спасения трещал по швам: от монстров не убежать, от них не спрятаться. Догонят, учуят.",
episode4.nodes.e4_jeep_9_v1.title,JeepGroup frame 9; type 1,
episode4.nodes.e4_jeep_9_v1__choice_0.data.text,Далее,
episode4.nodes.e4_jeep_9_v1__choice_0.title,Далее,
episode4.nodes.e4_jess_1_v1.data.blocks.0.text,"Девушка, назвавшаяся Джессикой, буквально вспорхнула по ступенькам на второй этаж и спустя несколько секунд уже ждала группу рядом с лестницой на чердак. Скрипнул застарелый механизм, исторгая вниз складную лестницу, и... Стоп. Люди замерли, вслушиваясь в окружающую тишину. К тяжелому дыханию вдруг прибавился далекий рокот. «Это они!!! Прилетели за мной!» — Джессика безумно оглянулась на своих новых знакомых и рванула вниз по ступенькам.",
episode4.nodes.e4_jess_1_v1.data.text,"Девушка, назвавшаяся Джессикой, буквально вспорхнула по ступенькам на второй этаж и спустя несколько секунд уже ждала группу рядом с лестницой на чердак. Скрипнул застарелый механизм, исторгая вниз складную лестницу, и... Стоп. Люди замерли, вслушиваясь в окружающую тишину. К тяжелому дыханию вдруг прибавился далекий рокот. «Это они!!! Прилетели за мной!» — Джессика безумно оглянулась на своих новых знакомых и рванула вниз по ступенькам.",
episode4.nodes.e4_jess_1_v1.title,AfterJess frame 1; type 1,
episode4.nodes.e4_jess_1_v1__choice_0.data.text,Далее,
episode4.nodes.e4_jess_1_v1__choice_0.title,Далее,
episode4.nodes.e4_jess_1_v1_choice_42.data.text,"Памятуя о судьбе отца девушки, никто особо не спешил с распростертыми объятьями предстать перед загадочными вертолетчиками. Однако и бросить эту отбитую Джессику на произвол судьбы было как-то неправильно.",
episode4.nodes.e4_jess_1_v1_choice_42.title,NewItem(42),
episode4.nodes.e4_jess_1_v1_choice_42__choice_0.data.text,Догнать девушку,
episode4.nodes.e4_jess_1_v1_choice_42__choice_0.title,Догнать девушку,
episode4.nodes.e4_jess_1_v1_choice_42__choice_1.data.text,Ничего не предпринимать,
episode4.nodes.e4_jess_1_v1_choice_42__choice_1.title,Ничего не предпринимать,
episode4.nodes.e4_jess_2_v2.data.blocks.0.text,"Если верить словам девушки, назвавшейся Джессикой, в отеле не было ничего полезного кроме старых выпусков Плейбоя. Вопрос о том, верить или нет этой маленькой психопатке, еще только поднимался, когда над отелем раздался рокот вертолентых лопастей. Джессика сразу переменилась в лице и с огромными радостными глазами помчалась к выходу из отеля. Нашли приключений на свою голову, лять...",
episode4.nodes.e4_jess_2_v2.data.text,"Если верить словам девушки, назвавшейся Джессикой, в отеле не было ничего полезного кроме старых выпусков Плейбоя. Вопрос о том, верить или нет этой маленькой психопатке, еще только поднимался, когда над отелем раздался рокот вертолентых лопастей. Джессика сразу переменилась в лице и с огромными радостными глазами помчалась к выходу из отеля. Нашли приключений на свою голову, лять...",
episode4.nodes.e4_jess_2_v2.title,AfterJess frame 2; type 2,
episode4.nodes.e4_jess_2_v2__choice_0.data.text,Далее,
episode4.nodes.e4_jess_2_v2__choice_0.title,Далее,
episode4.nodes.e4_jess_2_v3.data.blocks.0.text,"Да откуда у нее столько сил то после дней голодания?! Джек чуть ли не кубарем скатился по ступенькам на первый этаж. Девушка была уже у дверей на улицу. Рванув ручку на себя, Джек зажмурился — от яркого света резало глаза. Где она? Рокот вертолета доносился с другой стороны здания, поэтому мужчина поспешил на звук — Джессика явно сделала также. Движение сбоку, чувство неправильности происходящего подстегнуло бежать быстрей. Неожиданно сверху заработал пулемет, вокруг засвистели пули.",
episode4.nodes.e4_jess_2_v3.data.text,"Да откуда у нее столько сил то после дней голодания?! Джек чуть ли не кубарем скатился по ступенькам на первый этаж. Девушка была уже у дверей на улицу. Рванув ручку на себя, Джек зажмурился — от яркого света резало глаза. Где она? Рокот вертолета доносился с другой стороны здания, поэтому мужчина поспешил на звук — Джессика явно сделала также. Движение сбоку, чувство неправильности происходящего подстегнуло бежать быстрей. Неожиданно сверху заработал пулемет, вокруг засвистели пули.",
episode4.nodes.e4_jess_2_v3.title,AfterJess frame 2; type 3,
episode4.nodes.e4_jess_2_v3__choice_0.data.text,Далее,
episode4.nodes.e4_jess_2_v3__choice_0.title,Далее,
episode4.nodes.e4_jess_3_v2.data.blocks.0.text,"Снаружи твоился сущий ад, Джек даже слегка опешил от неожиданности. Прущих на них мертвяков было много, очень много. Они теряли руки, ноги, куски своих тел под градом крупнокалиберных пулеметных пуль, но все равно упрямо лезли к своей добыче — четырем живым людям, стоящим около заброшенного отеля. Трассеры бороздили асфальт уже совсем рядом, и Джек не выдержал, побежал обратно в спасительную темноту.",
episode4.nodes.e4_jess_3_v2.data.text,"Снаружи твоился сущий ад, Джек даже слегка опешил от неожиданности. Прущих на них мертвяков было много, очень много. Они теряли руки, ноги, куски своих тел под градом крупнокалиберных пулеметных пуль, но все равно упрямо лезли к своей добыче — четырем живым людям, стоящим около заброшенного отеля. Трассеры бороздили асфальт уже совсем рядом, и Джек не выдержал, побежал обратно в спасительную темноту.",
episode4.nodes.e4_jess_3_v2.title,AfterJess frame 3; type 2,
episode4.nodes.e4_jess_3_v2__choice_0.data.text,Далее,
episode4.nodes.e4_jess_3_v2__choice_0.title,Далее,
episode4.nodes.e4_jess_3_v3.data.blocks.0.text,"Неприятное чувство усилилось, Джек списал все на стресс, продолжая бег. Из-за угла показался блестящий бок вертолета. Сидяший внутри закованный в черную броню стрелок вел огонь на поражение куда-то за спину Джеку. Поворот, шершавая рукоятка Глока на кончиках пальцев, время замедлилось: крупнокалиберные пули щелкали по мокрому от росы асфальту, вырывали куски мяса из бегущих вслед человеку зомби.",
episode4.nodes.e4_jess_3_v3.data.text,"Неприятное чувство усилилось, Джек списал все на стресс, продолжая бег. Из-за угла показался блестящий бок вертолета. Сидяший внутри закованный в черную броню стрелок вел огонь на поражение куда-то за спину Джеку. Поворот, шершавая рукоятка Глока на кончиках пальцев, время замедлилось: крупнокалиберные пули щелкали по мокрому от росы асфальту, вырывали куски мяса из бегущих вслед человеку зомби.",
episode4.nodes.e4_jess_3_v3.title,AfterJess frame 3; type 3,
episode4.nodes.e4_jess_3_v3__choice_0.data.text,Далее,
episode4.nodes.e4_jess_3_v3__choice_0.title,Далее,
episode4.nodes.e4_jess_3_v3__choice_0__route_0.title,Условный переход,
episode4.nodes.e4_jess_4_v2.data.blocks.0.text,"Кто-то последовал его примеру, но Джека это совершенно не волновало. Спастись, нужно спастись самому! Если судить по хоррор-фильмам, шкаф — не самое лучшее укрытие. Однако выбирать не приходилось. За тонкой перегородкой, отделяющей человека от ада снаружи, зомби рыли, ломали. Искали. Крик ужаса и панические выстрелы — нашли. Если бы Джек был верующим, он бы сейчас молился всем, кому только мог.",
episode4.nodes.e4_jess_4_v2.data.text,"Кто-то последовал его примеру, но Джека это совершенно не волновало. Спастись, нужно спастись самому! Если судить по хоррор-фильмам, шкаф — не самое лучшее укрытие. Однако выбирать не приходилось. За тонкой перегородкой, отделяющей человека от ада снаружи, зомби рыли, ломали. Искали. Крик ужаса и панические выстрелы — нашли. Если бы Джек был верующим, он бы сейчас молился всем, кому только мог.",
episode4.nodes.e4_jess_4_v2.title,AfterJess frame 4; type 2,
episode4.nodes.e4_jess_4_v2__choice_0.data.text,Далее,
episode4.nodes.e4_jess_4_v2__choice_0.title,Далее,
episode4.nodes.e4_jess_4_v2__choice_0__route_0.title,Условный переход,
episode4.nodes.e4_jess_5_v1.data.blocks.0.text,"Плевать на эту безумную. ПЛЕВАТЬ. Хочет подохнуть там, снаружи — пожалуйста, Джек ей не помощник. Мужчина уже было занес ногу над ступенькой чердачной лестницы, когда с улицы раздался дикий вой и стук крупнокалиберного пулемета. Бородач-Джордж тут же помчался вниз, бубня что-то себе под нос. Придурок. Спаситель мира, мля.",
episode4.nodes.e4_jess_5_v1.data.text,"Плевать на эту безумную. ПЛЕВАТЬ. Хочет подохнуть там, снаружи — пожалуйста, Джек ей не помощник. Мужчина уже было занес ногу над ступенькой чердачной лестницы, когда с улицы раздался дикий вой и стук крупнокалиберного пулемета. Бородач-Джордж тут же помчался вниз, бубня что-то себе под нос. Придурок. Спаситель мира, мля.",
episode4.nodes.e4_jess_5_v1.title,AfterJess frame 5; type 1,
episode4.nodes.e4_jess_5_v1__choice_0.data.text,Далее,
episode4.nodes.e4_jess_5_v1__choice_0.title,Далее,
episode4.nodes.e4_jess_6_v1.data.blocks.0.text,"Трэвис остался у лестницы — ждал своего несравненного Джорджа. И ведь действительно, спустя некоторое время где-то снизу послышались торопливые шаги. Джек насторожился, интуиция гнала его прочь, подальше от темного провала спуска. Все последующее произошло, как в страшном сне: вот Трэвис протягивает руку с фонарем вниз, пытается высветить пожаловавшего, и тут же что-то черное вгрызается ему в лицо. В ЛИЦО! ПРЕОДОЛЕВ ДВА МЕТРА ПО ВЕРТИКАЛИ! СУКА!!!",
episode4.nodes.e4_jess_6_v1.data.text,"Трэвис остался у лестницы — ждал своего несравненного Джорджа. И ведь действительно, спустя некоторое время где-то снизу послышались торопливые шаги. Джек насторожился, интуиция гнала его прочь, подальше от темного провала спуска. Все последующее произошло, как в страшном сне: вот Трэвис протягивает руку с фонарем вниз, пытается высветить пожаловавшего, и тут же что-то черное вгрызается ему в лицо. В ЛИЦО! ПРЕОДОЛЕВ ДВА МЕТРА ПО ВЕРТИКАЛИ! СУКА!!!",
episode4.nodes.e4_jess_6_v1.title,AfterJess frame 6; type 1,
episode4.nodes.e4_jess_6_v1__choice_0.data.text,Далее,
episode4.nodes.e4_jess_6_v1__choice_0.title,Далее,
episode4.nodes.e4_jess_6_v1__choice_0__route_0.title,Условный переход,
episode4.nodes.e4_jess_7_v1.data.blocks.0.text,"С громким хрустом труп Трэвиса пропадает в темном провале. Чердак опустел, но Джек знает — ненадолго. Пистолет давно в руке, шершавая рукоятка придает уверенности, отдаляет панику. Крыша! Можно залезть на крышу! Почему он раньше об этом не подумал... Щелчок бойка, но выстрела не происходит. Что за... Затвор передернут, патрон с тонким звоном укатывется куда-то в темноту. Раздался грохот, оконное стекло разлетелось вдребезги, пропуская пистолетную пулю, а потом и Джека следом.",
episode4.nodes.e4_jess_7_v1.data.text,"С громким хрустом труп Трэвиса пропадает в темном провале. Чердак опустел, но Джек знает — ненадолго. Пистолет давно в руке, шершавая рукоятка придает уверенности, отдаляет панику. Крыша! Можно залезть на крышу! Почему он раньше об этом не подумал... Щелчок бойка, но выстрела не происходит. Что за... Затвор передернут, патрон с тонким звоном укатывется куда-то в темноту. Раздался грохот, оконное стекло разлетелось вдребезги, пропуская пистолетную пулю, а потом и Джека следом.",
episode4.nodes.e4_jess_7_v1.title,AfterJess frame 7; type 1,
episode4.nodes.e4_jess_7_v1__choice_0.data.text,Далее,
episode4.nodes.e4_jess_7_v1__choice_0.title,Далее,
episode4.nodes.e4_pickup_army_knife.data.text,Армейский нож,
episode4.nodes.e4_pickup_army_knife.title,AddItem(4),
episode4.nodes.e4_pickup_army_knife__choice_0.data.text,Забрать,
episode4.nodes.e4_pickup_army_knife__choice_0.title,Забрать,
episode4.nodes.e4_pickup_army_knife__entry.title,При входе,
episode4.nodes.e4_pickup_deagle.data.text,"Desert Eagle Mark XIX, 10 патронов .50 AE",
episode4.nodes.e4_pickup_deagle.title,AddItem(10),
episode4.nodes.e4_pickup_deagle__choice_0.data.text,Забрать,
episode4.nodes.e4_pickup_deagle__choice_0.title,Забрать,
episode4.nodes.e4_pickup_deagle__entry.title,При входе,
episode4.nodes.e4_pickup_flashbang.data.text,Светошумовая граната CTS Model 7290,
episode4.nodes.e4_pickup_flashbang.title,AddItem(8),
episode4.nodes.e4_pickup_flashbang__choice_0.data.text,Забрать,
episode4.nodes.e4_pickup_flashbang__choice_0.title,Забрать,
episode4.nodes.e4_pickup_knife.data.text,Перочинный нож,
episode4.nodes.e4_pickup_knife.title,AddItem(9),
episode4.nodes.e4_pickup_knife__choice_0.data.text,Забрать,
episode4.nodes.e4_pickup_knife__choice_0.title,Забрать,
episode4.nodes.e4_pickup_knife__entry.title,При входе,
episode4.nodes.e4_pickup_mark23.data.text,"Mark 23, 12 патронов .45 ACP",
episode4.nodes.e4_pickup_mark23.title,AddItem(3),
episode4.nodes.e4_pickup_mark23__choice_0.data.text,Забрать,
episode4.nodes.e4_pickup_mark23__choice_0.title,Забрать,
episode4.nodes.e4_pickup_mark23__entry.title,При входе,
episode4.nodes.e4_pickup_remington.data.text,"Remington 870MCS, количество патронов неизвестно",
episode4.nodes.e4_pickup_remington.title,AddItem(7),
episode4.nodes.e4_pickup_remington__choice_0.data.text,Забрать,
episode4.nodes.e4_pickup_remington__choice_0.title,Забрать,
episode4.nodes.e4_result_101.data.text,"Раздался лязг открываемой двери, но Джек был к этому готов. Вложив всю свою силу в удар, он ткнул ножом наугад, туда, где должна была находиться голова незваного гостя. Однако Джек просчитался, и клинок лишь бессильно рассек воздух, не причинив никому вреда. В следующий момент раздался пистолетный дабл тап, не оставляя человеку в кабине ни единого шанса.",
episode4.nodes.e4_result_101.title,ResultBad(101),
episode4.nodes.e4_result_102.data.text,"Раздался лязг открываемой двери, но Джек был к этому готов. Вскинув полученный пистолет, он наугад выпустил полобоймы в дверной проем. Поднял голову — никого. Неужели попал? В следующий момент раздался пистолетный дабл тап, не оставляя человеку в кабине ни единого шанса.",
episode4.nodes.e4_result_102.title,ResultBad(102),
episode4.nodes.e4_result_103.data.text,"Этот день безумнее уже не станет, не так ли? Взвалив на себя труп хирурга, Джек медленно, стараясь подражать нетвердой походке зомби, направился к выходу. Пот застилал глаза, но главная проблема была в другом — пес вился вокруг ног, как приклеенный. Зал, разбитые стекла, мертвецы вокруг. Мужчина уже было начал делать следующий шаг, как вдруг в ноги ему, жалобно скуля, бросилась проклятая псина. Равновесия удержать не удалось, и вся человеко-животная процессия кубарем покатилась по полу. Где-то совсем рядом, прямо над ухом раздался вой быстрого зомби. Проклятье.",
episode4.nodes.e4_result_103.title,ResultBad(103),
episode4.nodes.e4_result_104.data.text,"Гул мощного двигателя был уже практически не различим, когда из-за все того же поворота вылетела жуткая черная тварь. Джек на мгновение потерял дар речи, приростая ногами и духом к грунтовке. Взгляд желтых животных глаз дернулся в его сторону, выжег остатки мужества и воли. Мужчина вдруг отчетливо понял: не убежать, можно даже не пытаться. Шаг назад — существо подобралось по-кошачьи, готовясь к прыжку, еще шаг — лоснящийся монстр взмыл в воздух. Ствол пистолета у виска. Осечка.",
episode4.nodes.e4_result_104.title,ResultBad(104),
episode4.nodes.e4_result_105.data.text,"Росчерки трассеров становились все тоньше и тоньше, однако мертвецов меньше не становилось. И вот пулемет заглох, сообщая о пустой ленте, Джек остался с тварями один на один. «Не впервой, справлюсь» — чья-то голова уже была на мушке, палец подрагивал на спусковом крючке. Щелчок — ничего не происходит. Еще щелчок, еще один. Что за херня? Взгляд на пистолет, новый патрон в патроннике, старый с тонким звоном катится по асфальту. Поднять взгляд Джек не успел: исполосованный шрамами однорукий зомби выскочил откуда-то сбоку и с хриплым воем набросился на мужчину.",
episode4.nodes.e4_result_105.title,ResultBad(105),
episode4.nodes.e4_result_106.data.text,"Росчерки трассеров становились все тоньше и тоньше, однако мертвецов меньше не становилось. И вот пулемет заглох, сообщая о пустой ленте, Джек остался с тварями один на один. «Не впервой, справлюсь!», — внутренний голос вдруг сорвался на фальцет, мужчина вспомнил, что из оружия в кармане только перочинный нож. Раз, два, три, четыре, пять... Зомби становилось все больше, однако спасительный пулемет молчал. Первую тварь Джек встретил сильнейшим ударом в висок, небольшое лезвие с сочным хрустом пробило кость и застряло там. Отчаяния захлестнуло обреченного.",
episode4.nodes.e4_result_106.title,ResultBad(106),
episode4.nodes.e4_result_107.data.text,"Шаги за дверями шкафа все громче, стало слышно, как существо принюхивается. Нашли. Джек перестал даже дышать, боясь выдать себя. В следующее мгновение хлипкое укрытие с грохотом разлетелось, оставляя человека один на один с мертвецами. Щелчок бойка — осечка. Блять...",
episode4.nodes.e4_result_107.title,ResultBad(107),
episode4.nodes.e4_result_108.data.text,"В отчаянной попытке спастись Джек метнулся к пистолету погибшего, но опоздал на считанные мгновения: труп Трэвиса скрылся в темноте второго этажа. Скованные страхом ноги не слушались, мужчина неуклюже отползал назад, пытаясь придумать хоть что-нибудь. Скрип лестницы — ужас захлестнул надломленное сознание. Нож! У него есть нож, точно! Джек выхватил лезвие и выставил перед собой так, будто бы эта зубочистка могла ему хоть как-то помочь. Из провала показалась голова, затем туловище, затем... С каждым мгновением остатки решимости покидали человека. Шансов не было.",
episode4.nodes.e4_result_108.title,ResultBad(108),
episode4.nodes.e4_result_109.data.text,"Приятно похрустывают доски моста под ногами, прохладный воздух ласкает натруженные легкие. Раз, два — выстукивают каблуки тяжелых ботинок, раз... Тут под ногой что-то сухо щелкает, смертельный механизм приводится в действие ничего не подозревающей жертвой. Мост оказался заминирован, как и все мосты, ведущие к Гарлему.",
episode4.nodes.e4_result_109.title,ResultBad(109),
episode4.nodes.e4_result_110.data.text,"Стоило человеку отвлечься, он тут же был сбит с ног несущимся навстречу зомби. Рефлексы сработали с запозданием, но Джеку все же удалось отбросить его от себя. Голова на мушке, палец тянет за спусковой крючок — сухой щелчок осечки. Проклятье! Мужчина продолжал отбиваться от наседающего сверху нападавшего, в то время, как пальцы судорожно передергивали затвор. Выстрел, второй, третий. Руки не слушались, выстрелы летели в «молоко». В конце концов Джеку удалось выцелить вражью башку и всадить туда сразу две пули. Выдох. Рядом еле слышно опускается когтистая лапа Измененного.",
episode4.nodes.e4_result_110.title,ResultBad(110),
episode4.nodes.e4_result_111.data.text,"Бах! Бах! Бах! Пули исчезают в шкуре гризли, лишь раздражая того все больше. Ему больше не нужна никакая собака, надоедливо вертящаяся у лап, зверь напрочь забыл про нее: ему нужен обидчик, ЕМУ НУЖЕН ДЖЕК. Полтонны убийственной мощи сорвались с места, в момент разрывая и без того небольшую дистанцию. Бах! Бах! Бах! Мужчина пытается выцелить голову медведя, но у него совершенно ничего не выходит. Надо бежать, спасать свою дрянную шкуру, но у Джека в магазине еще есть патроны, еще есть надежда. Бах! Щелчок. Щелчок. Сменить магазин времени не остается.",
episode4.nodes.e4_result_111.title,ResultBad(111),
episode4.nodes.e4_result_112.data.text,"Туман в голове слегка ослабил свою хватку, позволяя Джеку рассмотреть интерьер своей тюрьмы. Теперь вместо клетки, полной зомби — мужчину вновь непроизвольно передернуло — перед ним располагалось большое, во всю стену стекло, за которым можно было разглядеть людей в белых халатах. Ожидаемо, лять. Джек обреченно ухмыльнулся, к удивлению своему не почувствовав при этом никакой боли. Взгляд на руки — чистые, как после курорта, осторожное движение — безумные спазмы на части тело не рвут. Занятый самоизучением мужчина не сразу заметил, как включился динамик под потолком комнаты.",
episode4.nodes.e4_result_112.title,ResultBad(112),
episode4.nodes.e4_result_113.data.text,"Берег реки был все ближе, опасности не наблюдалось. Резкое движение сбоку, на границе видимости, однако Джек среагировал мгновенно: защитная стойка, кулаки, адреналин огнем разносится по крови  — в новом мире остающих нет. Мертвецы атаковали в абсолютной тишине: никаких обычных рычаний и хрипов. От одного из них Джек успел увернуться, но другой набросился на него со спины, тут же вгрызаясь в незащищенную шею.",
episode4.nodes.e4_result_113.title,ResultBad(113),
episode4.nodes.e4_result_79.data.text,"Ни кому и в голову не пришло следить за «опасностью с воздуха». Зря. За толпой безмозглых зомби пришли Измененные — жуткие твари, порожденные вирусом. Никто толком не знал откуда они появились: то ли это были результаты секретных экспериментов, то ли — неожиданная мутация мертвецов. Одно из таких чудовищ буквально спикировало на окруженных людей сверху, в момент превращая все вокруг в фарш. Шансов у группы не было.",
episode4.nodes.e4_result_79.title,ResultBad(79),
episode4.nodes.e4_result_80.data.text,"Выстрел — перезарядка, выстрел — перезарядка. В горячке боя Джек даже не сразу заметил, что в дробовике уже минуты три как закончились патроны. Чувство опасности заставило его отпрыгнуть в сторону, в ближайшую яму. И вовремя — черная тень с немыслимой скоростью пронеслась мимо. Джек вскочил, поймал на мушку лоснящуюся спину твари и нажал на спуск. Дела...",
episode4.nodes.e4_result_80.title,ResultBad(80),
episode4.nodes.e4_result_81.data.text,"Джек пришел в себя в разбитом в хлам джипе: куда ни посмотри — везде были лишь осколки и кровь. «Надо... Выбираться отсюд... Стоп! ТВАРИ! Они где-то рядом!» — нащупав шершавую рукоятку пистолета на полу, Джек осторожно поднял голову. В следующий миг что-то большое и тяжелое приземлилось на крышу машины. «Она на крыше! Сука!» — паника в новой силой проникла в сознание. Мгновение — когтистая лапа срывает дверь внедорожника с петель, оставляя Джека один на один. Со смертью.",
episode4.nodes.e4_result_81.title,ResultBad(81),
episode4.nodes.e4_result_82.data.text,"Резвость этого мертвеца поражала. Стоило Джеку немного замешкаться на песке — мокрые когтистые пальцы тут же оказались на его голени. От неожиданости Джек издал что-то нечленораздельное и в панике попытался отползти подальше, непрерывно вопя о помощи. Со стороны отеля вдруг раздались выстрелы, и стало понятно, что этой самой помощи ждать неоткуда. «Ну пиздец...» — пронеслось в голове — из озера стали выскакивать новые монстры.",
episode4.nodes.e4_result_82.title,ResultBad(82),
episode4.nodes.e4_result_83.data.text,"Отвлекающий маневр помог ненадолго — Джек все еще стоял в нерешительности, когда из кустов показался первый зомби. Да, спрятаться под джипом было не самой лучшей идеей, но других не было вовсе. Спустя несколько минут вокруг машины толпилось уже семеро мертвецов. «Они меня не видят, не видят!» — нервный смех распирал Джека. — «Надо их как-нибудь отвлечь». Проклятье! Снимаемый ботинок гулко стукнулся о днище автомобиля. Это конец.",
episode4.nodes.e4_result_83.title,ResultBad(83),
episode4.nodes.e4_result_84.data.text,"Шаги за дверями шкафа все громче, стало слышно, как существо принюхивается. Нашли. Джек перестал даже дышать, боясь выдать себя. В следующее мгновение хлипкое укрытие с грохотом разлетелось, оставляя человека один на один с мертвецами. Нож для колбасы ничем не смог Джеку помочь.",
episode4.nodes.e4_result_84.title,ResultBad(84),
episode4.nodes.e4_result_85.data.text,"Царапая кожу, ломая ногти, Джек вскочил, ведомый инстинктом самосохранения. Куда бежать? Рычание за стеной бросило в холодный пот. Было слышно, как тварь ходит вокруг дома, понимая, что жертве некуда деться. Может не найдет, пройдет мимо? Джек затаился, весь обратившись в слух. Шаги на первом этаже. Ближе, еще. Уже было слышно грузное дыхание существа. Стол, последнее из оставшихся укрытий, разлетелся в труху. Последовавший жуткий рык заглушил человеческий крик.",
episode4.nodes.e4_result_85.title,ResultBad(85),
episode4.nodes.e4_result_86.data.text,"Парень подался вперед, к Джеку, но ноги не слушались его. В отчаянной попытке не упасть Мэтт вцепился в руку своего спасителя, царапая тому кожу окровавленными ногтями. Инфекция начала нетеропливо распространяться по организму ничего не подозревающего Джека. Мэтт обратился спустя несколько минут и умер во второй раз, добитый мощной пулей своего же пистолета. Звук выстрела был настолько громким, что Джек просидел еще несколько часов, вслушиваясь в тишину  леса. Смерть настигла его идущим по шоссе, ведущим в горы.",
episode4.nodes.e4_result_86.title,ResultBad(86),
episode4.nodes.e4_result_87.data.text,"«Ты врешь, ты все врешь... Я чую ее, ОНА ЗДЕСЬ!» — парень нетвердой рукой наводил пистолет на Джека. — «Как ты так быстро нашел меня, Джек? Молчишь?! ТЫ ОДИН ИЗ НИХ, СУКА!». Мэтт окончательно сошел с ума: дерганные движения, голос, то срывающийся на фальцет, то переходящий в шепот. Выстрел. Пуля, способная остановить медведя, прошила человека насквозь. Темнота.",
episode4.nodes.e4_result_87.title,ResultBad(87),
episode4.nodes.e4_result_88.data.text,"«Нет зомби? Ну уж не-ет, друг, я чую их за к-километр» — Мэтт прищурился, будто бы пытаясь рассмотреть пространство перед собой получше. — «Да-а, ты пришел за мной, урод?! Но твои гнилые р-руки не коснутся меня!». Парень зашелся в истерическом хохоте и наставил пистолет	на Джека, нажимая на спусковой крючок.",
episode4.nodes.e4_result_88.title,ResultBad(88),
episode4.nodes.e4_result_89.data.text,"Попытка приблизиться только разъярила безумца: казалось, что он ничего перед собой не видит и ориентируется на звук и... Запах! Дряхлая половица громко хрустнула под тяжелым ботинком Джека, подписывая ему смертный приговор.",
episode4.nodes.e4_result_89.title,ResultBad(89),
episode4.nodes.e4_result_90.data.text,"«Врееешь, мертвец. Думал, сможешь меня обмануть?!» — голова Мэтта неестественно дернулась, из глаза потекла тонкая струйка крови. Джек в ужасе толкнул Мэтта в грудь, пытаясь отбросить от себя. Но в последний момент безумец успел спустить курок.",
episode4.nodes.e4_result_90.title,ResultBad(90),
episode4.nodes.e4_result_91.data.text,"Черт, ну и тяжелый этот кусок огнестрельного железа. Потренировавшись несколько раз быстро выхватывать пистолет из кобуры, удовлетворенный результатом Джек решил больше не таскать его в руках. Берег реки был все ближе, опасности не наблюдалось. Резкое движение сбоку, на границе видимости, однако Джек среагировал мгновенно — рука метнулась к кобуре с Desert Eagle. Но человек опоздал, и несколько существ, когда-то бывших людьми, набросились на него.",
episode4.nodes.e4_result_91.title,ResultBad(91),
episode4.nodes.e4_result_92.data.text,"Твари нагоняли, обходили с боков, загоняли в тупик, подобно гончим. Нога больше не болела, Джек ее просто уже не чувствовал. Если не бежать — идти, не идти — ползти. Из последних сил поднявшись на асфальтовую ленту дороги, Джек упал без сил. Спустя несколько секунд сзади раздалось тяжелое дыхание.",
episode4.nodes.e4_result_92.title,ResultBad(92),
episode4.nodes.e4_result_93.data.text,"Лужа крови на земле казалась достаточно свежей, и Джек невольно принял защитную стойку — в новом мире подобные привычки прививаются моментально. Мертвецы атаковали в абсолютной тишине: никаких обычных рычаний и хрипов. От одного из них Джек успел увернуться, но другой набросился на него со спины, тут же вгрызаясь в незащищенную шею.",
episode4.nodes.e4_result_93.title,ResultBad(93),
episode4.nodes.e4_result_94.data.text,"Было видно, что мертвые недолюбливают глубокую воду, никто из них даже не пытался плыть к лодке. Однако все вот-вот могло разительно измениться — впереди замаячил брод. Никогда не имевший дела с плавсредствами Джек судорожно попытался дать задний ход или хотя бы выключить двигатель, но стало только хуже: лодка рванула вперед с еще большей скоростью. Тик-так, тик-так — часы в кабине отсчитывают мгновения. Тик-так — лодка с грохотом врезается в камни, Тик-так — с десяток зомби рвутся к своей добыче по мелководью. Тик-так.",
episode4.nodes.e4_result_94.title,ResultBad(94),
episode4.nodes.e4_result_95.data.text,"На первый взгляд все было спокойно, лишь брошенные то тут, то там автомобили. Однако что-то все же было не так, гнетущее чувство неправильности происходящего давило на нервы. Под самым мостом Джек решился заглушить движок, но было уже поздно — здоровенная тень оторвалась от одной из опор и сиганула вниз, прямо в лодку, переламывая ту пополам. Оказавшийся в воде Джек заметался, неспособный ничего различить во тьме. Удар огромных когтей оборвал его крик.",
episode4.nodes.e4_result_95.title,ResultBad(95),
episode4.nodes.e4_result_96.data.text,"Доброе утро, дивный новый мир. Джек с удовольствием потянулся, почувствовав, как ноют натруженные мышцы, и хрустят немолодые суставы. Спустя каких-то полчаса он таки добрался до туалета и раковины. Прелесть! Наскоро умывшись и справив его терзавшую нужду, Джек уставился на свое осунувшееся отражение: мешки, красные глаза, шрамы и ссадины. Ловелас-красавец, лять! Тут его внимание привлек странный белый предмет рядом с трубой унитаза. Со вздохом наклонившись, Джек с удивлением поднял чей-то окровавленный зуб. Что за...",
episode4.nodes.e4_result_96.title,ResultBad(96),
episode4.nodes.e4_result_97.data.text,"Глаза все сильнее наливались свинцом, грести было все тяжелее. Временами Джек порывался включить бензиновый движок, но эти порывы быстро пресекались раздающимися из леса звуками: рыком, воем и громким треском деревьев. Будто бы здоровенные обезьяны-убийцы следовали за ним по пятам. Но усталость была неумолима. В последний раз придав лодке нужное ускорение, Джек прилег на холодный металл пола. «Не спать, не спать, не сп... Еще пять минут полежу, всего пять минуто...». Лодка мягко ткнулась носом в берег. Джек не проснулся.",
episode4.nodes.e4_result_97.title,ResultBad(97),
episode4.nodes.e4_result_98.data.text,"Морозный воздух моментально приводил в чувство, выбивал остатки сна своим холодным дыханием. Стоявший на пороге Джек безразлично смотрел на изрешеченный пулями грузовик. Грузовик, на котором он сюда приехал. Вдох-выдох, мысли роятся в голове. И что теперь? Что делать дальше? Вдалеке раздался едва различимый рокот. Проследив взглядом примерное направление, Джек с удивлением обнаружил внизу, у подножия гор цепочку «светлячков», линию, похожую на новогоднюю гирлянду. Военный кордон. Значит там, за ним нет опасности? Инфекция побеждена?",
episode4.nodes.e4_result_98.title,ResultBad(98),
episode4.nodes.e4_result_99.data.text,"В конце концов Джеку удалось вырвать грузовик из снежного плена, полный привод и двенадцать колес сделали свое дело. Управлять пятитонной махиной из под приборной панели было совершенно невозможно, и мужчина ненадолго поднялся, оценивая обстановку вокруг. Времени хватило лишь на то, чтобы кое-как сгруппироваться — через несколько секунд грузовик въехал в забор и заглох. СУКА! Подобно загнанному зверьку, Джек метался по кабине, не решаясь выбраться наружу. Хруст снега неподалеку... Беглый взгляд в лобовое стекло — пуля снайпера настигает свою цель.",
episode4.nodes.e4_result_99.title,ResultBad(99),
episode4.title,IV. Исход,
