key,ru,en
episode2.archive.episode2_routes.nodes.e2_attack_1.blocks.0.text,"Дэвид тихо, стараясь не спровоцировать обратившегося, толкнул в плечо ближайщего бойца и, когда тот обернулся, указал ему на существо, некогда бывшее его боевым товарищем. Спецназовец медлил, не решаясь стрелять. На звуки, издаваемые мертвецом, обернулись остальные бойцы...",
episode2.archive.episode2_routes.nodes.e2_attack_1.choices.0.text,Далее,
episode2.archive.episode2_routes.nodes.e2_attack_1.text,"Дэвид тихо, стараясь не спровоцировать обратившегося, толкнул в плечо ближайщего бойца и, когда тот обернулся, указал ему на существо, некогда бывшее его боевым товарищем. Спецназовец медлил, не решаясь стрелять. На звуки, издаваемые мертвецом, обернулись остальные бойцы...",
episode2.archive.episode2_routes.nodes.e2_attack_2.choices.0.text,Далее,
episode2.archive.episode2_routes.nodes.e2_back_1.blocks.0.text,"Пока бывший хирург, яростно орудуя прутом на бегу, расталкивал мертвецов, Ник нервно глядел по сторонам и отчаянно старался не отстать. Неожиданный резкий хрип прямо за спиной застал его врасплох...",
episode2.archive.episode2_routes.nodes.e2_back_1.choices.0.text,Далее,
episode2.archive.episode2_routes.nodes.e2_back_1.text,"Пока бывший хирург, яростно орудуя прутом на бегу, расталкивал мертвецов, Ник нервно глядел по сторонам и отчаянно старался не отстать. Неожиданный резкий хрип прямо за спиной застал его врасплох...",
episode2.archive.episode2_routes.nodes.e2_back_2.blocks.0.text,"Дэвид резко обернулся на крик и увидел, как существо, раньше бывшее парнем по имени Дин, вцепилось Нику в шею. Из ближайшей двери палаты показались два мертвеца в окровавленных больничных рубашках... Хирурга охватила паника, и он бросился бежать, не разбирая дороги.",
episode2.archive.episode2_routes.nodes.e2_back_2.choices.0.text,Далее,
episode2.archive.episode2_routes.nodes.e2_back_2.choices.1.text,Далее,
episode2.archive.episode2_routes.nodes.e2_back_2.text,"Дэвид резко обернулся на крик и увидел, как существо, раньше бывшее парнем по имени Дин, вцепилось Нику в шею. Из ближайшей двери палаты показались два мертвеца в окровавленных больничных рубашках... Хирурга охватила паника, и он бросился бежать, не разбирая дороги.",
episode2.archive.episode2_routes.nodes.e2_boom_4.choices.0.text,Далее,
episode2.archive.episode2_routes.nodes.e2_boom_5.choices.0.text,Далее,
episode2.archive.episode2_routes.nodes.e2_first_1.blocks.0.text,"Дэвиду очень повезло, что эта операционная находилась рядом с пожарной лестницей, далеко от центральной части больницы — он не встретил ни души на своем пути.",
episode2.archive.episode2_routes.nodes.e2_first_1.choices.0.text,Далее,
episode2.archive.episode2_routes.nodes.e2_first_1.text,"Дэвиду очень повезло, что эта операционная находилась рядом с пожарной лестницей, далеко от центральной части больницы — он не встретил ни души на своем пути.",
episode2.archive.episode2_routes.nodes.e2_first_10.blocks.0.text,"Дэвид выскочил из-за угла и ринулся к военным. В горячке боя бойцы стреляли во все, что движется. И вот хирург с удивлением смотрит на вороненый ствол Кольта 1911, обращенный в его сторону...",
episode2.archive.episode2_routes.nodes.e2_first_10.choices.0.text,Далее,
episode2.archive.episode2_routes.nodes.e2_first_10.text,"Дэвид выскочил из-за угла и ринулся к военным. В горячке боя бойцы стреляли во все, что движется. И вот хирург с удивлением смотрит на вороненый ствол Кольта 1911, обращенный в его сторону...",
episode2.archive.episode2_routes.nodes.e2_first_10.variants.0.blocks.0.text,"Дэвид выскочил из-за угла и ринулся к военным. Ник последовал его примеру. В горячке боя бойцы стреляли во все, что движется. И вот хирург с удивлением смотрит на вороненый ствол Кольта 1911, обращенный в его сторону...",
episode2.archive.episode2_routes.nodes.e2_first_11.blocks.0.text,"В ушах Дэвида болезненно звенело, он на некоторое время перестал слышать. Все-таки, стрелять в замкнутом помещении — то еще удовольствие.",
episode2.archive.episode2_routes.nodes.e2_first_11.choices.0.text,Далее,
episode2.archive.episode2_routes.nodes.e2_first_11.text,"В ушах Дэвида болезненно звенело, он на некоторое время перестал слышать. Все-таки, стрелять в замкнутом помещении — то еще удовольствие.",
episode2.archive.episode2_routes.nodes.e2_first_12.blocks.0.text,"В ушах Дэвида болезненно звенело, он на некоторое время перестал слышать. Все-таки, стрелять в замкнутом помещении — то еще удовольствие.",
episode2.archive.episode2_routes.nodes.e2_first_12.choices.0.text,Далее,
episode2.archive.episode2_routes.nodes.e2_first_12.text,"В ушах Дэвида болезненно звенело, он на некоторое время перестал слышать. Все-таки, стрелять в замкнутом помещении — то еще удовольствие.",
episode2.archive.episode2_routes.nodes.e2_first_1_v2.blocks.0.text,"Операционная Дэвида находилась почти рядом с выходом на пожарную лестницу. Ник взвалил своего друга себе на плечи, и все медленно и осторожно направились к заветной двери.",
episode2.archive.episode2_routes.nodes.e2_first_1_v2.choices.0.text,Далее,
episode2.archive.episode2_routes.nodes.e2_first_1_v2.text,"Операционная Дэвида находилась почти рядом с выходом на пожарную лестницу. Ник взвалил своего друга себе на плечи, и все медленно и осторожно направились к заветной двери.",
episode2.archive.episode2_routes.nodes.e2_first_1_v3.blocks.0.text,"Выход на пожарную лестницу находился рядом с операционной Дэвида, и он бегом направился туда. Пробегая мимо выбившегося из сил парня, Каховски изо всех сил толкнул мертвеца в спину. Хоть как-то помог...",
episode2.archive.episode2_routes.nodes.e2_first_1_v3.choices.0.text,Далее,
episode2.archive.episode2_routes.nodes.e2_first_1_v3.text,"Выход на пожарную лестницу находился рядом с операционной Дэвида, и он бегом направился туда. Пробегая мимо выбившегося из сил парня, Каховски изо всех сил толкнул мертвеца в спину. Хоть как-то помог...",
episode2.archive.episode2_routes.nodes.e2_first_2.blocks.0.text,"Дверь, ведущая на пожарную лестницу закрылась за Дэвидом, отсекая от него полный ужаса крик... Черт возьми, какой же он после этого врач! Опустошенный и злой на весь мир и себя в первую очередь хирург бегом спускался по лестнице и притормозил лишь перед выходом на первый этаж.",
episode2.archive.episode2_routes.nodes.e2_first_2.choices.0.text,Далее,
episode2.archive.episode2_routes.nodes.e2_first_2.text,"Дверь, ведущая на пожарную лестницу закрылась за Дэвидом, отсекая от него полный ужаса крик... Черт возьми, какой же он после этого врач! Опустошенный и злой на весь мир и себя в первую очередь хирург бегом спускался по лестнице и притормозил лишь перед выходом на первый этаж.",
episode2.archive.episode2_routes.nodes.e2_first_2_v2.blocks.0.text,"Дверь закрылась за тремя выжившими, лестница встретила их тишиной. Лишь однажды во время спуска Дэвид слышал чьи-то торопливые шаги снизу, которые быстро стихли. Третий этаж, второй, первый... Дэвид внутренне собрался, сжал крепче прут и шагнул за дверь, в коридор первого этажа.",
episode2.archive.episode2_routes.nodes.e2_first_2_v2.choices.0.text,Далее,
episode2.archive.episode2_routes.nodes.e2_first_2_v2.text,"Дверь закрылась за тремя выжившими, лестница встретила их тишиной. Лишь однажды во время спуска Дэвид слышал чьи-то торопливые шаги снизу, которые быстро стихли. Третий этаж, второй, первый... Дэвид внутренне собрался, сжал крепче прут и шагнул за дверь, в коридор первого этажа.",
episode2.archive.episode2_routes.nodes.e2_first_3.blocks.0.text,Эвакуационный выход совершенно неожиданно для Дэвида оказался закрыт снаружи. Ручки дверей были обмотаны цепями и закреплены навесным замком. Кто мог такое сделать и зачем?!,
episode2.archive.episode2_routes.nodes.e2_first_3.choices.0.text,Далее,
episode2.archive.episode2_routes.nodes.e2_first_3.choices.1.text,Далее,
episode2.archive.episode2_routes.nodes.e2_first_3.text,Эвакуационный выход совершенно неожиданно для Дэвида оказался закрыт снаружи. Ручки дверей были обмотаны цепями и закреплены навесным замком. Кто мог такое сделать и зачем?!,
episode2.archive.episode2_routes.nodes.e2_first_3_choice_15.choices.0.text,Стрелять по цепям,
episode2.archive.episode2_routes.nodes.e2_first_3_choice_15.choices.1.text,Проверить другие двери,
episode2.archive.episode2_routes.nodes.e2_first_3_choice_15.text,"Быть может, получится перебить цепи выстрелом?",
episode2.archive.episode2_routes.nodes.e2_first_3_choice_19.choices.0.text,Попробовать открыть двери,
episode2.archive.episode2_routes.nodes.e2_first_3_choice_19.choices.1.text,Проверить другие двери,
episode2.archive.episode2_routes.nodes.e2_first_3_choice_19.text,"Быть может, получится как-то сбить замок прутом?",
episode2.archive.episode2_routes.nodes.e2_first_4.blocks.0.text,"В ушах Дэвида болезненно звенело, он на некоторое время перестал слышать. Все-таки, стрелять в замкнутом помещении — то еще удовольствие.",
episode2.archive.episode2_routes.nodes.e2_first_4.choices.0.text,Далее,
episode2.archive.episode2_routes.nodes.e2_first_4.choices.1.text,Далее,
episode2.archive.episode2_routes.nodes.e2_first_4.text,"В ушах Дэвида болезненно звенело, он на некоторое время перестал слышать. Все-таки, стрелять в замкнутом помещении — то еще удовольствие.",
episode2.archive.episode2_routes.nodes.e2_first_5.blocks.0.text,"Оглушенный, Дэвид не услышал шаркающих шагов за спиной. Эта оплошность стала для него роковой.",
episode2.archive.episode2_routes.nodes.e2_first_5.choices.0.text,Далее,
episode2.archive.episode2_routes.nodes.e2_first_5.text,"Оглушенный, Дэвид не услышал шаркающих шагов за спиной. Эта оплошность стала для него роковой.",
episode2.archive.episode2_routes.nodes.e2_first_6.blocks.0.text,"Оглушенный выстрелами Дэвид не услышал бы шаркающих шагов мертвеца за своей спиной. Но его прикрывал Ник, беспощадно расправившийся с непрошенным зловещим «гостем». А потом и со своим обратившимся другом...",
episode2.archive.episode2_routes.nodes.e2_first_6.choices.0.text,Далее,
episode2.archive.episode2_routes.nodes.e2_first_6.text,"Оглушенный выстрелами Дэвид не услышал бы шаркающих шагов мертвеца за своей спиной. Но его прикрывал Ник, беспощадно расправившийся с непрошенным зловещим «гостем». А потом и со своим обратившимся другом...",
episode2.archive.episode2_routes.nodes.e2_first_7.blocks.0.text,"Пинком распахнув двери, хирург выбежал на улицу, и тут же был ослеплен светом прожектора, установленного на одном из военных Хаммеров, стоящих неподалеку. Он медленно поднял руки вверх — ребята за пулеметом тут же потеряли к нему всякий интерес. Ник сразу бросился искать ближайшую пустую машину.",
episode2.archive.episode2_routes.nodes.e2_first_7.choices.0.text,Далее,
episode2.archive.episode2_routes.nodes.e2_first_7.text,"Пинком распахнув двери, хирург выбежал на улицу, и тут же был ослеплен светом прожектора, установленного на одном из военных Хаммеров, стоящих неподалеку. Он медленно поднял руки вверх — ребята за пулеметом тут же потеряли к нему всякий интерес. Ник сразу бросился искать ближайшую пустую машину.",
episode2.archive.episode2_routes.nodes.e2_first_8.blocks.0.text,"Ник разбил боковое стекло ближайшего автомобиля, убрал осколки прутом и забрался внутрь. Он, оказывается, умел заводить двигатель без ключа!",
episode2.archive.episode2_routes.nodes.e2_first_8.choices.0.text,Далее,
episode2.archive.episode2_routes.nodes.e2_first_8.text,"Ник разбил боковое стекло ближайшего автомобиля, убрал осколки прутом и забрался внутрь. Он, оказывается, умел заводить двигатель без ключа!",
episode2.archive.episode2_routes.nodes.e2_first_9.blocks.0.text,"Все другие двери оказались закрыты и точно также скованы цепями. Дальше по коридору слышались шаги и выстрелы, и Дэвид поспешил туда. Выглянув из-за угла, он заметил вооруженных людей, яростно отбивающихся от толпы мертвецов и пытающихся прорваться к одному из выходов...",
episode2.archive.episode2_routes.nodes.e2_first_9.choices.0.text,Далее,
episode2.archive.episode2_routes.nodes.e2_first_9.text,"Все другие двери оказались закрыты и точно также скованы цепями. Дальше по коридору слышались шаги и выстрелы, и Дэвид поспешил туда. Выглянув из-за угла, он заметил вооруженных людей, яростно отбивающихся от толпы мертвецов и пытающихся прорваться к одному из выходов...",
episode2.archive.episode2_routes.nodes.e2_first_9_choice_23.choices.0.text,Бежать к военным,
episode2.archive.episode2_routes.nodes.e2_first_9_choice_23.choices.1.text,Вернуться назад,
episode2.archive.episode2_routes.nodes.e2_first_9_choice_23.text,"Стоит ли, рискуя жизнью, пытаться присоединиться к военным или все же стоит вернуться назад?",
episode2.archive.episode2_routes.nodes.e2_first_locked.blocks.0.text,Цепи и замок не поддаются. Двери закрыты снаружи.,
episode2.archive.episode2_routes.nodes.e2_first_locked.choices.0.text,Далее,
episode2.archive.episode2_routes.nodes.e2_first_locked.text,Эвакуационный выход совершенно неожиданно для Дэвида оказался закрыт снаружи. Ручки дверей были обмотаны цепями и закреплены навесным замком. Кто мог такое сделать и зачем?!,
episode2.archive.episode2_routes.nodes.e2_glock.choices.0.text,Забрать,
episode2.archive.episode2_routes.nodes.e2_glock.text,"Glock 19 Gen4, 5 патронов 9x19 мм",
episode2.archive.episode2_routes.nodes.e2_glock_friend.choices.0.text,Забрать,
episode2.archive.episode2_routes.nodes.e2_glock_friend.text,"Glock 19 Gen4, 5 патронов 9x19 мм",
episode2.archive.episode2_routes.nodes.e2_hall_1.blocks.0.text,"Дэвид шагнул за угол и понял, что в главную часть больницы ему придется идти по плохо освещенному коридору. Это серьезно давило на нервы.",
episode2.archive.episode2_routes.nodes.e2_hall_1.choices.0.text,Далее,
episode2.archive.episode2_routes.nodes.e2_hall_1.text,"Дэвид шагнул за угол и понял, что в главную часть больницы ему придется идти по плохо освещенному коридору. Это серьезно давило на нервы.",
episode2.archive.episode2_routes.nodes.e2_hall_1_v2.blocks.0.text,"Дэвид шагнул за угол и понял, что в главную часть больницы ему придется идти по плохо освещенному коридору. Он покрепче сжал рукоять пистолета, и это придало ему уверенности. Ненадолго...",
episode2.archive.episode2_routes.nodes.e2_hall_1_v2.choices.0.text,Далее,
episode2.archive.episode2_routes.nodes.e2_hall_1_v2.text,"Дэвид шагнул за угол и понял, что в главную часть больницы ему придется идти по плохо освещенному коридору. Он покрепче сжал рукоять пистолета, и это придало ему уверенности. Ненадолго...",
episode2.archive.episode2_routes.nodes.e2_hall_2.blocks.0.text,"Повсюду была кровь и разруха, как будто бы здесь прошел локальный смерч. «Странно, — подумал хирург. — Нигде не видно трупов. Зомби их что, утаскивают?»",
episode2.archive.episode2_routes.nodes.e2_hall_2.choices.0.text,Далее,
episode2.archive.episode2_routes.nodes.e2_hall_2.text,"Повсюду была кровь и разруха, как будто бы здесь прошел локальный смерч. «Странно, — подумал хирург. — Нигде не видно трупов. Зомби их что, утаскивают?»",
episode2.archive.episode2_routes.nodes.e2_hall_2_v2.blocks.0.text,"Нервно водя стволом пистолета, из стороны в сторону, Каховски медленно продвигался вперед. Иногда он слышал какие-то тихие шаги позади, но сзади вроде никого видно не было...",
episode2.archive.episode2_routes.nodes.e2_hall_2_v2.choices.0.text,Далее,
episode2.archive.episode2_routes.nodes.e2_hall_2_v2.text,"Нервно водя стволом пистолета, из стороны в сторону, Каховски медленно продвигался вперед. Иногда он слышал какие-то тихие шаги позади, но сзади вроде никого видно не было...",
episode2.archive.episode2_routes.nodes.e2_hall_3.blocks.0.text,"Дэвид дошел до холла этажа. Много раз он слышал чавканье из-за дверей. Возможно, что это и помогло ему так просто добраться практически до лестницы вниз. Но теперь это самое чавканье доносилось из-за стойки справочной... Проклятье.",
episode2.archive.episode2_routes.nodes.e2_hall_3.choices.0.text,Далее,
episode2.archive.episode2_routes.nodes.e2_hall_3.choices.1.text,Далее,
episode2.archive.episode2_routes.nodes.e2_hall_3.text,"Дэвид дошел до холла этажа. Много раз он слышал чавканье из-за дверей. Возможно, что это и помогло ему так просто добраться практически до лестницы вниз. Но теперь это самое чавканье доносилось из-за стойки справочной... Проклятье.",
episode2.archive.episode2_routes.nodes.e2_hall_3_choice_20.choices.0.text,Перепрыгнуть через стойку,
episode2.archive.episode2_routes.nodes.e2_hall_3_choice_20.choices.1.text,Тихо пройти мимо,
episode2.archive.episode2_routes.nodes.e2_hall_3_choice_20.text,С нужной Дэвиду стороны послышались какие-то звуки. Там определенно кто-то был. Что же делать...,
episode2.archive.episode2_routes.nodes.e2_hall_4.blocks.0.text,"Неожиданно за спиной у Дэвида снова раздались эти тихие шаги. Он резко обернулся, но сзади как обычно никого не оказалось. Что-то тут не так. Каховски занервничал и случайно задел ногой какой-то мусор под ногами... Чавканье за стойкой прекратилось.",
episode2.archive.episode2_routes.nodes.e2_hall_4.choices.0.text,Далее,
episode2.archive.episode2_routes.nodes.e2_hall_4.text,"Неожиданно за спиной у Дэвида снова раздались эти тихие шаги. Он резко обернулся, но сзади как обычно никого не оказалось. Что-то тут не так. Каховски занервничал и случайно задел ногой какой-то мусор под ногами... Чавканье за стойкой прекратилось.",
episode2.archive.episode2_routes.nodes.e2_hall_5.blocks.0.text,"Хирург присмотрелся получше и увидел бледную окровавленную «маску» — лицо мертвеца, показавшегося из-за стойки. Он не знал как поступить. Убить мертвеца? Звук выстрела привлечет зомби со всей больницы!",
episode2.archive.episode2_routes.nodes.e2_hall_5.choices.0.text,Далее,
episode2.archive.episode2_routes.nodes.e2_hall_5.text,"Хирург присмотрелся получше и увидел бледную окровавленную «маску» — лицо мертвеца, показавшегося из-за стойки. Он не знал как поступить. Убить мертвеца? Звук выстрела привлечет зомби со всей больницы!",
episode2.archive.episode2_routes.nodes.e2_hall_6.choices.0.text,Далее,
episode2.archive.episode2_routes.nodes.e2_hall_7.blocks.0.text,"Дэвид перемахивает через информационную стойку, хватает тяжеленный железный ящик и со всей силы обрушивает его на голову мертвеца. Он уже слышит шаркающие шаги буквально за ближайшим углом, поэтому берет все тот же ящик и бросает его в сторону, откуда только что пришел.",
episode2.archive.episode2_routes.nodes.e2_hall_7.choices.0.text,Далее,
episode2.archive.episode2_routes.nodes.e2_hall_7.text,"Дэвид перемахивает через информационную стойку, хватает тяжеленный железный ящик и со всей силы обрушивает его на голову мертвеца. Он уже слышит шаркающие шаги буквально за ближайшим углом, поэтому берет все тот же ящик и бросает его в сторону, откуда только что пришел.",
episode2.archive.episode2_routes.nodes.e2_hall_8.blocks.0.text,"Каховски, старась даже не дышать, буквально прополз мимо информационной стойки и находящегося там зомби. Свернул за угол и... тут же вынужден был чуть ли не прыгнуть за ближайщую раскрытую дверь в палату: он нос к носу столкнулся с мертвецами.",
episode2.archive.episode2_routes.nodes.e2_hall_8.choices.0.text,Далее,
episode2.archive.episode2_routes.nodes.e2_hall_8.text,"Каховски, старась даже не дышать, буквально прополз мимо информационной стойки и находящегося там зомби. Свернул за угол и... тут же вынужден был чуть ли не прыгнуть за ближайщую раскрытую дверь в палату: он нос к носу столкнулся с мертвецами.",
episode2.archive.episode2_routes.nodes.e2_hall_9.blocks.0.text,"Дэвид панически вжался в дверь, пытаясь удержать рвущихся в палату зомби. Краем глаза он уловил какое-то движение, но было слишком поздно: зомби, которого он сразу не заметил в темноте вцепился ему в плечо.",
episode2.archive.episode2_routes.nodes.e2_hall_9.choices.0.text,Далее,
episode2.archive.episode2_routes.nodes.e2_hall_9.text,"Дэвид панически вжался в дверь, пытаясь удержать рвущихся в палату зомби. Краем глаза он уловил какое-то движение, но было слишком поздно: зомби, которого он сразу не заметил в темноте вцепился ему в плечо.",
episode2.archive.episode2_routes.nodes.e2_hospital_1.blocks.0.text,"Каждый день Дэвида Каховски, врача-хирурга Центральной больницы Нью-Тауна, уже давно превратился в рутину: череда пациентов, десятки разных лиц, различных травм и увечий... Вот и это очередное утро не предвещало ничего нового... Дэвид допил свой кофе и отправился на работу.",
episode2.archive.episode2_routes.nodes.e2_hospital_1.choices.0.text,Далее,
episode2.archive.episode2_routes.nodes.e2_hospital_1.text,"Каждый день Дэвида Каховски, врача-хирурга Центральной больницы Нью-Тауна, уже давно превратился в рутину: череда пациентов, десятки разных лиц, различных травм и увечий... Вот и это очередное утро не предвещало ничего нового... Дэвид допил свой кофе и отправился на работу.",
episode2.archive.episode2_routes.nodes.e2_hospital_10.blocks.0.text,"Оружие в руках Дэвида несильно дернулось, и зомби с простреленной головой упал навзничь. Оставалось всего 4 патрона в магазине, следует быть более экономным впредь... Каховски, держа пистолет наготове, подошел к двери и немного приоткрыл ее... Из-за двери донеслись звуки борьбы и чей-то стон.",
episode2.archive.episode2_routes.nodes.e2_hospital_10.choices.0.text,Далее,
episode2.archive.episode2_routes.nodes.e2_hospital_10.text,"Оружие в руках Дэвида несильно дернулось, и зомби с простреленной головой упал навзничь. Оставалось всего 4 патрона в магазине, следует быть более экономным впредь... Каховски, держа пистолет наготове, подошел к двери и немного приоткрыл ее... Из-за двери донеслись звуки борьбы и чей-то стон.",
episode2.archive.episode2_routes.nodes.e2_hospital_11.blocks.0.text,"В коридоре Дэвид увидел парня, отчаянно пытающегося отогнать от своего раненого друга живой труп. Монстр, подобно танку, пер вперед, явно желая чуть ли не сожрать своего обидчика. Силы парня явно были уже на исходе...",
episode2.archive.episode2_routes.nodes.e2_hospital_11.choices.0.text,Далее,
episode2.archive.episode2_routes.nodes.e2_hospital_11.text,"В коридоре Дэвид увидел парня, отчаянно пытающегося отогнать от своего раненого друга живой труп. Монстр, подобно танку, пер вперед, явно желая чуть ли не сожрать своего обидчика. Силы парня явно были уже на исходе...",
episode2.archive.episode2_routes.nodes.e2_hospital_11_choice_14.choices.0.text,Застрелить мертвеца,
episode2.archive.episode2_routes.nodes.e2_hospital_11_choice_14.choices.1.text,Пробежать мимо,
episode2.archive.episode2_routes.nodes.e2_hospital_11_choice_14.text,"Увиденное на миг ошарашило хирурга, заставило того застыть в нерешительности с трясущимся пистолетом в руках: «Дэвид, спокойно. Вдох-выдох, вдох-выдох. Сколько у тебя патронов? 4? 5? Вроде 4, да?».",
episode2.archive.episode2_routes.nodes.e2_hospital_12.blocks.0.text,"Дэвид нажал на спусковой крючок, раздался выстрел, еще, и Каховски увидел, как спасаемый им парень заваливается набок с раной в груди. Вторым выстрелом хирург все-таки попал зомби в голову... Вокруг подстреленного им парнишки начала расползаться лужа крови, а из-за угла уже слышались шаркающие шаги и тихий рык. Дэвид запаниковал и кинулся назад, в сторону своего кабинета. Где-то там была расположена пожарная лестница.",
episode2.archive.episode2_routes.nodes.e2_hospital_12.choices.0.text,Далее,
episode2.archive.episode2_routes.nodes.e2_hospital_12.text,"Дэвид нажал на спусковой крючок, раздался выстрел, еще, и Каховски увидел, как спасаемый им парень заваливается набок с раной в груди. Вторым выстрелом хирург все-таки попал зомби в голову... Вокруг подстреленного им парнишки начала расползаться лужа крови, а из-за угла уже слышались шаркающие шаги и тихий рык. Дэвид запаниковал и кинулся назад, в сторону своего кабинета. Где-то там была расположена пожарная лестница.",
episode2.archive.episode2_routes.nodes.e2_hospital_13.blocks.0.text,"Примирительно выставив вперед левую руку, Дэвид начал приближаться к полицейскому. С ним явно было что-то не так: мутные глаза, дерганные движения... Твою мать! Неожиданно мужчина дернулся вперед и вцепился зубами Дэвиду в руку!",
episode2.archive.episode2_routes.nodes.e2_hospital_13.choices.0.text,Далее,
episode2.archive.episode2_routes.nodes.e2_hospital_13.text,"Примирительно выставив вперед левую руку, Дэвид начал приближаться к полицейскому. С ним явно было что-то не так: мутные глаза, дерганные движения... Твою мать! Неожиданно мужчина дернулся вперед и вцепился зубами Дэвиду в руку!",
episode2.archive.episode2_routes.nodes.e2_hospital_14.blocks.0.text,"Хирург резко отскочил, выдирая руку с мясом из зубов мертвеца, не удержал равновесия и завалился назад, цепляя провода и роняя приборы. Беспомощно барахтаясь в скоплении кабелей, Дэвид здоровой рукой пытался сдвинуть с себя тяжеленный прибор, придавивший ему грудь. Неожиданно он услышал звук падения чего-то тяжелого...",
episode2.archive.episode2_routes.nodes.e2_hospital_14.choices.0.text,Далее,
episode2.archive.episode2_routes.nodes.e2_hospital_14.text,"Хирург резко отскочил, выдирая руку с мясом из зубов мертвеца, не удержал равновесия и завалился назад, цепляя провода и роняя приборы. Беспомощно барахтаясь в скоплении кабелей, Дэвид здоровой рукой пытался сдвинуть с себя тяжеленный прибор, придавивший ему грудь. Неожиданно он услышал звук падения чего-то тяжелого...",
episode2.archive.episode2_routes.nodes.e2_hospital_15.blocks.0.text,"Щуплый Дэвид с разбегу влетел в мертвеца, сбив его с ног, и парень, впоследствии представившийся Ником, пробил ему череп длинным железным прутом. Друзья по несчастью быстро обменялись рукопожатиями, а затем Ник посоветовал побыстрее сваливать из этого склепа.",
episode2.archive.episode2_routes.nodes.e2_hospital_15.choices.0.text,Далее,
episode2.archive.episode2_routes.nodes.e2_hospital_15.choices.1.text,Далее,
episode2.archive.episode2_routes.nodes.e2_hospital_15.text,"Щуплый Дэвид с разбегу влетел в мертвеца, сбив его с ног, и парень, впоследствии представившийся Ником, пробил ему череп длинным железным прутом. Друзья по несчастью быстро обменялись рукопожатиями, а затем Ник посоветовал побыстрее сваливать из этого склепа.",
episode2.archive.episode2_routes.nodes.e2_hospital_15.variants.0.blocks.0.text,"Дэвид подбежал к мертвецу и со всей силы ударил его рукоятью пистолета в затылок. Спасенный хирургом парень завершил дело, пробив зомби череп. Друзья по несчастью быстро обменялись рукопожатиями, а затем Ник посоветовал побыстрее сваливать из этого склепа.",
episode2.archive.episode2_routes.nodes.e2_hospital_15_choice_16.choices.0.text,Вместе пойти за пистолетом,
episode2.archive.episode2_routes.nodes.e2_hospital_15_choice_16.choices.1.text,Идти к пожарной лестнице,
episode2.archive.episode2_routes.nodes.e2_hospital_15_choice_16.choices.2.text,Пробиваться сквозь зомби,
episode2.archive.episode2_routes.nodes.e2_hospital_15_choice_16.choices.3.text,Нести друга к лифту,
episode2.archive.episode2_routes.nodes.e2_hospital_15_choice_16.text,"Оказалось, что друг Ника, лежавший сейчас без сознания на полу, укушен. Ник настаивал, чтобы Дэвид помог ему донести друга до лифта или до лестницы вниз...",
episode2.archive.episode2_routes.nodes.e2_hospital_15_choice_16_1.choices.0.text,Спрятаться в операционной,
episode2.archive.episode2_routes.nodes.e2_hospital_15_choice_16_1.choices.1.text,Идти к пожарной лестнице,
episode2.archive.episode2_routes.nodes.e2_hospital_15_choice_16_1.choices.2.text,Пробиваться сквозь зомби,
episode2.archive.episode2_routes.nodes.e2_hospital_15_choice_16_1.choices.3.text,Нести друга к лифту,
episode2.archive.episode2_routes.nodes.e2_hospital_15_choice_16_1.text,"Оказалось, что друг Ника, лежавший сейчас без сознания на полу, укушен. Ник настаивал, чтобы Дэвид помог ему донести друга до лифта или до лестницы вниз...",
episode2.archive.episode2_routes.nodes.e2_hospital_16.blocks.0.text,"Вслед Дэвиду в отчаянии прокричали что-то бранное, но ему было все равно. Неожиданно он услышал приближающийся гул откуда-то сверху. Это было похоже на... Черт возьми, вертолет! Скорее всего, он прилетел за выжившими!!!",
episode2.archive.episode2_routes.nodes.e2_hospital_16.choices.0.text,Подняться на крышу,
episode2.archive.episode2_routes.nodes.e2_hospital_16.choices.1.text,Идти в главную часть больницы,
episode2.archive.episode2_routes.nodes.e2_hospital_16.choices.2.text,Идти в главную часть больницы,
episode2.archive.episode2_routes.nodes.e2_hospital_16.text,"Вслед Дэвиду в отчаянии прокричали что-то бранное, но ему было все равно. Неожиданно он услышал приближающийся гул откуда-то сверху. Это было похоже на... Черт возьми, вертолет! Скорее всего, он прилетел за выжившими!!!",
episode2.archive.episode2_routes.nodes.e2_hospital_16.variants.0.blocks.0.text,"Дэвид расправился со всеми четырьмя мертвецами, как с одним, очень легко. Но патронов теперь у хирурга не было, и он выбросил показавшийся ему бесполезным теперь пистолет. Неожиданно он услышал приближающийся гул откуда-то сверху. Это было похоже на... Вертолет! Это его шанс!",
episode2.archive.episode2_routes.nodes.e2_hospital_16.variants.1.blocks.0.text,"Теперь Дэвиду предстояло выбрать наиболее безопасный маршрут вниз, на котором он встретил бы как можно меньше зомби... Неожиданно он услышал приближающийся гул откуда-то сверху. Это было похоже на... Черт возьми, вертолет! Скорее всего, он прилетел за выжившими!!!",
episode2.archive.episode2_routes.nodes.e2_hospital_16_v3.blocks.0.text,"Теперь Дэвиду предстояло выбрать наиболее безопасный маршрут вниз, на котором он встретил бы как можно меньше зомби... Неожиданно он услышал приближающийся гул откуда-то сверху. Это было похоже на... Черт возьми, вертолет! Скорее всего, он прилетел за выжившими!!!",
episode2.archive.episode2_routes.nodes.e2_hospital_16_v3.choices.0.text,Подняться на крышу,
episode2.archive.episode2_routes.nodes.e2_hospital_16_v3.choices.1.text,Идти в главную часть больницы,
episode2.archive.episode2_routes.nodes.e2_hospital_16_v3.choices.2.text,Идти в главную часть больницы,
episode2.archive.episode2_routes.nodes.e2_hospital_16_v3.text,"Теперь Дэвиду предстояло выбрать наиболее безопасный маршрут вниз, на котором он встретил бы как можно меньше зомби... Неожиданно он услышал приближающийся гул откуда-то сверху. Это было похоже на... Черт возьми, вертолет! Скорее всего, он прилетел за выжившими!!!",
episode2.archive.episode2_routes.nodes.e2_hospital_17.blocks.0.text,"Свернув за угол, Дэвид тут же наткнулся на толпу мертвецов. Скорее всего, они шли на звук его выстрела... Что же делать?! У него, конечно, осталось как раз 4 патрона, можно убить их всех, но кто знает, что там будет впереди...",
episode2.archive.episode2_routes.nodes.e2_hospital_17.choices.0.text,Далее,
episode2.archive.episode2_routes.nodes.e2_hospital_17.text,"Свернув за угол, Дэвид тут же наткнулся на толпу мертвецов. Скорее всего, они шли на звук его выстрела... Что же делать?! У него, конечно, осталось как раз 4 патрона, можно убить их всех, но кто знает, что там будет впереди...",
episode2.archive.episode2_routes.nodes.e2_hospital_17_choice_18.choices.0.text,Застрелить зомби,
episode2.archive.episode2_routes.nodes.e2_hospital_17_choice_18.choices.1.text,Вернуться и помочь парню,
episode2.archive.episode2_routes.nodes.e2_hospital_17_choice_18.choices.2.text,Бежать к пожарной лестнице,
episode2.archive.episode2_routes.nodes.e2_hospital_17_choice_18.text,"А не переоценивает ли Дэвид свои силы вообще? 4 патрона, 4 мертвеца и один Рэмбо — все обстояло примерно так. Хирург нервно поежился.",
episode2.archive.episode2_routes.nodes.e2_hospital_17_v2.blocks.0.text,"Несколькими этажами ниже слышались редкие автоматные очереди. Это наверняка были военные! Парни решили попытаться пробиться к ним: Ник несет своего раненого друга, а Дэвид по мере сил разбирается с зомби, которые попадутся им на пути.",
episode2.archive.episode2_routes.nodes.e2_hospital_17_v2.choices.0.text,Далее,
episode2.archive.episode2_routes.nodes.e2_hospital_17_v2.text,"Несколькими этажами ниже слышались редкие автоматные очереди. Это наверняка были военные! Парни решили попытаться пробиться к ним: Ник несет своего раненого друга, а Дэвид по мере сил разбирается с зомби, которые попадутся им на пути.",
episode2.archive.episode2_routes.nodes.e2_hospital_18.choices.0.text,Далее,
episode2.archive.episode2_routes.nodes.e2_hospital_19.blocks.0.text,"Неожиданно друг Ника открыл глаза. Мертвые, без зрачков. Дэвид уже точно знал, что он должен сделать. Он поднял дрожащую руку с пистолетом... Ник отвернулся.",
episode2.archive.episode2_routes.nodes.e2_hospital_19.choices.0.text,Далее,
episode2.archive.episode2_routes.nodes.e2_hospital_19.text,"Неожиданно друг Ника открыл глаза. Мертвые, без зрачков. Дэвид уже точно знал, что он должен сделать. Он поднял дрожащую руку с пистолетом... Ник отвернулся.",
episode2.archive.episode2_routes.nodes.e2_hospital_2.blocks.0.text,"Работа шла своим чередом, спокойно и ненапряжно: несложные операции Дэвид не проводил, оставляя данную возможность своим менее опытным коллегам. Однако, все перевернулось с ног на голову, когда в больницу привезли раненого полицейского со следами укусов и множеством огнестрельных ранений.",
episode2.archive.episode2_routes.nodes.e2_hospital_2.choices.0.text,Далее,
episode2.archive.episode2_routes.nodes.e2_hospital_2.text,"Работа шла своим чередом, спокойно и ненапряжно: несложные операции Дэвид не проводил, оставляя данную возможность своим менее опытным коллегам. Однако, все перевернулось с ног на голову, когда в больницу привезли раненого полицейского со следами укусов и множеством огнестрельных ранений.",
episode2.archive.episode2_routes.nodes.e2_hospital_20.blocks.0.text,"Прозвучал выстрел, и... Шаги... Множество шаркающих шагов раздавалось по ту сторону двери. Теперь они в западне. За этой старой и хлипкой дверью, которую почему-то не стали менять во время недавнего ремонта, их ждет смерть. И чем больше пройдет времени, тем больше мертвецов придет на шум. Думай, Дэвид, думай!",
episode2.archive.episode2_routes.nodes.e2_hospital_20.choices.0.text,Далее,
episode2.archive.episode2_routes.nodes.e2_hospital_20.text,"Прозвучал выстрел, и... Шаги... Множество шаркающих шагов раздавалось по ту сторону двери. Теперь они в западне. За этой старой и хлипкой дверью, которую почему-то не стали менять во время недавнего ремонта, их ждет смерть. И чем больше пройдет времени, тем больше мертвецов придет на шум. Думай, Дэвид, думай!",
episode2.archive.episode2_routes.nodes.e2_hospital_3.blocks.0.text,"Ранения были серьезные, но не смертельные. Дэвид быстро достал пули, зашил раны и обработал странные укусы, похожие чуть ли не на человеческие...",
episode2.archive.episode2_routes.nodes.e2_hospital_3.choices.0.text,Далее,
episode2.archive.episode2_routes.nodes.e2_hospital_3.text,"Ранения были серьезные, но не смертельные. Дэвид быстро достал пули, зашил раны и обработал странные укусы, похожие чуть ли не на человеческие...",
episode2.archive.episode2_routes.nodes.e2_hospital_4.blocks.0.text,"Неожиданно пациенту резко стало хуже, сердце остановилось в считанные секунды, и никакие приборы не помогли запустить его вновь. Коллеги Дэвида констатировали смерть пациента и вышли «перекурить». Каховски же остался в операционной, в расстроенных чувствах перебирая в голове недавние действия, пытаясь найти свою ошибку. Смерть на его столе была редкой гостьей...",
episode2.archive.episode2_routes.nodes.e2_hospital_4.choices.0.text,Далее,
episode2.archive.episode2_routes.nodes.e2_hospital_4.text,"Неожиданно пациенту резко стало хуже, сердце остановилось в считанные секунды, и никакие приборы не помогли запустить его вновь. Коллеги Дэвида констатировали смерть пациента и вышли «перекурить». Каховски же остался в операционной, в расстроенных чувствах перебирая в голове недавние действия, пытаясь найти свою ошибку. Смерть на его столе была редкой гостьей...",
episode2.archive.episode2_routes.nodes.e2_hospital_5.blocks.0.text,"За дверью кто-то пронзительно закричал, послышался звон стекла. Дэвид уже хотел было выйти и проверить в чем дело, но тут его внимание привлекло движение в районе операционного стола... Еще недавно не подававший признаков жизни пациент двигался. Хирург застыл в нерешительности.",
episode2.archive.episode2_routes.nodes.e2_hospital_5.choices.0.text,Далее,
episode2.archive.episode2_routes.nodes.e2_hospital_5.text,"За дверью кто-то пронзительно закричал, послышался звон стекла. Дэвид уже хотел было выйти и проверить в чем дело, но тут его внимание привлекло движение в районе операционного стола... Еще недавно не подававший признаков жизни пациент двигался. Хирург застыл в нерешительности.",
episode2.archive.episode2_routes.nodes.e2_hospital_5_choice_11.choices.0.text,Достать пистолет,
episode2.archive.episode2_routes.nodes.e2_hospital_5_choice_11.choices.1.text,Попытаться помочь пациенту,
episode2.archive.episode2_routes.nodes.e2_hospital_5_choice_11.choices.2.text,Выйти и позвать помощь,
episode2.archive.episode2_routes.nodes.e2_hospital_5_choice_11.text,"В интернете Дэвид читал о подобных случаях, начавшихся недавно в России. На спинке стула около него висела кобура с пистолетом полицейского... Но вдруг он ошибается?",
episode2.archive.episode2_routes.nodes.e2_hospital_6.blocks.0.text,"Дэвид, быстро пятясь к двери, услышал за ней какие-то странные звуки: топот ног, крики, пару раз с нижних этажей прозвучали выстрелы. Осторожно выскользнув в коридор, он увидел парня, пытающего отогнать окровавленный труп от своего раненого друга. Да что здесь происходит?!",
episode2.archive.episode2_routes.nodes.e2_hospital_6.choices.0.text,Далее,
episode2.archive.episode2_routes.nodes.e2_hospital_6.text,"Дэвид, быстро пятясь к двери, услышал за ней какие-то странные звуки: топот ног, крики, пару раз с нижних этажей прозвучали выстрелы. Осторожно выскользнув в коридор, он увидел парня, пытающего отогнать окровавленный труп от своего раненого друга. Да что здесь происходит?!",
episode2.archive.episode2_routes.nodes.e2_hospital_6_choice_12.choices.0.text,Вернуться за пистолетом,
episode2.archive.episode2_routes.nodes.e2_hospital_6_choice_12.choices.1.text,Помочь парню,
episode2.archive.episode2_routes.nodes.e2_hospital_6_choice_12.choices.2.text,Пробежать мимо,
episode2.archive.episode2_routes.nodes.e2_hospital_6_choice_12.text,"Черт возьми, почему он не взял пистолет? Быть может, стоит все-таки за ним вернуться?",
episode2.archive.episode2_routes.nodes.e2_hospital_7.blocks.0.text,"Новые знакомые подтащили бессознательное тело друга Ника к двери операционной, и Дэвид начал медленно открывать дверь. Ник терпеливо ждал, сжимая в руках свое оружие...",
episode2.archive.episode2_routes.nodes.e2_hospital_7.choices.0.text,Далее,
episode2.archive.episode2_routes.nodes.e2_hospital_7.text,"Новые знакомые подтащили бессознательное тело друга Ника к двери операционной, и Дэвид начал медленно открывать дверь. Ник терпеливо ждал, сжимая в руках свое оружие...",
episode2.archive.episode2_routes.nodes.e2_hospital_7_v2.blocks.0.text,"Дэвид тихонько приоткрыл дверь и заглянул в операционную: зомби (этих существ обычно так называли в фильмах) на столе не было. Хирург медленно, стараясь не привлечь к себе внимание, начал осматривать помещение. Неожиданно он услышал громкий шорох прямо за дверью...",
episode2.archive.episode2_routes.nodes.e2_hospital_7_v2.choices.0.text,Далее,
episode2.archive.episode2_routes.nodes.e2_hospital_7_v2.text,"Дэвид тихонько приоткрыл дверь и заглянул в операционную: зомби (этих существ обычно так называли в фильмах) на столе не было. Хирург медленно, стараясь не привлечь к себе внимание, начал осматривать помещение. Неожиданно он услышал громкий шорох прямо за дверью...",
episode2.archive.episode2_routes.nodes.e2_hospital_8.blocks.0.text,"В следующий момент в дверь с обратной стороны ударило что-то тяжелое, и Дэвид резко рванул ручку на себя. Мертвец упал на пол, и тут же получил дыру в черепе от Ника. Два друга по несчастью втащили третьего в операционную, захлопнули за собой дверь и без сил осели на пол.",
episode2.archive.episode2_routes.nodes.e2_hospital_8.choices.0.text,Далее,
episode2.archive.episode2_routes.nodes.e2_hospital_8.text,"В следующий момент в дверь с обратной стороны ударило что-то тяжелое, и Дэвид резко рванул ручку на себя. Мертвец упал на пол, и тут же получил дыру в черепе от Ника. Два друга по несчастью втащили третьего в операционную, захлопнули за собой дверь и без сил осели на пол.",
episode2.archive.episode2_routes.nodes.e2_hospital_8_v2.blocks.0.text,"В следующий момент в дверь с обратной стороны ударило что-то тяжелое, и Дэвид, не ожидавший от живого трупа такой прыти, в панике отскочил назад, споткнулся об стоящее сзади инвалидное кресло и полетел на пол. Острый край скамьи завершил его падение...",
episode2.archive.episode2_routes.nodes.e2_hospital_8_v2.choices.0.text,Далее,
episode2.archive.episode2_routes.nodes.e2_hospital_8_v2.text,"В следующий момент в дверь с обратной стороны ударило что-то тяжелое, и Дэвид, не ожидавший от живого трупа такой прыти, в панике отскочил назад, споткнулся об стоящее сзади инвалидное кресло и полетел на пол. Острый край скамьи завершил его падение...",
episode2.archive.episode2_routes.nodes.e2_hospital_9.blocks.0.text,"Дэвид в последний раз держал в руках оружие очень давно, и теперь ствол в его руках с непривычки ходил ходуном, сам он был весь в холодном поту. А еще он так и не решил, стоит ли нажимать на курок. Он нутром чувствовал — нельзя шуметь. В этот момент из другого конца коридора донесся полный животного ужаса крик...",
episode2.archive.episode2_routes.nodes.e2_hospital_9.choices.0.text,Далее,
episode2.archive.episode2_routes.nodes.e2_hospital_9.text,"Дэвид в последний раз держал в руках оружие очень давно, и теперь ствол в его руках с непривычки ходил ходуном, сам он был весь в холодном поту. А еще он так и не решил, стоит ли нажимать на курок. Он нутром чувствовал — нельзя шуметь. В этот момент из другого конца коридора донесся полный животного ужаса крик...",
episode2.archive.episode2_routes.nodes.e2_hospital_9_choice_13.choices.0.text,Стрелять в зомби,
episode2.archive.episode2_routes.nodes.e2_hospital_9_choice_13.choices.1.text,Закрыть кабинет снаружи,
episode2.archive.episode2_routes.nodes.e2_hospital_9_choice_13.text,"Мертвец был уже совсем близко. Даже Дэвид уже не сможет промахнуться и попадет ему в голову, как учили фильмы и сводки русских новостей. Решайся же, Каховски!",
episode2.archive.episode2_routes.nodes.e2_lift_1.blocks.0.text,"Маленький отряд Дэвида кое-как добрался до лифтов. По дороге пришлось прикончить парочку живых трупов, но им это было уже не впервой. Раненого положили прямо на пол, и Ник нажал на клавишу вызова.",
episode2.archive.episode2_routes.nodes.e2_lift_1.choices.0.text,Далее,
episode2.archive.episode2_routes.nodes.e2_lift_1.text,"Маленький отряд Дэвида кое-как добрался до лифтов. По дороге пришлось прикончить парочку живых трупов, но им это было уже не впервой. Раненого положили прямо на пол, и Ник нажал на клавишу вызова.",
episode2.archive.episode2_routes.nodes.e2_lift_1_v2.blocks.0.text,"Дэвид осторожно подошел к створкам лифта и прислушался. На первый взгляд все было тихо, только грохотал пулемет внизу. Хирург нажал кнопку вызова.",
episode2.archive.episode2_routes.nodes.e2_lift_1_v2.choices.0.text,Далее,
episode2.archive.episode2_routes.nodes.e2_lift_1_v2.text,"Дэвид осторожно подошел к створкам лифта и прислушался. На первый взгляд все было тихо, только грохотал пулемет внизу. Хирург нажал кнопку вызова.",
episode2.archive.episode2_routes.nodes.e2_lift_2.blocks.0.text,"Внизу неспешно загудел лифт, поднимаясь на нужный этаж. Неужели они выберутся? Дэвид взял Дина под руки, Ник взялся за его ноги. Лифт был уже совсем рядом...",
episode2.archive.episode2_routes.nodes.e2_lift_2.choices.0.text,Далее,
episode2.archive.episode2_routes.nodes.e2_lift_2.text,"Внизу неспешно загудел лифт, поднимаясь на нужный этаж. Неужели они выберутся? Дэвид взял Дина под руки, Ник взялся за его ноги. Лифт был уже совсем рядом...",
episode2.archive.episode2_routes.nodes.e2_lift_2_v2.blocks.0.text,"Внизу неспешно загудел лифт, поднимаясь на нужный этаж. Дэвид пока так и не решил: поедет ли он сразу на первый этаж или же выйдет раньше, чтобы объединиться с теми, кто сейчас яростно отстреливался несколькими этажами ниже.",
episode2.archive.episode2_routes.nodes.e2_lift_2_v2.choices.0.text,Далее,
episode2.archive.episode2_routes.nodes.e2_lift_2_v2.text,"Внизу неспешно загудел лифт, поднимаясь на нужный этаж. Дэвид пока так и не решил: поедет ли он сразу на первый этаж или же выйдет раньше, чтобы объединиться с теми, кто сейчас яростно отстреливался несколькими этажами ниже.",
episode2.archive.episode2_routes.nodes.e2_lift_3.choices.0.text,Далее,
episode2.archive.episode2_routes.nodes.e2_lift_3_v2.choices.0.text,Далее,
episode2.archive.episode2_routes.nodes.e2_main_1.blocks.0.text,"Как Дэвид умудрился преодолеть целое больничное крыло — он не помнил. В приступе животного ужаса хирург бежал так, как никогда не бегал. И теперь Дэвид стоял, оперевшись на стену, и пытался прийти в себя. Ужасно кружилась голова от перенапряжения. Но надо идти дальше...",
episode2.archive.episode2_routes.nodes.e2_main_1.choices.0.text,Спуститься по лестнице,
episode2.archive.episode2_routes.nodes.e2_main_1.choices.1.text,Вызвать лифт,
episode2.archive.episode2_routes.nodes.e2_main_1.text,"Как Дэвид умудрился преодолеть целое больничное крыло — он не помнил. В приступе животного ужаса хирург бежал так, как никогда не бегал. И теперь Дэвид стоял, оперевшись на стену, и пытался прийти в себя. Ужасно кружилась голова от перенапряжения. Но надо идти дальше...",
episode2.archive.episode2_routes.nodes.e2_main_10.blocks.0.text,"Вылетев на улицу, небольшой отряд, в котором находился Дэвид, тут же рванул к припаркованному неподалеку темному фургону. Преследующие людей зомби то и дело падали, их координация все же была несравнима с человеческой. Этот факт и не прекращающийся огонь бойцов — все это помогло почти всем погрузиться в фургон.",
episode2.archive.episode2_routes.nodes.e2_main_10.choices.0.text,Далее,
episode2.archive.episode2_routes.nodes.e2_main_10.text,"Вылетев на улицу, небольшой отряд, в котором находился Дэвид, тут же рванул к припаркованному неподалеку темному фургону. Преследующие людей зомби то и дело падали, их координация все же была несравнима с человеческой. Этот факт и не прекращающийся огонь бойцов — все это помогло почти всем погрузиться в фургон.",
episode2.archive.episode2_routes.nodes.e2_main_11.choices.0.text,Далее,
episode2.archive.episode2_routes.nodes.e2_main_1_v2.blocks.0.text,"Подождав, пока шаги мертвецов затихнут в конце коридора, хирург вышел из-за стойки и направился по направлению к лестнице. Он хотел спуститься туда, где недавно слышались выстрелы автоматического оружия.",
episode2.archive.episode2_routes.nodes.e2_main_1_v2.choices.0.text,Спуститься по лестнице,
episode2.archive.episode2_routes.nodes.e2_main_1_v2.choices.1.text,Вызвать лифт,
episode2.archive.episode2_routes.nodes.e2_main_1_v2.text,"Подождав, пока шаги мертвецов затихнут в конце коридора, хирург вышел из-за стойки и направился по направлению к лестнице. Он хотел спуститься туда, где недавно слышались выстрелы автоматического оружия.",
episode2.archive.episode2_routes.nodes.e2_main_1_v3.blocks.0.text,"В приступе животного страха Дэвид пробежал через все больничное крыло. В конце концов он, тяжело дыша, согнулся в попытке отдышаться. «Черт, как же кружится голова... Еще и патронов нет теперь. Проклятье!». Ставший бесполезным пистолет Дэвид просто выбросил, чтобы тот не оттягивал руки.",
episode2.archive.episode2_routes.nodes.e2_main_1_v3.choices.0.text,Спуститься по лестнице,
episode2.archive.episode2_routes.nodes.e2_main_1_v3.choices.1.text,Вызвать лифт,
episode2.archive.episode2_routes.nodes.e2_main_1_v3.text,"В приступе животного страха Дэвид пробежал через все больничное крыло. В конце концов он, тяжело дыша, согнулся в попытке отдышаться. «Черт, как же кружится голова... Еще и патронов нет теперь. Проклятье!». Ставший бесполезным пистолет Дэвид просто выбросил, чтобы тот не оттягивал руки.",
episode2.archive.episode2_routes.nodes.e2_main_2.blocks.0.text,"Подходя к лестнице, Дэвид услышал бряцанье оружия буквально этажом ниже. «Эй! Вы меня слышите? Там, внизу!» — позвал Каховски, увидев вооруженных бойцов какого-то спецподразделения. Его услышали, подпустили поближе и буквально с ног до головы обсветили фонарем — сюрпризы были никому не нужны.",
episode2.archive.episode2_routes.nodes.e2_main_2.choices.0.text,Далее,
episode2.archive.episode2_routes.nodes.e2_main_2.text,"Подходя к лестнице, Дэвид услышал бряцанье оружия буквально этажом ниже. «Эй! Вы меня слышите? Там, внизу!» — позвал Каховски, увидев вооруженных бойцов какого-то спецподразделения. Его услышали, подпустили поближе и буквально с ног до головы обсветили фонарем — сюрпризы были никому не нужны.",
episode2.archive.episode2_routes.nodes.e2_main_3.blocks.0.text,"Света на лестнице не было. Это усложняло задачу бойцам, двигавшимся к одному из пожарных выходов. По главному же выходу сейчас работали крупнокалиберные пулеметы, выкашивая прущих из больницы мертвецов.",
episode2.archive.episode2_routes.nodes.e2_main_3.choices.0.text,Далее,
episode2.archive.episode2_routes.nodes.e2_main_3.text,"Света на лестнице не было. Это усложняло задачу бойцам, двигавшимся к одному из пожарных выходов. По главному же выходу сейчас работали крупнокалиберные пулеметы, выкашивая прущих из больницы мертвецов.",
episode2.archive.episode2_routes.nodes.e2_main_3_choice_21.choices.0.text,Попросить пистолет у бойца,
episode2.archive.episode2_routes.nodes.e2_main_3_choice_21.choices.1.text,Идти в середине группы,
episode2.archive.episode2_routes.nodes.e2_main_3_choice_21.text,"Быть может, стоит попросить какое-нибудь оружие у одного из бойцов? Тогда Дэвид был бы хоть немного полезен группе.",
episode2.archive.episode2_routes.nodes.e2_main_4.blocks.0.text,"Иногда то с одной стороны, то с другой на отряд набредали мертвые, но спецназ четко и слажено устранял угрозу. Короткие автоматические ружья (Дэвид никогда не разбирался в оружии), которыми были вооружены бойцы, идеально подходили для таких боев.",
episode2.archive.episode2_routes.nodes.e2_main_4.choices.0.text,Далее,
episode2.archive.episode2_routes.nodes.e2_main_4.text,"Иногда то с одной стороны, то с другой на отряд набредали мертвые, но спецназ четко и слажено устранял угрозу. Короткие автоматические ружья (Дэвид никогда не разбирался в оружии), которыми были вооружены бойцы, идеально подходили для таких боев.",
episode2.archive.episode2_routes.nodes.e2_main_5.blocks.0.text,Бойцы авангарда группы подошли к выходу на первый этаж и тут же уткнулись в гору трупов. Здесь спецназ впервые столкнулся с зомби. И понес первые потери.,
episode2.archive.episode2_routes.nodes.e2_main_5.choices.0.text,Далее,
episode2.archive.episode2_routes.nodes.e2_main_5.text,Бойцы авангарда группы подошли к выходу на первый этаж и тут же уткнулись в гору трупов. Здесь спецназ впервые столкнулся с зомби. И понес первые потери.,
episode2.archive.episode2_routes.nodes.e2_main_6.blocks.0.text,"Двери пожарного выхода оказалась закрыта снаружи, ручки с обратной стороны были перемотаны цепями, но спецназ знал об этом — это было частью плана. Командир отряда приказал использовать взрывчатку, чтобы разделаться с препятствием.",
episode2.archive.episode2_routes.nodes.e2_main_6.choices.0.text,Далее,
episode2.archive.episode2_routes.nodes.e2_main_6.text,"Двери пожарного выхода оказалась закрыта снаружи, ручки с обратной стороны были перемотаны цепями, но спецназ знал об этом — это было частью плана. Командир отряда приказал использовать взрывчатку, чтобы разделаться с препятствием.",
episode2.archive.episode2_routes.nodes.e2_main_7.blocks.0.text,"Все были заняты своими обязанностями, поэтому лишь Дэвид заметил, как один из бойцов сел на одно колено, как будто завязывая шнурки. Вдруг его передернуло, а затем из глаз, носа и ушей хлынула кровь. Все это происходило удивительно быстро...",
episode2.archive.episode2_routes.nodes.e2_main_7.choices.0.text,Далее,
episode2.archive.episode2_routes.nodes.e2_main_7.text,"Все были заняты своими обязанностями, поэтому лишь Дэвид заметил, как один из бойцов сел на одно колено, как будто завязывая шнурки. Вдруг его передернуло, а затем из глаз, носа и ушей хлынула кровь. Все это происходило удивительно быстро...",
episode2.archive.episode2_routes.nodes.e2_main_7_choice_22.choices.0.text,Свалить мертвеца,
episode2.archive.episode2_routes.nodes.e2_main_7_choice_22.choices.1.text,Поднять тревогу,
episode2.archive.episode2_routes.nodes.e2_main_7_choice_22.choices.2.text,Застрелить обратившегося,
episode2.archive.episode2_routes.nodes.e2_main_7_choice_22.text,"На первом этаже, как сказал командир группы, количество мертвецов просто неимоверное. Шум здесь может привлечь их внимание...",
episode2.archive.episode2_routes.nodes.e2_main_8.blocks.0.text,"Все всё поняли без слов. В следующий момент боец, контролировавший лестницу примчался, крича: «Много, очень! Готовьтесь!». Спецназовцы, все как один, направили стволы в темный проход коридора и...",
episode2.archive.episode2_routes.nodes.e2_main_8.choices.0.text,Далее,
episode2.archive.episode2_routes.nodes.e2_main_8.text,"Все всё поняли без слов. В следующий момент боец, контролировавший лестницу примчался, крича: «Много, очень! Готовьтесь!». Спецназовцы, все как один, направили стволы в темный проход коридора и...",
episode2.archive.episode2_routes.nodes.e2_main_9.blocks.0.text,"Послышался взрыв, створки двери с треском распахнулись под ударом армейского сапога, и отряд ринулся на улицу. Замыкающие бойцы еще какое-то время яростно поливали прущих зомби свинцом, но затем и они рванули следом.",
episode2.archive.episode2_routes.nodes.e2_main_9.choices.0.text,Далее,
episode2.archive.episode2_routes.nodes.e2_main_9.text,"Послышался взрыв, створки двери с треском распахнулись под ударом армейского сапога, и отряд ринулся на улицу. Замыкающие бойцы еще какое-то время яростно поливали прущих зомби свинцом, но затем и они рванули следом.",
episode2.archive.episode2_routes.nodes.e2_mark23.choices.0.text,Забрать,
episode2.archive.episode2_routes.nodes.e2_mark23.text,"Mark 23, 12 патронов .45 ACP",
episode2.archive.episode2_routes.nodes.e2_result_33.text,"Гениальный хирург Дэвид Каховски был съеден собственным пациентом, как и встреченные им бедные парни, которые так и не смогли отбиться от все пребывающей толпы живых трупов.",
episode2.archive.episode2_routes.nodes.e2_result_34.text,"Зомби вырвал кусок плоти из руки Дэвида, перекусив артерию. Пульсирующая алая кровь стала заливать пол. Погребенный под кучей проводов и приборов Дэвид Каховски был уже не жилец.",
episode2.archive.episode2_routes.nodes.e2_result_35.text,"Прошло несколько часов. Ник отключился, добитый смертью своего друга, а Дэвид лежал на операционном столе и, прикрыв глаза, думал о родителях. Как они там? Станции сотовой связи еще работали, и хирург вот уже в десятый раз прослушивал сообщение о «недоступности абонента»... В это же время черный вертолет без каких-либо опознавательных знаков коршуном завис над погибающим городом.",
episode2.archive.episode2_routes.nodes.e2_result_36.text,"Лифт был большим и просторным. Казалось бы, если он приехал, значит он пустой. Дэвид ошибся. Двери открылись и многоголосый вой и рык разорвали тишину больницы. Убежать не успел никто.",
episode2.archive.episode2_routes.nodes.e2_result_37.text,"Стоящий на ступеньках мертвец дернулся в сторону Дэвида, оступился и полетел вниз. Каховски не успел среагировать и свалился на пол, придавленный тяжеленным зомби. Зубы мертвеца прокусили халат Дэвида, впились ему в бок и тишину больницы разорвал полный ужаса крик. А сверху уже приближались новые мертвецы. Еще секунды и...",
episode2.archive.episode2_routes.nodes.e2_result_38.text,"Спустя некоторое время винтокрылая машина SH-60 Seahawk оторвалась от крыши больницы, и Дэвид полетел прочь от этого склепа, где он еще сегодня работал. Дэвид Каховски был спасен.",
episode2.archive.episode2_routes.nodes.e2_result_39.text,"Дэвид Каховски застрелен пулеметчиком, принявшим его за мертвеца.",
episode2.archive.episode2_routes.nodes.e2_result_40.text,"Сзади послышались быстрые шаги, и Дэвид понял, что не успевает обернуться... Взмах, затем удар, он провалился в темноту. Он был прав, когда думал, что кто-то его преследует. Он даже догадывался, кто это был... Все же надо было помочь парню.",
episode2.archive.episode2_routes.nodes.e2_result_41.text,"Дэвид отскочил от двери, пытаясь оказаться как можно дальше от этих безумных глаз и окровавленных зубов, и в комнату хлынули мертвецы. У хирурга не было шансов выжить.",
episode2.archive.episode2_routes.nodes.e2_result_42.text,"Мертвецы оказались сразу всюду: они выбегали из дверей кабинетов, вываливались с лестницы, перли из коридоров. Сначала у Дэвида еще была надежда, что они отобьются, но она очень быстро угасла, когда то у одного, то другого бойца спецназа стали заканчиваться патроны в магазине...",
episode2.archive.episode2_routes.nodes.e2_result_43.text,"Водитель вдавил педаль газа в пол, и темный фургон с надписью «SWAT» на борту рванул прочь от больницы. Дэвид с облегчением откинулся на спинку сидения... Он был спасен! Он жив!",
episode2.archive.episode2_routes.nodes.e2_result_44.text,"Дэвид пригвоздил мертвеца к земле и собирался уже размозжить ему череп, но один из бойцов, не разобравшись в том, что происходит, врезал хирургу в висок прикладом, от чего тот потерял сознание и был тут же укушен вырвавшимся зомби. То, как толпа живых трупов смела спецназовцев, Дэвид уже не видел...",
episode2.archive.episode2_routes.nodes.e2_result_45.text,"Лифт был уже практически рядом, и Дэвид подошел вплотную к дверям, чтобы побыстрее оказаться внутри, ведь на шум могли прийти мертвецы. Лифт оказался не пустым... Каховски совершенно не ожидал, что там мог кто-то находиться. Тем более, толпа живых трупов.",
episode2.archive.episode2_routes.nodes.e2_result_46.text,Мертвец набросился на Дэвида и укусил его. Крики хирурга привлекли других зомби. Спасение было близко...,
episode2.archive.episode2_routes.nodes.e2_result_47.text,"Прошло несколько минут, и под капотом машины заурчало. Дэвид, прикрывавший своего нового напарника на улице, также разбил стекло, уселся на пассажирское сидение и автомобиль рванулся прочь из города.",
episode2.archive.episode2_routes.nodes.e2_result_48.text,Пистолет в руках бойца выпустил на волю смертельный кусочек свинца... Для Дэвида борьба за жизнь была окончена.,
episode2.archive.episode2_routes.nodes.e2_result_49.text,"Из окна было видно, что военные подогнали уже несколько танков к больнице. На улице что-то громко ухнуло, и стена рядом с которой находился Дэвид взорвалась, во все стороны полетели осколки стекла и куски бетона. Хирург погиб под завалами.",
episode2.archive.episode2_routes.nodes.e2_roof_1.blocks.0.text,"Дэвид очень боялся, что вертолет улетит, поэтому бежал изо всех сил, отскакивая от появляющихся из-за дверей палат зомби. Только добежав до лестницы, он позволил себе короткую передышку... Снизу к нему уже поднимались мертвые, неуклюже передвигая конечностями.",
episode2.archive.episode2_routes.nodes.e2_roof_1.choices.0.text,Далее,
episode2.archive.episode2_routes.nodes.e2_roof_1.text,"Дэвид очень боялся, что вертолет улетит, поэтому бежал изо всех сил, отскакивая от появляющихся из-за дверей палат зомби. Только добежав до лестницы, он позволил себе короткую передышку... Снизу к нему уже поднимались мертвые, неуклюже передвигая конечностями.",
episode2.archive.episode2_routes.nodes.e2_roof_10.blocks.0.text,"Дэвид распахнул дверь наружу и сразу увидел ствол крупнокалиберного пулемета, повернутый в его сторону. Он поднял руки вверх и медленно, не делая резких движений и крича что-то о том, что он человек, начал приближаться к вертолету.",
episode2.archive.episode2_routes.nodes.e2_roof_10.choices.0.text,Далее,
episode2.archive.episode2_routes.nodes.e2_roof_10.text,"Дэвид распахнул дверь наружу и сразу увидел ствол крупнокалиберного пулемета, повернутый в его сторону. Он поднял руки вверх и медленно, не делая резких движений и крича что-то о том, что он человек, начал приближаться к вертолету.",
episode2.archive.episode2_routes.nodes.e2_roof_11.blocks.0.text,"После того, как Дэвида бегло проверили на наличие укусов, царапин и прочего, его пустили в вертолет. Там уже находились спасенные военными люди. Из разговоров хирург узнал, что бойцы прибыли с ближайшей военной базы.",
episode2.archive.episode2_routes.nodes.e2_roof_11.choices.0.text,Далее,
episode2.archive.episode2_routes.nodes.e2_roof_11.text,"После того, как Дэвида бегло проверили на наличие укусов, царапин и прочего, его пустили в вертолет. Там уже находились спасенные военными люди. Из разговоров хирург узнал, что бойцы прибыли с ближайшей военной базы.",
episode2.archive.episode2_routes.nodes.e2_roof_12.blocks.0.text,"Дверь на крышу распахнулась и из-за нее показалось окровавленное существо, ревущее что-то нечленораздельное. Дэвиду очень тяжело дался бой с этой толпой. Он чудом выбрался. Чудом! Но стрелок вертолета не хотел рисковать. Щелчок, и патроны пятидесятого калибра рвут тело на части...",
episode2.archive.episode2_routes.nodes.e2_roof_12.choices.0.text,Далее,
episode2.archive.episode2_routes.nodes.e2_roof_12.text,"Дверь на крышу распахнулась и из-за нее показалось окровавленное существо, ревущее что-то нечленораздельное. Дэвиду очень тяжело дался бой с этой толпой. Он чудом выбрался. Чудом! Но стрелок вертолета не хотел рисковать. Щелчок, и патроны пятидесятого калибра рвут тело на части...",
episode2.archive.episode2_routes.nodes.e2_roof_2.blocks.0.text,"Почему на лестнице так темно? Ну вот почему так не вовремя ремонт то этот... Вчера же должны были закончить! Дэвид изо всех сил напрягал глаза и слух, чтобы в этом полумраке неожиданно не наткнуться на что-нибудь. Мертвое.",
episode2.archive.episode2_routes.nodes.e2_roof_2.choices.0.text,Далее,
episode2.archive.episode2_routes.nodes.e2_roof_2.text,"Почему на лестнице так темно? Ну вот почему так не вовремя ремонт то этот... Вчера же должны были закончить! Дэвид изо всех сил напрягал глаза и слух, чтобы в этом полумраке неожиданно не наткнуться на что-нибудь. Мертвое.",
episode2.archive.episode2_routes.nodes.e2_roof_3.blocks.0.text,"Поворот, еще... Вроде все тихо. Поворот. Черт, черт, черт! Каховски инстинктивно отпрянул от ползущего на него вниз по лестнице окровавленного зомби, бывшего когда-то девушкой.",
episode2.archive.episode2_routes.nodes.e2_roof_3.choices.0.text,Далее,
episode2.archive.episode2_routes.nodes.e2_roof_3.choices.1.text,Далее,
episode2.archive.episode2_routes.nodes.e2_roof_3.text,"Поворот, еще... Вроде все тихо. Поворот. Черт, черт, черт! Каховски инстинктивно отпрянул от ползущего на него вниз по лестнице окровавленного зомби, бывшего когда-то девушкой.",
episode2.archive.episode2_routes.nodes.e2_roof_3_choice_17.choices.0.text,Застрелить зомби,
episode2.archive.episode2_routes.nodes.e2_roof_3_choice_17.choices.1.text,Перепрыгнуть через мертвеца,
episode2.archive.episode2_routes.nodes.e2_roof_3_choice_17.text,"Дэвиду так не хотелось шуметь, стреляя из пистолета, но и оставлять за собой это существо было не лучшей идеей.",
episode2.archive.episode2_routes.nodes.e2_roof_4.choices.0.text,Далее,
episode2.archive.episode2_routes.nodes.e2_roof_5.blocks.0.text,"Каховски выстрелил и спокойно поднял глаза, замечая прущих сверху зомби. На его лице появилась маниакальныя улыбка... Это ходячее мясо не остановит его. Дэвид дойдет! Он навел пистолет на ближайщего мертвеца и спустил курок...",
episode2.archive.episode2_routes.nodes.e2_roof_5.choices.0.text,Далее,
episode2.archive.episode2_routes.nodes.e2_roof_5.text,"Каховски выстрелил и спокойно поднял глаза, замечая прущих сверху зомби. На его лице появилась маниакальныя улыбка... Это ходячее мясо не остановит его. Дэвид дойдет! Он навел пистолет на ближайщего мертвеца и спустил курок...",
episode2.archive.episode2_routes.nodes.e2_roof_6.choices.0.text,Далее,
episode2.archive.episode2_routes.nodes.e2_roof_7.blocks.0.text,"Оперевшись рукой на перила, Дэвид оттолкнулся ногой от головы мертвеца и оказался за его спиной. Стараясь побыстрей уйти от ползущей за ним «мертвячки», хирург слишком быстро вылетел на следующий пролет и...",
episode2.archive.episode2_routes.nodes.e2_roof_7.choices.0.text,Далее,
episode2.archive.episode2_routes.nodes.e2_roof_7.text,"Оперевшись рукой на перила, Дэвид оттолкнулся ногой от головы мертвеца и оказался за его спиной. Стараясь побыстрей уйти от ползущей за ним «мертвячки», хирург слишком быстро вылетел на следующий пролет и...",
episode2.archive.episode2_routes.nodes.e2_roof_8.choices.0.text,Далее,
episode2.archive.episode2_routes.nodes.e2_roof_8.choices.1.text,Далее,
episode2.archive.episode2_routes.nodes.e2_roof_9.blocks.0.text,"Дэвид каким-то непостижимым образом умудрился прострелить летящему на него зомби башку, попав в висок, но не успел увернуться от тела и оказался придавленным к полу центнером мертвечины. Кажется, что ему осталось только молиться? Черт возьми, как бы не так! Толпа зомби прошаркала мимо вниз по летнице, не заметив его. Не веря своей удаче, Дэвид очень медленно высвободился из-под трупа... Путь наверх теперь был свободен!",
episode2.archive.episode2_routes.nodes.e2_roof_9.choices.0.text,Далее,
episode2.archive.episode2_routes.nodes.e2_roof_9.text,"Дэвид каким-то непостижимым образом умудрился прострелить летящему на него зомби башку, попав в висок, но не успел увернуться от тела и оказался придавленным к полу центнером мертвечины. Кажется, что ему осталось только молиться? Черт возьми, как бы не так! Толпа зомби прошаркала мимо вниз по летнице, не заметив его. Не веря своей удаче, Дэвид очень медленно высвободился из-под трупа... Путь наверх теперь был свободен!",
episode2.nodes.e2_attack_1.data.blocks.0.text,"Дэвид тихо, стараясь не спровоцировать обратившегося, толкнул в плечо ближайщего бойца и, когда тот обернулся, указал ему на существо, некогда бывшее его боевым товарищем. Спецназовец медлил, не решаясь стрелять. На звуки, издаваемые мертвецом, обернулись остальные бойцы...",
episode2.nodes.e2_attack_1.data.text,"Дэвид тихо, стараясь не спровоцировать обратившегося, толкнул в плечо ближайщего бойца и, когда тот обернулся, указал ему на существо, некогда бывшее его боевым товарищем. Спецназовец медлил, не решаясь стрелять. На звуки, издаваемые мертвецом, обернулись остальные бойцы...",
episode2.nodes.e2_attack_1.title,e2_attack_1,
episode2.nodes.e2_attack_1__choice_0.data.text,Далее,
episode2.nodes.e2_attack_1__choice_0.title,Далее,
episode2.nodes.e2_attack_2.title,e2_attack_2,
episode2.nodes.e2_attack_2__choice_0.data.text,Далее,
episode2.nodes.e2_attack_2__choice_0.title,Далее,
episode2.nodes.e2_back_1.data.blocks.0.text,"Пока бывший хирург, яростно орудуя прутом на бегу, расталкивал мертвецов, Ник нервно глядел по сторонам и отчаянно старался не отстать. Неожиданный резкий хрип прямо за спиной застал его врасплох...",
episode2.nodes.e2_back_1.data.text,"Пока бывший хирург, яростно орудуя прутом на бегу, расталкивал мертвецов, Ник нервно глядел по сторонам и отчаянно старался не отстать. Неожиданный резкий хрип прямо за спиной застал его врасплох...",
episode2.nodes.e2_back_1.title,e2_back_1,
episode2.nodes.e2_back_1__choice_0.data.text,Далее,
episode2.nodes.e2_back_1__choice_0.title,Далее,
episode2.nodes.e2_back_2.data.blocks.0.text,"Дэвид резко обернулся на крик и увидел, как существо, раньше бывшее парнем по имени Дин, вцепилось Нику в шею. Из ближайшей двери палаты показались два мертвеца в окровавленных больничных рубашках... Хирурга охватила паника, и он бросился бежать, не разбирая дороги.",
episode2.nodes.e2_back_2.data.text,"Дэвид резко обернулся на крик и увидел, как существо, раньше бывшее парнем по имени Дин, вцепилось Нику в шею. Из ближайшей двери палаты показались два мертвеца в окровавленных больничных рубашках... Хирурга охватила паника, и он бросился бежать, не разбирая дороги.",
episode2.nodes.e2_back_2.title,e2_back_2,
episode2.nodes.e2_back_2__choice_0.data.text,Далее,
episode2.nodes.e2_back_2__choice_0.title,Далее,
episode2.nodes.e2_back_2__choice_0__requires.title,Доступность ответа,
episode2.nodes.e2_back_2__choice_1.data.text,Далее,
episode2.nodes.e2_back_2__choice_1.title,Далее,
episode2.nodes.e2_back_2__choice_1__requires.title,Доступность ответа,
episode2.nodes.e2_boom_4.title,e2_boom_4,
episode2.nodes.e2_boom_4__choice_0.data.text,Далее,
episode2.nodes.e2_boom_4__choice_0.title,Далее,
episode2.nodes.e2_boom_5.title,e2_boom_5,
episode2.nodes.e2_boom_5__choice_0.data.text,Далее,
episode2.nodes.e2_boom_5__choice_0.title,Далее,
episode2.nodes.e2_first_1.data.blocks.0.text,"Дэвиду очень повезло, что эта операционная находилась рядом с пожарной лестницей, далеко от центральной части больницы — он не встретил ни души на своем пути.",
episode2.nodes.e2_first_1.data.text,"Дэвиду очень повезло, что эта операционная находилась рядом с пожарной лестницей, далеко от центральной части больницы — он не встретил ни души на своем пути.",
episode2.nodes.e2_first_1.title,e2_first_1,
episode2.nodes.e2_first_10.data.blocks.0.text,"Дэвид выскочил из-за угла и ринулся к военным. В горячке боя бойцы стреляли во все, что движется. И вот хирург с удивлением смотрит на вороненый ствол Кольта 1911, обращенный в его сторону...",
episode2.nodes.e2_first_10.data.text,"Дэвид выскочил из-за угла и ринулся к военным. В горячке боя бойцы стреляли во все, что движется. И вот хирург с удивлением смотрит на вороненый ствол Кольта 1911, обращенный в его сторону...",
episode2.nodes.e2_first_10.title,e2_first_10,
episode2.nodes.e2_first_10__choice_0.data.text,Далее,
episode2.nodes.e2_first_10__choice_0.title,Далее,
episode2.nodes.e2_first_10__variant_0.data.patch.blocks.0.text,"Дэвид выскочил из-за угла и ринулся к военным. Ник последовал его примеру. В горячке боя бойцы стреляли во все, что движется. И вот хирург с удивлением смотрит на вороненый ствол Кольта 1911, обращенный в его сторону...",
episode2.nodes.e2_first_10__variant_0.title,Вариант сцены,
episode2.nodes.e2_first_11.data.blocks.0.text,"В ушах Дэвида болезненно звенело, он на некоторое время перестал слышать. Все-таки, стрелять в замкнутом помещении — то еще удовольствие.",
episode2.nodes.e2_first_11.data.text,"В ушах Дэвида болезненно звенело, он на некоторое время перестал слышать. Все-таки, стрелять в замкнутом помещении — то еще удовольствие.",
episode2.nodes.e2_first_11.title,e2_first_11,
episode2.nodes.e2_first_11__choice_0.data.text,Далее,
episode2.nodes.e2_first_11__choice_0.title,Далее,
episode2.nodes.e2_first_12.data.blocks.0.text,"В ушах Дэвида болезненно звенело, он на некоторое время перестал слышать. Все-таки, стрелять в замкнутом помещении — то еще удовольствие.",
episode2.nodes.e2_first_12.data.text,"В ушах Дэвида болезненно звенело, он на некоторое время перестал слышать. Все-таки, стрелять в замкнутом помещении — то еще удовольствие.",
episode2.nodes.e2_first_12.title,e2_first_12,
episode2.nodes.e2_first_12__choice_0.data.text,Далее,
episode2.nodes.e2_first_12__choice_0.title,Далее,
episode2.nodes.e2_first_1__choice_0.data.text,Далее,
episode2.nodes.e2_first_1__choice_0.title,Далее,
episode2.nodes.e2_first_1_v2.data.blocks.0.text,"Операционная Дэвида находилась почти рядом с выходом на пожарную лестницу. Ник взвалил своего друга себе на плечи, и все медленно и осторожно направились к заветной двери.",
episode2.nodes.e2_first_1_v2.data.text,"Операционная Дэвида находилась почти рядом с выходом на пожарную лестницу. Ник взвалил своего друга себе на плечи, и все медленно и осторожно направились к заветной двери.",
episode2.nodes.e2_first_1_v2.title,e2_first_1_v2,
episode2.nodes.e2_first_1_v2__choice_0.data.text,Далее,
episode2.nodes.e2_first_1_v2__choice_0.title,Далее,
episode2.nodes.e2_first_1_v3.data.blocks.0.text,"Выход на пожарную лестницу находился рядом с операционной Дэвида, и он бегом направился туда. Пробегая мимо выбившегося из сил парня, Каховски изо всех сил толкнул мертвеца в спину. Хоть как-то помог...",
episode2.nodes.e2_first_1_v3.data.text,"Выход на пожарную лестницу находился рядом с операционной Дэвида, и он бегом направился туда. Пробегая мимо выбившегося из сил парня, Каховски изо всех сил толкнул мертвеца в спину. Хоть как-то помог...",
episode2.nodes.e2_first_1_v3.title,e2_first_1_v3,
episode2.nodes.e2_first_1_v3__choice_0.data.text,Далее,
episode2.nodes.e2_first_1_v3__choice_0.title,Далее,
episode2.nodes.e2_first_2.data.blocks.0.text,"Дверь, ведущая на пожарную лестницу закрылась за Дэвидом, отсекая от него полный ужаса крик... Черт возьми, какой же он после этого врач! Опустошенный и злой на весь мир и себя в первую очередь хирург бегом спускался по лестнице и притормозил лишь перед выходом на первый этаж.",
episode2.nodes.e2_first_2.data.text,"Дверь, ведущая на пожарную лестницу закрылась за Дэвидом, отсекая от него полный ужаса крик... Черт возьми, какой же он после этого врач! Опустошенный и злой на весь мир и себя в первую очередь хирург бегом спускался по лестнице и притормозил лишь перед выходом на первый этаж.",
episode2.nodes.e2_first_2.title,e2_first_2,
episode2.nodes.e2_first_2__choice_0.data.text,Далее,
episode2.nodes.e2_first_2__choice_0.title,Далее,
episode2.nodes.e2_first_2_v2.data.blocks.0.text,"Дверь закрылась за тремя выжившими, лестница встретила их тишиной. Лишь однажды во время спуска Дэвид слышал чьи-то торопливые шаги снизу, которые быстро стихли. Третий этаж, второй, первый... Дэвид внутренне собрался, сжал крепче прут и шагнул за дверь, в коридор первого этажа.",
episode2.nodes.e2_first_2_v2.data.text,"Дверь закрылась за тремя выжившими, лестница встретила их тишиной. Лишь однажды во время спуска Дэвид слышал чьи-то торопливые шаги снизу, которые быстро стихли. Третий этаж, второй, первый... Дэвид внутренне собрался, сжал крепче прут и шагнул за дверь, в коридор первого этажа.",
episode2.nodes.e2_first_2_v2.title,e2_first_2_v2,
episode2.nodes.e2_first_2_v2__choice_0.data.text,Далее,
episode2.nodes.e2_first_2_v2__choice_0.title,Далее,
episode2.nodes.e2_first_3.data.blocks.0.text,Эвакуационный выход совершенно неожиданно для Дэвида оказался закрыт снаружи. Ручки дверей были обмотаны цепями и закреплены навесным замком. Кто мог такое сделать и зачем?!,
episode2.nodes.e2_first_3.data.text,Эвакуационный выход совершенно неожиданно для Дэвида оказался закрыт снаружи. Ручки дверей были обмотаны цепями и закреплены навесным замком. Кто мог такое сделать и зачем?!,
episode2.nodes.e2_first_3.title,e2_first_3,
episode2.nodes.e2_first_3__choice_0.data.text,Далее,
episode2.nodes.e2_first_3__choice_0.title,Далее,
episode2.nodes.e2_first_3__choice_0__requires.title,Доступность ответа,
episode2.nodes.e2_first_3__choice_1.data.text,Далее,
episode2.nodes.e2_first_3__choice_1.title,Далее,
episode2.nodes.e2_first_3__choice_1__requires.title,Доступность ответа,
episode2.nodes.e2_first_3_choice_15.data.text,"Быть может, получится перебить цепи выстрелом?",
episode2.nodes.e2_first_3_choice_15.title,e2_first_3_choice_15,
episode2.nodes.e2_first_3_choice_15__choice_0.data.text,Стрелять по цепям,
episode2.nodes.e2_first_3_choice_15__choice_0.title,Стрелять по цепям,
episode2.nodes.e2_first_3_choice_15__choice_0__route_0.title,Условный переход,
episode2.nodes.e2_first_3_choice_15__choice_0__route_1.title,Условный переход,
episode2.nodes.e2_first_3_choice_15__choice_1.data.text,Проверить другие двери,
episode2.nodes.e2_first_3_choice_15__choice_1.title,Проверить другие двери,
episode2.nodes.e2_first_3_choice_19.data.text,"Быть может, получится как-то сбить замок прутом?",
episode2.nodes.e2_first_3_choice_19.title,e2_first_3_choice_19,
episode2.nodes.e2_first_3_choice_19__choice_0.data.text,Попробовать открыть двери,
episode2.nodes.e2_first_3_choice_19__choice_0.title,Попробовать открыть двери,
episode2.nodes.e2_first_3_choice_19__choice_1.data.text,Проверить другие двери,
episode2.nodes.e2_first_3_choice_19__choice_1.title,Проверить другие двери,
episode2.nodes.e2_first_4.data.blocks.0.text,"В ушах Дэвида болезненно звенело, он на некоторое время перестал слышать. Все-таки, стрелять в замкнутом помещении — то еще удовольствие.",
episode2.nodes.e2_first_4.data.text,"В ушах Дэвида болезненно звенело, он на некоторое время перестал слышать. Все-таки, стрелять в замкнутом помещении — то еще удовольствие.",
episode2.nodes.e2_first_4.title,e2_first_4,
episode2.nodes.e2_first_4__choice_0.data.text,Далее,
episode2.nodes.e2_first_4__choice_0.title,Далее,
episode2.nodes.e2_first_4__choice_0__requires.title,Доступность ответа,
episode2.nodes.e2_first_4__choice_1.data.text,Далее,
episode2.nodes.e2_first_4__choice_1.title,Далее,
episode2.nodes.e2_first_4__choice_1__requires.title,Доступность ответа,
episode2.nodes.e2_first_5.data.blocks.0.text,"Оглушенный, Дэвид не услышал шаркающих шагов за спиной. Эта оплошность стала для него роковой.",
episode2.nodes.e2_first_5.data.text,"Оглушенный, Дэвид не услышал шаркающих шагов за спиной. Эта оплошность стала для него роковой.",
episode2.nodes.e2_first_5.title,e2_first_5,
episode2.nodes.e2_first_5__choice_0.data.text,Далее,
episode2.nodes.e2_first_5__choice_0.title,Далее,
episode2.nodes.e2_first_6.data.blocks.0.text,"Оглушенный выстрелами Дэвид не услышал бы шаркающих шагов мертвеца за своей спиной. Но его прикрывал Ник, беспощадно расправившийся с непрошенным зловещим «гостем». А потом и со своим обратившимся другом...",
episode2.nodes.e2_first_6.data.text,"Оглушенный выстрелами Дэвид не услышал бы шаркающих шагов мертвеца за своей спиной. Но его прикрывал Ник, беспощадно расправившийся с непрошенным зловещим «гостем». А потом и со своим обратившимся другом...",
episode2.nodes.e2_first_6.title,e2_first_6,
episode2.nodes.e2_first_6__choice_0.data.text,Далее,
episode2.nodes.e2_first_6__choice_0.title,Далее,
episode2.nodes.e2_first_7.data.blocks.0.text,"Пинком распахнув двери, хирург выбежал на улицу, и тут же был ослеплен светом прожектора, установленного на одном из военных Хаммеров, стоящих неподалеку. Он медленно поднял руки вверх — ребята за пулеметом тут же потеряли к нему всякий интерес. Ник сразу бросился искать ближайшую пустую машину.",
episode2.nodes.e2_first_7.data.text,"Пинком распахнув двери, хирург выбежал на улицу, и тут же был ослеплен светом прожектора, установленного на одном из военных Хаммеров, стоящих неподалеку. Он медленно поднял руки вверх — ребята за пулеметом тут же потеряли к нему всякий интерес. Ник сразу бросился искать ближайшую пустую машину.",
episode2.nodes.e2_first_7.title,e2_first_7,
episode2.nodes.e2_first_7__choice_0.data.text,Далее,
episode2.nodes.e2_first_7__choice_0.title,Далее,
episode2.nodes.e2_first_8.data.blocks.0.text,"Ник разбил боковое стекло ближайшего автомобиля, убрал осколки прутом и забрался внутрь. Он, оказывается, умел заводить двигатель без ключа!",
episode2.nodes.e2_first_8.data.text,"Ник разбил боковое стекло ближайшего автомобиля, убрал осколки прутом и забрался внутрь. Он, оказывается, умел заводить двигатель без ключа!",
episode2.nodes.e2_first_8.title,e2_first_8,
episode2.nodes.e2_first_8__choice_0.data.text,Далее,
episode2.nodes.e2_first_8__choice_0.title,Далее,
episode2.nodes.e2_first_9.data.blocks.0.text,"Все другие двери оказались закрыты и точно также скованы цепями. Дальше по коридору слышались шаги и выстрелы, и Дэвид поспешил туда. Выглянув из-за угла, он заметил вооруженных людей, яростно отбивающихся от толпы мертвецов и пытающихся прорваться к одному из выходов...",
episode2.nodes.e2_first_9.data.text,"Все другие двери оказались закрыты и точно также скованы цепями. Дальше по коридору слышались шаги и выстрелы, и Дэвид поспешил туда. Выглянув из-за угла, он заметил вооруженных людей, яростно отбивающихся от толпы мертвецов и пытающихся прорваться к одному из выходов...",
episode2.nodes.e2_first_9.title,e2_first_9,
episode2.nodes.e2_first_9__choice_0.data.text,Далее,
episode2.nodes.e2_first_9__choice_0.title,Далее,
episode2.nodes.e2_first_9_choice_23.data.text,"Стоит ли, рискуя жизнью, пытаться присоединиться к военным или все же стоит вернуться назад?",
episode2.nodes.e2_first_9_choice_23.title,e2_first_9_choice_23,
episode2.nodes.e2_first_9_choice_23__choice_0.data.text,Бежать к военным,
episode2.nodes.e2_first_9_choice_23__choice_0.title,Бежать к военным,
episode2.nodes.e2_first_9_choice_23__choice_1.data.text,Вернуться назад,
episode2.nodes.e2_first_9_choice_23__choice_1.title,Вернуться назад,
episode2.nodes.e2_first_locked.data.blocks.0.text,Цепи и замок не поддаются. Двери закрыты снаружи.,
episode2.nodes.e2_first_locked.data.text,Эвакуационный выход совершенно неожиданно для Дэвида оказался закрыт снаружи. Ручки дверей были обмотаны цепями и закреплены навесным замком. Кто мог такое сделать и зачем?!,
episode2.nodes.e2_first_locked.title,e2_first_locked,
episode2.nodes.e2_first_locked__choice_0.data.text,Далее,
episode2.nodes.e2_first_locked__choice_0.title,Далее,
episode2.nodes.e2_glock.data.text,"Glock 19 Gen4, 5 патронов 9x19 мм",
episode2.nodes.e2_glock.title,e2_glock,
episode2.nodes.e2_glock__choice_0.data.text,Забрать,
episode2.nodes.e2_glock__choice_0.title,Забрать,
episode2.nodes.e2_glock__entry.title,При входе,
episode2.nodes.e2_glock_friend.data.text,"Glock 19 Gen4, 5 патронов 9x19 мм",
episode2.nodes.e2_glock_friend.title,e2_glock_friend,
episode2.nodes.e2_glock_friend__choice_0.data.text,Забрать,
episode2.nodes.e2_glock_friend__choice_0.title,Забрать,
episode2.nodes.e2_glock_friend__entry.title,При входе,
episode2.nodes.e2_hall_1.data.blocks.0.text,"Дэвид шагнул за угол и понял, что в главную часть больницы ему придется идти по плохо освещенному коридору. Это серьезно давило на нервы.",
episode2.nodes.e2_hall_1.data.text,"Дэвид шагнул за угол и понял, что в главную часть больницы ему придется идти по плохо освещенному коридору. Это серьезно давило на нервы.",
episode2.nodes.e2_hall_1.title,e2_hall_1,
episode2.nodes.e2_hall_1__choice_0.data.text,Далее,
episode2.nodes.e2_hall_1__choice_0.title,Далее,
episode2.nodes.e2_hall_1_v2.data.blocks.0.text,"Дэвид шагнул за угол и понял, что в главную часть больницы ему придется идти по плохо освещенному коридору. Он покрепче сжал рукоять пистолета, и это придало ему уверенности. Ненадолго...",
episode2.nodes.e2_hall_1_v2.data.text,"Дэвид шагнул за угол и понял, что в главную часть больницы ему придется идти по плохо освещенному коридору. Он покрепче сжал рукоять пистолета, и это придало ему уверенности. Ненадолго...",
episode2.nodes.e2_hall_1_v2.title,e2_hall_1_v2,
episode2.nodes.e2_hall_1_v2__choice_0.data.text,Далее,
episode2.nodes.e2_hall_1_v2__choice_0.title,Далее,
episode2.nodes.e2_hall_2.data.blocks.0.text,"Повсюду была кровь и разруха, как будто бы здесь прошел локальный смерч. «Странно, — подумал хирург. — Нигде не видно трупов. Зомби их что, утаскивают?»",
episode2.nodes.e2_hall_2.data.text,"Повсюду была кровь и разруха, как будто бы здесь прошел локальный смерч. «Странно, — подумал хирург. — Нигде не видно трупов. Зомби их что, утаскивают?»",
episode2.nodes.e2_hall_2.title,e2_hall_2,
episode2.nodes.e2_hall_2__choice_0.data.text,Далее,
episode2.nodes.e2_hall_2__choice_0.title,Далее,
episode2.nodes.e2_hall_2_v2.data.blocks.0.text,"Нервно водя стволом пистолета, из стороны в сторону, Каховски медленно продвигался вперед. Иногда он слышал какие-то тихие шаги позади, но сзади вроде никого видно не было...",
episode2.nodes.e2_hall_2_v2.data.text,"Нервно водя стволом пистолета, из стороны в сторону, Каховски медленно продвигался вперед. Иногда он слышал какие-то тихие шаги позади, но сзади вроде никого видно не было...",
episode2.nodes.e2_hall_2_v2.title,e2_hall_2_v2,
episode2.nodes.e2_hall_2_v2__choice_0.data.text,Далее,
episode2.nodes.e2_hall_2_v2__choice_0.title,Далее,
episode2.nodes.e2_hall_3.data.blocks.0.text,"Дэвид дошел до холла этажа. Много раз он слышал чавканье из-за дверей. Возможно, что это и помогло ему так просто добраться практически до лестницы вниз. Но теперь это самое чавканье доносилось из-за стойки справочной... Проклятье.",
episode2.nodes.e2_hall_3.data.text,"Дэвид дошел до холла этажа. Много раз он слышал чавканье из-за дверей. Возможно, что это и помогло ему так просто добраться практически до лестницы вниз. Но теперь это самое чавканье доносилось из-за стойки справочной... Проклятье.",
episode2.nodes.e2_hall_3.title,e2_hall_3,
episode2.nodes.e2_hall_3__choice_0.data.text,Далее,
episode2.nodes.e2_hall_3__choice_0.title,Далее,
episode2.nodes.e2_hall_3__choice_0__requires.title,Доступность ответа,
episode2.nodes.e2_hall_3__choice_1.data.text,Далее,
episode2.nodes.e2_hall_3__choice_1.title,Далее,
episode2.nodes.e2_hall_3__choice_1__requires.title,Доступность ответа,
episode2.nodes.e2_hall_3_choice_20.data.text,С нужной Дэвиду стороны послышались какие-то звуки. Там определенно кто-то был. Что же делать...,
episode2.nodes.e2_hall_3_choice_20.title,e2_hall_3_choice_20,
episode2.nodes.e2_hall_3_choice_20__choice_0.data.text,Перепрыгнуть через стойку,
episode2.nodes.e2_hall_3_choice_20__choice_0.title,Перепрыгнуть через стойку,
episode2.nodes.e2_hall_3_choice_20__choice_1.data.text,Тихо пройти мимо,
episode2.nodes.e2_hall_3_choice_20__choice_1.title,Тихо пройти мимо,
episode2.nodes.e2_hall_4.data.blocks.0.text,"Неожиданно за спиной у Дэвида снова раздались эти тихие шаги. Он резко обернулся, но сзади как обычно никого не оказалось. Что-то тут не так. Каховски занервничал и случайно задел ногой какой-то мусор под ногами... Чавканье за стойкой прекратилось.",
episode2.nodes.e2_hall_4.data.text,"Неожиданно за спиной у Дэвида снова раздались эти тихие шаги. Он резко обернулся, но сзади как обычно никого не оказалось. Что-то тут не так. Каховски занервничал и случайно задел ногой какой-то мусор под ногами... Чавканье за стойкой прекратилось.",
episode2.nodes.e2_hall_4.title,e2_hall_4,
episode2.nodes.e2_hall_4__choice_0.data.text,Далее,
episode2.nodes.e2_hall_4__choice_0.title,Далее,
episode2.nodes.e2_hall_5.data.blocks.0.text,"Хирург присмотрелся получше и увидел бледную окровавленную «маску» — лицо мертвеца, показавшегося из-за стойки. Он не знал как поступить. Убить мертвеца? Звук выстрела привлечет зомби со всей больницы!",
episode2.nodes.e2_hall_5.data.text,"Хирург присмотрелся получше и увидел бледную окровавленную «маску» — лицо мертвеца, показавшегося из-за стойки. Он не знал как поступить. Убить мертвеца? Звук выстрела привлечет зомби со всей больницы!",
episode2.nodes.e2_hall_5.title,e2_hall_5,
episode2.nodes.e2_hall_5__choice_0.data.text,Далее,
episode2.nodes.e2_hall_5__choice_0.title,Далее,
episode2.nodes.e2_hall_6.title,e2_hall_6,
episode2.nodes.e2_hall_6__choice_0.data.text,Далее,
episode2.nodes.e2_hall_6__choice_0.title,Далее,
episode2.nodes.e2_hall_7.data.blocks.0.text,"Дэвид перемахивает через информационную стойку, хватает тяжеленный железный ящик и со всей силы обрушивает его на голову мертвеца. Он уже слышит шаркающие шаги буквально за ближайшим углом, поэтому берет все тот же ящик и бросает его в сторону, откуда только что пришел.",
episode2.nodes.e2_hall_7.data.text,"Дэвид перемахивает через информационную стойку, хватает тяжеленный железный ящик и со всей силы обрушивает его на голову мертвеца. Он уже слышит шаркающие шаги буквально за ближайшим углом, поэтому берет все тот же ящик и бросает его в сторону, откуда только что пришел.",
episode2.nodes.e2_hall_7.title,e2_hall_7,
episode2.nodes.e2_hall_7__choice_0.data.text,Далее,
episode2.nodes.e2_hall_7__choice_0.title,Далее,
episode2.nodes.e2_hall_8.data.blocks.0.text,"Каховски, старась даже не дышать, буквально прополз мимо информационной стойки и находящегося там зомби. Свернул за угол и... тут же вынужден был чуть ли не прыгнуть за ближайщую раскрытую дверь в палату: он нос к носу столкнулся с мертвецами.",
episode2.nodes.e2_hall_8.data.text,"Каховски, старась даже не дышать, буквально прополз мимо информационной стойки и находящегося там зомби. Свернул за угол и... тут же вынужден был чуть ли не прыгнуть за ближайщую раскрытую дверь в палату: он нос к носу столкнулся с мертвецами.",
episode2.nodes.e2_hall_8.title,e2_hall_8,
episode2.nodes.e2_hall_8__choice_0.data.text,Далее,
episode2.nodes.e2_hall_8__choice_0.title,Далее,
episode2.nodes.e2_hall_9.data.blocks.0.text,"Дэвид панически вжался в дверь, пытаясь удержать рвущихся в палату зомби. Краем глаза он уловил какое-то движение, но было слишком поздно: зомби, которого он сразу не заметил в темноте вцепился ему в плечо.",
episode2.nodes.e2_hall_9.data.text,"Дэвид панически вжался в дверь, пытаясь удержать рвущихся в палату зомби. Краем глаза он уловил какое-то движение, но было слишком поздно: зомби, которого он сразу не заметил в темноте вцепился ему в плечо.",
episode2.nodes.e2_hall_9.title,e2_hall_9,
episode2.nodes.e2_hall_9__choice_0.data.text,Далее,
episode2.nodes.e2_hall_9__choice_0.title,Далее,
episode2.nodes.e2_hospital_1.data.blocks.0.text,"Каждый день Дэвида Каховски, врача-хирурга Центральной больницы Нью-Тауна, уже давно превратился в рутину: череда пациентов, десятки разных лиц, различных травм и увечий... Вот и это очередное утро не предвещало ничего нового... Дэвид допил свой кофе и отправился на работу.",
episode2.nodes.e2_hospital_1.data.text,"Каждый день Дэвида Каховски, врача-хирурга Центральной больницы Нью-Тауна, уже давно превратился в рутину: череда пациентов, десятки разных лиц, различных травм и увечий... Вот и это очередное утро не предвещало ничего нового... Дэвид допил свой кофе и отправился на работу.",
episode2.nodes.e2_hospital_1.title,e2_hospital_1,
episode2.nodes.e2_hospital_10.data.blocks.0.text,"Оружие в руках Дэвида несильно дернулось, и зомби с простреленной головой упал навзничь. Оставалось всего 4 патрона в магазине, следует быть более экономным впредь... Каховски, держа пистолет наготове, подошел к двери и немного приоткрыл ее... Из-за двери донеслись звуки борьбы и чей-то стон.",
episode2.nodes.e2_hospital_10.data.text,"Оружие в руках Дэвида несильно дернулось, и зомби с простреленной головой упал навзничь. Оставалось всего 4 патрона в магазине, следует быть более экономным впредь... Каховски, держа пистолет наготове, подошел к двери и немного приоткрыл ее... Из-за двери донеслись звуки борьбы и чей-то стон.",
episode2.nodes.e2_hospital_10.title,e2_hospital_10,
episode2.nodes.e2_hospital_10__choice_0.data.text,Далее,
episode2.nodes.e2_hospital_10__choice_0.title,Далее,
episode2.nodes.e2_hospital_10__choice_0__effects.title,Последствия выбора,
episode2.nodes.e2_hospital_11.data.blocks.0.text,"В коридоре Дэвид увидел парня, отчаянно пытающегося отогнать от своего раненого друга живой труп. Монстр, подобно танку, пер вперед, явно желая чуть ли не сожрать своего обидчика. Силы парня явно были уже на исходе...",
episode2.nodes.e2_hospital_11.data.text,"В коридоре Дэвид увидел парня, отчаянно пытающегося отогнать от своего раненого друга живой труп. Монстр, подобно танку, пер вперед, явно желая чуть ли не сожрать своего обидчика. Силы парня явно были уже на исходе...",
episode2.nodes.e2_hospital_11.title,e2_hospital_11,
episode2.nodes.e2_hospital_11__choice_0.data.text,Далее,
episode2.nodes.e2_hospital_11__choice_0.title,Далее,
episode2.nodes.e2_hospital_11_choice_14.data.text,"Увиденное на миг ошарашило хирурга, заставило того застыть в нерешительности с трясущимся пистолетом в руках: «Дэвид, спокойно. Вдох-выдох, вдох-выдох. Сколько у тебя патронов? 4? 5? Вроде 4, да?».",
episode2.nodes.e2_hospital_11_choice_14.title,e2_hospital_11_choice_14,
episode2.nodes.e2_hospital_11_choice_14__choice_0.data.text,Застрелить мертвеца,
episode2.nodes.e2_hospital_11_choice_14__choice_0.title,Застрелить мертвеца,
episode2.nodes.e2_hospital_11_choice_14__choice_1.data.text,Пробежать мимо,
episode2.nodes.e2_hospital_11_choice_14__choice_1.title,Пробежать мимо,
episode2.nodes.e2_hospital_11_choice_14__choice_1__route_0.title,Условный переход,
episode2.nodes.e2_hospital_12.data.blocks.0.text,"Дэвид нажал на спусковой крючок, раздался выстрел, еще, и Каховски увидел, как спасаемый им парень заваливается набок с раной в груди. Вторым выстрелом хирург все-таки попал зомби в голову... Вокруг подстреленного им парнишки начала расползаться лужа крови, а из-за угла уже слышались шаркающие шаги и тихий рык. Дэвид запаниковал и кинулся назад, в сторону своего кабинета. Где-то там была расположена пожарная лестница.",
episode2.nodes.e2_hospital_12.data.text,"Дэвид нажал на спусковой крючок, раздался выстрел, еще, и Каховски увидел, как спасаемый им парень заваливается набок с раной в груди. Вторым выстрелом хирург все-таки попал зомби в голову... Вокруг подстреленного им парнишки начала расползаться лужа крови, а из-за угла уже слышались шаркающие шаги и тихий рык. Дэвид запаниковал и кинулся назад, в сторону своего кабинета. Где-то там была расположена пожарная лестница.",
episode2.nodes.e2_hospital_12.title,e2_hospital_12,
episode2.nodes.e2_hospital_12__choice_0.data.text,Далее,
episode2.nodes.e2_hospital_12__choice_0.title,Далее,
episode2.nodes.e2_hospital_12__choice_0__effects.title,Последствия выбора,
episode2.nodes.e2_hospital_13.data.blocks.0.text,"Примирительно выставив вперед левую руку, Дэвид начал приближаться к полицейскому. С ним явно было что-то не так: мутные глаза, дерганные движения... Твою мать! Неожиданно мужчина дернулся вперед и вцепился зубами Дэвиду в руку!",
episode2.nodes.e2_hospital_13.data.text,"Примирительно выставив вперед левую руку, Дэвид начал приближаться к полицейскому. С ним явно было что-то не так: мутные глаза, дерганные движения... Твою мать! Неожиданно мужчина дернулся вперед и вцепился зубами Дэвиду в руку!",
episode2.nodes.e2_hospital_13.title,e2_hospital_13,
episode2.nodes.e2_hospital_13__choice_0.data.text,Далее,
episode2.nodes.e2_hospital_13__choice_0.title,Далее,
episode2.nodes.e2_hospital_14.data.blocks.0.text,"Хирург резко отскочил, выдирая руку с мясом из зубов мертвеца, не удержал равновесия и завалился назад, цепляя провода и роняя приборы. Беспомощно барахтаясь в скоплении кабелей, Дэвид здоровой рукой пытался сдвинуть с себя тяжеленный прибор, придавивший ему грудь. Неожиданно он услышал звук падения чего-то тяжелого...",
episode2.nodes.e2_hospital_14.data.text,"Хирург резко отскочил, выдирая руку с мясом из зубов мертвеца, не удержал равновесия и завалился назад, цепляя провода и роняя приборы. Беспомощно барахтаясь в скоплении кабелей, Дэвид здоровой рукой пытался сдвинуть с себя тяжеленный прибор, придавивший ему грудь. Неожиданно он услышал звук падения чего-то тяжелого...",
episode2.nodes.e2_hospital_14.title,e2_hospital_14,
episode2.nodes.e2_hospital_14__choice_0.data.text,Далее,
episode2.nodes.e2_hospital_14__choice_0.title,Далее,
episode2.nodes.e2_hospital_15.data.blocks.0.text,"Щуплый Дэвид с разбегу влетел в мертвеца, сбив его с ног, и парень, впоследствии представившийся Ником, пробил ему череп длинным железным прутом. Друзья по несчастью быстро обменялись рукопожатиями, а затем Ник посоветовал побыстрее сваливать из этого склепа.",
episode2.nodes.e2_hospital_15.data.text,"Щуплый Дэвид с разбегу влетел в мертвеца, сбив его с ног, и парень, впоследствии представившийся Ником, пробил ему череп длинным железным прутом. Друзья по несчастью быстро обменялись рукопожатиями, а затем Ник посоветовал побыстрее сваливать из этого склепа.",
episode2.nodes.e2_hospital_15.title,e2_hospital_15,
episode2.nodes.e2_hospital_15__choice_0.data.text,Далее,
episode2.nodes.e2_hospital_15__choice_0.title,Далее,
episode2.nodes.e2_hospital_15__choice_0__requires.title,Доступность ответа,
episode2.nodes.e2_hospital_15__choice_1.data.text,Далее,
episode2.nodes.e2_hospital_15__choice_1.title,Далее,
episode2.nodes.e2_hospital_15__choice_1__requires.title,Доступность ответа,
episode2.nodes.e2_hospital_15__entry.title,При входе,
episode2.nodes.e2_hospital_15__variant_0.data.patch.blocks.0.text,"Дэвид подбежал к мертвецу и со всей силы ударил его рукоятью пистолета в затылок. Спасенный хирургом парень завершил дело, пробив зомби череп. Друзья по несчастью быстро обменялись рукопожатиями, а затем Ник посоветовал побыстрее сваливать из этого склепа.",
episode2.nodes.e2_hospital_15__variant_0.title,Вариант сцены,
episode2.nodes.e2_hospital_15_choice_16.data.text,"Оказалось, что друг Ника, лежавший сейчас без сознания на полу, укушен. Ник настаивал, чтобы Дэвид помог ему донести друга до лифта или до лестницы вниз...",
episode2.nodes.e2_hospital_15_choice_16.title,e2_hospital_15_choice_16,
episode2.nodes.e2_hospital_15_choice_16_1.data.text,"Оказалось, что друг Ника, лежавший сейчас без сознания на полу, укушен. Ник настаивал, чтобы Дэвид помог ему донести друга до лифта или до лестницы вниз...",
episode2.nodes.e2_hospital_15_choice_16_1.title,e2_hospital_15_choice_16_1,
episode2.nodes.e2_hospital_15_choice_16_1__choice_0.data.text,Спрятаться в операционной,
episode2.nodes.e2_hospital_15_choice_16_1__choice_0.title,Спрятаться в операционной,
episode2.nodes.e2_hospital_15_choice_16_1__choice_1.data.text,Идти к пожарной лестнице,
episode2.nodes.e2_hospital_15_choice_16_1__choice_1.title,Идти к пожарной лестнице,
episode2.nodes.e2_hospital_15_choice_16_1__choice_2.data.text,Пробиваться сквозь зомби,
episode2.nodes.e2_hospital_15_choice_16_1__choice_2.title,Пробиваться сквозь зомби,
episode2.nodes.e2_hospital_15_choice_16_1__choice_3.data.text,Нести друга к лифту,
episode2.nodes.e2_hospital_15_choice_16_1__choice_3.title,Нести друга к лифту,
episode2.nodes.e2_hospital_15_choice_16__choice_0.data.text,Вместе пойти за пистолетом,
episode2.nodes.e2_hospital_15_choice_16__choice_0.title,Вместе пойти за пистолетом,
episode2.nodes.e2_hospital_15_choice_16__choice_1.data.text,Идти к пожарной лестнице,
episode2.nodes.e2_hospital_15_choice_16__choice_1.title,Идти к пожарной лестнице,
episode2.nodes.e2_hospital_15_choice_16__choice_2.data.text,Пробиваться сквозь зомби,
episode2.nodes.e2_hospital_15_choice_16__choice_2.title,Пробиваться сквозь зомби,
episode2.nodes.e2_hospital_15_choice_16__choice_3.data.text,Нести друга к лифту,
episode2.nodes.e2_hospital_15_choice_16__choice_3.title,Нести друга к лифту,
episode2.nodes.e2_hospital_16.data.blocks.0.text,"Вслед Дэвиду в отчаянии прокричали что-то бранное, но ему было все равно. Неожиданно он услышал приближающийся гул откуда-то сверху. Это было похоже на... Черт возьми, вертолет! Скорее всего, он прилетел за выжившими!!!",
episode2.nodes.e2_hospital_16.data.text,"Вслед Дэвиду в отчаянии прокричали что-то бранное, но ему было все равно. Неожиданно он услышал приближающийся гул откуда-то сверху. Это было похоже на... Черт возьми, вертолет! Скорее всего, он прилетел за выжившими!!!",
episode2.nodes.e2_hospital_16.title,e2_hospital_16,
episode2.nodes.e2_hospital_16__choice_0.data.text,Подняться на крышу,
episode2.nodes.e2_hospital_16__choice_0.title,Подняться на крышу,
episode2.nodes.e2_hospital_16__choice_1.data.text,Идти в главную часть больницы,
episode2.nodes.e2_hospital_16__choice_1.title,Идти в главную часть больницы,
episode2.nodes.e2_hospital_16__choice_1__requires.title,Доступность ответа,
episode2.nodes.e2_hospital_16__choice_2.data.text,Идти в главную часть больницы,
episode2.nodes.e2_hospital_16__choice_2.title,Идти в главную часть больницы,
episode2.nodes.e2_hospital_16__choice_2__requires.title,Доступность ответа,
episode2.nodes.e2_hospital_16__variant_0.data.patch.blocks.0.text,"Дэвид расправился со всеми четырьмя мертвецами, как с одним, очень легко. Но патронов теперь у хирурга не было, и он выбросил показавшийся ему бесполезным теперь пистолет. Неожиданно он услышал приближающийся гул откуда-то сверху. Это было похоже на... Вертолет! Это его шанс!",
episode2.nodes.e2_hospital_16__variant_0.title,Вариант сцены,
episode2.nodes.e2_hospital_16__variant_1.data.patch.blocks.0.text,"Теперь Дэвиду предстояло выбрать наиболее безопасный маршрут вниз, на котором он встретил бы как можно меньше зомби... Неожиданно он услышал приближающийся гул откуда-то сверху. Это было похоже на... Черт возьми, вертолет! Скорее всего, он прилетел за выжившими!!!",
episode2.nodes.e2_hospital_16__variant_1.title,Вариант сцены,
episode2.nodes.e2_hospital_16_v3.data.blocks.0.text,"Теперь Дэвиду предстояло выбрать наиболее безопасный маршрут вниз, на котором он встретил бы как можно меньше зомби... Неожиданно он услышал приближающийся гул откуда-то сверху. Это было похоже на... Черт возьми, вертолет! Скорее всего, он прилетел за выжившими!!!",
episode2.nodes.e2_hospital_16_v3.data.text,"Теперь Дэвиду предстояло выбрать наиболее безопасный маршрут вниз, на котором он встретил бы как можно меньше зомби... Неожиданно он услышал приближающийся гул откуда-то сверху. Это было похоже на... Черт возьми, вертолет! Скорее всего, он прилетел за выжившими!!!",
episode2.nodes.e2_hospital_16_v3.title,e2_hospital_16_v3,
episode2.nodes.e2_hospital_16_v3__choice_0.data.text,Подняться на крышу,
episode2.nodes.e2_hospital_16_v3__choice_0.title,Подняться на крышу,
episode2.nodes.e2_hospital_16_v3__choice_1.data.text,Идти в главную часть больницы,
episode2.nodes.e2_hospital_16_v3__choice_1.title,Идти в главную часть больницы,
episode2.nodes.e2_hospital_16_v3__choice_1__requires.title,Доступность ответа,
episode2.nodes.e2_hospital_16_v3__choice_2.data.text,Идти в главную часть больницы,
episode2.nodes.e2_hospital_16_v3__choice_2.title,Идти в главную часть больницы,
episode2.nodes.e2_hospital_16_v3__choice_2__requires.title,Доступность ответа,
episode2.nodes.e2_hospital_17.data.blocks.0.text,"Свернув за угол, Дэвид тут же наткнулся на толпу мертвецов. Скорее всего, они шли на звук его выстрела... Что же делать?! У него, конечно, осталось как раз 4 патрона, можно убить их всех, но кто знает, что там будет впереди...",
episode2.nodes.e2_hospital_17.data.text,"Свернув за угол, Дэвид тут же наткнулся на толпу мертвецов. Скорее всего, они шли на звук его выстрела... Что же делать?! У него, конечно, осталось как раз 4 патрона, можно убить их всех, но кто знает, что там будет впереди...",
episode2.nodes.e2_hospital_17.title,e2_hospital_17,
episode2.nodes.e2_hospital_17__choice_0.data.text,Далее,
episode2.nodes.e2_hospital_17__choice_0.title,Далее,
episode2.nodes.e2_hospital_17_choice_18.data.text,"А не переоценивает ли Дэвид свои силы вообще? 4 патрона, 4 мертвеца и один Рэмбо — все обстояло примерно так. Хирург нервно поежился.",
episode2.nodes.e2_hospital_17_choice_18.title,e2_hospital_17_choice_18,
episode2.nodes.e2_hospital_17_choice_18__choice_0.data.text,Застрелить зомби,
episode2.nodes.e2_hospital_17_choice_18__choice_0.title,Застрелить зомби,
episode2.nodes.e2_hospital_17_choice_18__choice_1.data.text,Вернуться и помочь парню,
episode2.nodes.e2_hospital_17_choice_18__choice_1.title,Вернуться и помочь парню,
episode2.nodes.e2_hospital_17_choice_18__choice_2.data.text,Бежать к пожарной лестнице,
episode2.nodes.e2_hospital_17_choice_18__choice_2.title,Бежать к пожарной лестнице,
episode2.nodes.e2_hospital_17_v2.data.blocks.0.text,"Несколькими этажами ниже слышались редкие автоматные очереди. Это наверняка были военные! Парни решили попытаться пробиться к ним: Ник несет своего раненого друга, а Дэвид по мере сил разбирается с зомби, которые попадутся им на пути.",
episode2.nodes.e2_hospital_17_v2.data.text,"Несколькими этажами ниже слышались редкие автоматные очереди. Это наверняка были военные! Парни решили попытаться пробиться к ним: Ник несет своего раненого друга, а Дэвид по мере сил разбирается с зомби, которые попадутся им на пути.",
episode2.nodes.e2_hospital_17_v2.title,e2_hospital_17_v2,
episode2.nodes.e2_hospital_17_v2__choice_0.data.text,Далее,
episode2.nodes.e2_hospital_17_v2__choice_0.title,Далее,
episode2.nodes.e2_hospital_18.title,e2_hospital_18,
episode2.nodes.e2_hospital_18__choice_0.data.text,Далее,
episode2.nodes.e2_hospital_18__choice_0.title,Далее,
episode2.nodes.e2_hospital_18__choice_0__effects.title,Последствия выбора,
episode2.nodes.e2_hospital_19.data.blocks.0.text,"Неожиданно друг Ника открыл глаза. Мертвые, без зрачков. Дэвид уже точно знал, что он должен сделать. Он поднял дрожащую руку с пистолетом... Ник отвернулся.",
episode2.nodes.e2_hospital_19.data.text,"Неожиданно друг Ника открыл глаза. Мертвые, без зрачков. Дэвид уже точно знал, что он должен сделать. Он поднял дрожащую руку с пистолетом... Ник отвернулся.",
episode2.nodes.e2_hospital_19.title,e2_hospital_19,
episode2.nodes.e2_hospital_19__choice_0.data.text,Далее,
episode2.nodes.e2_hospital_19__choice_0.title,Далее,
episode2.nodes.e2_hospital_19__pickup.title,Получение предмета,
episode2.nodes.e2_hospital_1__choice_0.data.text,Далее,
episode2.nodes.e2_hospital_1__choice_0.title,Далее,
episode2.nodes.e2_hospital_2.data.blocks.0.text,"Работа шла своим чередом, спокойно и ненапряжно: несложные операции Дэвид не проводил, оставляя данную возможность своим менее опытным коллегам. Однако, все перевернулось с ног на голову, когда в больницу привезли раненого полицейского со следами укусов и множеством огнестрельных ранений.",
episode2.nodes.e2_hospital_2.data.text,"Работа шла своим чередом, спокойно и ненапряжно: несложные операции Дэвид не проводил, оставляя данную возможность своим менее опытным коллегам. Однако, все перевернулось с ног на голову, когда в больницу привезли раненого полицейского со следами укусов и множеством огнестрельных ранений.",
episode2.nodes.e2_hospital_2.title,e2_hospital_2,
episode2.nodes.e2_hospital_20.data.blocks.0.text,"Прозвучал выстрел, и... Шаги... Множество шаркающих шагов раздавалось по ту сторону двери. Теперь они в западне. За этой старой и хлипкой дверью, которую почему-то не стали менять во время недавнего ремонта, их ждет смерть. И чем больше пройдет времени, тем больше мертвецов придет на шум. Думай, Дэвид, думай!",
episode2.nodes.e2_hospital_20.data.text,"Прозвучал выстрел, и... Шаги... Множество шаркающих шагов раздавалось по ту сторону двери. Теперь они в западне. За этой старой и хлипкой дверью, которую почему-то не стали менять во время недавнего ремонта, их ждет смерть. И чем больше пройдет времени, тем больше мертвецов придет на шум. Думай, Дэвид, думай!",
episode2.nodes.e2_hospital_20.title,e2_hospital_20,
episode2.nodes.e2_hospital_20__choice_0.data.text,Далее,
episode2.nodes.e2_hospital_20__choice_0.title,Далее,
episode2.nodes.e2_hospital_20__choice_0__effects.title,Последствия выбора,
episode2.nodes.e2_hospital_2__choice_0.data.text,Далее,
episode2.nodes.e2_hospital_2__choice_0.title,Далее,
episode2.nodes.e2_hospital_3.data.blocks.0.text,"Ранения были серьезные, но не смертельные. Дэвид быстро достал пули, зашил раны и обработал странные укусы, похожие чуть ли не на человеческие...",
episode2.nodes.e2_hospital_3.data.text,"Ранения были серьезные, но не смертельные. Дэвид быстро достал пули, зашил раны и обработал странные укусы, похожие чуть ли не на человеческие...",
episode2.nodes.e2_hospital_3.title,e2_hospital_3,
episode2.nodes.e2_hospital_3__choice_0.data.text,Далее,
episode2.nodes.e2_hospital_3__choice_0.title,Далее,
episode2.nodes.e2_hospital_4.data.blocks.0.text,"Неожиданно пациенту резко стало хуже, сердце остановилось в считанные секунды, и никакие приборы не помогли запустить его вновь. Коллеги Дэвида констатировали смерть пациента и вышли «перекурить». Каховски же остался в операционной, в расстроенных чувствах перебирая в голове недавние действия, пытаясь найти свою ошибку. Смерть на его столе была редкой гостьей...",
episode2.nodes.e2_hospital_4.data.text,"Неожиданно пациенту резко стало хуже, сердце остановилось в считанные секунды, и никакие приборы не помогли запустить его вновь. Коллеги Дэвида констатировали смерть пациента и вышли «перекурить». Каховски же остался в операционной, в расстроенных чувствах перебирая в голове недавние действия, пытаясь найти свою ошибку. Смерть на его столе была редкой гостьей...",
episode2.nodes.e2_hospital_4.title,e2_hospital_4,
episode2.nodes.e2_hospital_4__choice_0.data.text,Далее,
episode2.nodes.e2_hospital_4__choice_0.title,Далее,
episode2.nodes.e2_hospital_5.data.blocks.0.text,"За дверью кто-то пронзительно закричал, послышался звон стекла. Дэвид уже хотел было выйти и проверить в чем дело, но тут его внимание привлекло движение в районе операционного стола... Еще недавно не подававший признаков жизни пациент двигался. Хирург застыл в нерешительности.",
episode2.nodes.e2_hospital_5.data.text,"За дверью кто-то пронзительно закричал, послышался звон стекла. Дэвид уже хотел было выйти и проверить в чем дело, но тут его внимание привлекло движение в районе операционного стола... Еще недавно не подававший признаков жизни пациент двигался. Хирург застыл в нерешительности.",
episode2.nodes.e2_hospital_5.title,e2_hospital_5,
episode2.nodes.e2_hospital_5__choice_0.data.text,Далее,
episode2.nodes.e2_hospital_5__choice_0.title,Далее,
episode2.nodes.e2_hospital_5_choice_11.data.text,"В интернете Дэвид читал о подобных случаях, начавшихся недавно в России. На спинке стула около него висела кобура с пистолетом полицейского... Но вдруг он ошибается?",
episode2.nodes.e2_hospital_5_choice_11.title,e2_hospital_5_choice_11,
episode2.nodes.e2_hospital_5_choice_11__choice_0.data.text,Достать пистолет,
episode2.nodes.e2_hospital_5_choice_11__choice_0.title,Достать пистолет,
episode2.nodes.e2_hospital_5_choice_11__choice_1.data.text,Попытаться помочь пациенту,
episode2.nodes.e2_hospital_5_choice_11__choice_1.title,Попытаться помочь пациенту,
episode2.nodes.e2_hospital_5_choice_11__choice_2.data.text,Выйти и позвать помощь,
episode2.nodes.e2_hospital_5_choice_11__choice_2.title,Выйти и позвать помощь,
episode2.nodes.e2_hospital_6.data.blocks.0.text,"Дэвид, быстро пятясь к двери, услышал за ней какие-то странные звуки: топот ног, крики, пару раз с нижних этажей прозвучали выстрелы. Осторожно выскользнув в коридор, он увидел парня, пытающего отогнать окровавленный труп от своего раненого друга. Да что здесь происходит?!",
episode2.nodes.e2_hospital_6.data.text,"Дэвид, быстро пятясь к двери, услышал за ней какие-то странные звуки: топот ног, крики, пару раз с нижних этажей прозвучали выстрелы. Осторожно выскользнув в коридор, он увидел парня, пытающего отогнать окровавленный труп от своего раненого друга. Да что здесь происходит?!",
episode2.nodes.e2_hospital_6.title,e2_hospital_6,
episode2.nodes.e2_hospital_6__choice_0.data.text,Далее,
episode2.nodes.e2_hospital_6__choice_0.title,Далее,
episode2.nodes.e2_hospital_6_choice_12.data.text,"Черт возьми, почему он не взял пистолет? Быть может, стоит все-таки за ним вернуться?",
episode2.nodes.e2_hospital_6_choice_12.title,e2_hospital_6_choice_12,
episode2.nodes.e2_hospital_6_choice_12__choice_0.data.text,Вернуться за пистолетом,
episode2.nodes.e2_hospital_6_choice_12__choice_0.title,Вернуться за пистолетом,
episode2.nodes.e2_hospital_6_choice_12__choice_1.data.text,Помочь парню,
episode2.nodes.e2_hospital_6_choice_12__choice_1.title,Помочь парню,
episode2.nodes.e2_hospital_6_choice_12__choice_2.data.text,Пробежать мимо,
episode2.nodes.e2_hospital_6_choice_12__choice_2.title,Пробежать мимо,
episode2.nodes.e2_hospital_7.data.blocks.0.text,"Новые знакомые подтащили бессознательное тело друга Ника к двери операционной, и Дэвид начал медленно открывать дверь. Ник терпеливо ждал, сжимая в руках свое оружие...",
episode2.nodes.e2_hospital_7.data.text,"Новые знакомые подтащили бессознательное тело друга Ника к двери операционной, и Дэвид начал медленно открывать дверь. Ник терпеливо ждал, сжимая в руках свое оружие...",
episode2.nodes.e2_hospital_7.title,e2_hospital_7,
episode2.nodes.e2_hospital_7__choice_0.data.text,Далее,
episode2.nodes.e2_hospital_7__choice_0.title,Далее,
episode2.nodes.e2_hospital_7_v2.data.blocks.0.text,"Дэвид тихонько приоткрыл дверь и заглянул в операционную: зомби (этих существ обычно так называли в фильмах) на столе не было. Хирург медленно, стараясь не привлечь к себе внимание, начал осматривать помещение. Неожиданно он услышал громкий шорох прямо за дверью...",
episode2.nodes.e2_hospital_7_v2.data.text,"Дэвид тихонько приоткрыл дверь и заглянул в операционную: зомби (этих существ обычно так называли в фильмах) на столе не было. Хирург медленно, стараясь не привлечь к себе внимание, начал осматривать помещение. Неожиданно он услышал громкий шорох прямо за дверью...",
episode2.nodes.e2_hospital_7_v2.title,e2_hospital_7_v2,
episode2.nodes.e2_hospital_7_v2__choice_0.data.text,Далее,
episode2.nodes.e2_hospital_7_v2__choice_0.title,Далее,
episode2.nodes.e2_hospital_8.data.blocks.0.text,"В следующий момент в дверь с обратной стороны ударило что-то тяжелое, и Дэвид резко рванул ручку на себя. Мертвец упал на пол, и тут же получил дыру в черепе от Ника. Два друга по несчастью втащили третьего в операционную, захлопнули за собой дверь и без сил осели на пол.",
episode2.nodes.e2_hospital_8.data.text,"В следующий момент в дверь с обратной стороны ударило что-то тяжелое, и Дэвид резко рванул ручку на себя. Мертвец упал на пол, и тут же получил дыру в черепе от Ника. Два друга по несчастью втащили третьего в операционную, захлопнули за собой дверь и без сил осели на пол.",
episode2.nodes.e2_hospital_8.title,e2_hospital_8,
episode2.nodes.e2_hospital_8__choice_0.data.text,Далее,
episode2.nodes.e2_hospital_8__choice_0.title,Далее,
episode2.nodes.e2_hospital_8_v2.data.blocks.0.text,"В следующий момент в дверь с обратной стороны ударило что-то тяжелое, и Дэвид, не ожидавший от живого трупа такой прыти, в панике отскочил назад, споткнулся об стоящее сзади инвалидное кресло и полетел на пол. Острый край скамьи завершил его падение...",
episode2.nodes.e2_hospital_8_v2.data.text,"В следующий момент в дверь с обратной стороны ударило что-то тяжелое, и Дэвид, не ожидавший от живого трупа такой прыти, в панике отскочил назад, споткнулся об стоящее сзади инвалидное кресло и полетел на пол. Острый край скамьи завершил его падение...",
episode2.nodes.e2_hospital_8_v2.title,e2_hospital_8_v2,
episode2.nodes.e2_hospital_8_v2__choice_0.data.text,Далее,
episode2.nodes.e2_hospital_8_v2__choice_0.title,Далее,
episode2.nodes.e2_hospital_9.data.blocks.0.text,"Дэвид в последний раз держал в руках оружие очень давно, и теперь ствол в его руках с непривычки ходил ходуном, сам он был весь в холодном поту. А еще он так и не решил, стоит ли нажимать на курок. Он нутром чувствовал — нельзя шуметь. В этот момент из другого конца коридора донесся полный животного ужаса крик...",
episode2.nodes.e2_hospital_9.data.text,"Дэвид в последний раз держал в руках оружие очень давно, и теперь ствол в его руках с непривычки ходил ходуном, сам он был весь в холодном поту. А еще он так и не решил, стоит ли нажимать на курок. Он нутром чувствовал — нельзя шуметь. В этот момент из другого конца коридора донесся полный животного ужаса крик...",
episode2.nodes.e2_hospital_9.title,e2_hospital_9,
episode2.nodes.e2_hospital_9__choice_0.data.text,Далее,
episode2.nodes.e2_hospital_9__choice_0.title,Далее,
episode2.nodes.e2_hospital_9_choice_13.data.text,"Мертвец был уже совсем близко. Даже Дэвид уже не сможет промахнуться и попадет ему в голову, как учили фильмы и сводки русских новостей. Решайся же, Каховски!",
episode2.nodes.e2_hospital_9_choice_13.title,e2_hospital_9_choice_13,
episode2.nodes.e2_hospital_9_choice_13__choice_0.data.text,Стрелять в зомби,
episode2.nodes.e2_hospital_9_choice_13__choice_0.title,Стрелять в зомби,
episode2.nodes.e2_hospital_9_choice_13__choice_1.data.text,Закрыть кабинет снаружи,
episode2.nodes.e2_hospital_9_choice_13__choice_1.title,Закрыть кабинет снаружи,
episode2.nodes.e2_lift_1.data.blocks.0.text,"Маленький отряд Дэвида кое-как добрался до лифтов. По дороге пришлось прикончить парочку живых трупов, но им это было уже не впервой. Раненого положили прямо на пол, и Ник нажал на клавишу вызова.",
episode2.nodes.e2_lift_1.data.text,"Маленький отряд Дэвида кое-как добрался до лифтов. По дороге пришлось прикончить парочку живых трупов, но им это было уже не впервой. Раненого положили прямо на пол, и Ник нажал на клавишу вызова.",
episode2.nodes.e2_lift_1.title,e2_lift_1,
episode2.nodes.e2_lift_1__choice_0.data.text,Далее,
episode2.nodes.e2_lift_1__choice_0.title,Далее,
episode2.nodes.e2_lift_1_v2.data.blocks.0.text,"Дэвид осторожно подошел к створкам лифта и прислушался. На первый взгляд все было тихо, только грохотал пулемет внизу. Хирург нажал кнопку вызова.",
episode2.nodes.e2_lift_1_v2.data.text,"Дэвид осторожно подошел к створкам лифта и прислушался. На первый взгляд все было тихо, только грохотал пулемет внизу. Хирург нажал кнопку вызова.",
episode2.nodes.e2_lift_1_v2.title,e2_lift_1_v2,
episode2.nodes.e2_lift_1_v2__choice_0.data.text,Далее,
episode2.nodes.e2_lift_1_v2__choice_0.title,Далее,
episode2.nodes.e2_lift_2.data.blocks.0.text,"Внизу неспешно загудел лифт, поднимаясь на нужный этаж. Неужели они выберутся? Дэвид взял Дина под руки, Ник взялся за его ноги. Лифт был уже совсем рядом...",
episode2.nodes.e2_lift_2.data.text,"Внизу неспешно загудел лифт, поднимаясь на нужный этаж. Неужели они выберутся? Дэвид взял Дина под руки, Ник взялся за его ноги. Лифт был уже совсем рядом...",
episode2.nodes.e2_lift_2.title,e2_lift_2,
episode2.nodes.e2_lift_2__choice_0.data.text,Далее,
episode2.nodes.e2_lift_2__choice_0.title,Далее,
episode2.nodes.e2_lift_2_v2.data.blocks.0.text,"Внизу неспешно загудел лифт, поднимаясь на нужный этаж. Дэвид пока так и не решил: поедет ли он сразу на первый этаж или же выйдет раньше, чтобы объединиться с теми, кто сейчас яростно отстреливался несколькими этажами ниже.",
episode2.nodes.e2_lift_2_v2.data.text,"Внизу неспешно загудел лифт, поднимаясь на нужный этаж. Дэвид пока так и не решил: поедет ли он сразу на первый этаж или же выйдет раньше, чтобы объединиться с теми, кто сейчас яростно отстреливался несколькими этажами ниже.",
episode2.nodes.e2_lift_2_v2.title,e2_lift_2_v2,
episode2.nodes.e2_lift_2_v2__choice_0.data.text,Далее,
episode2.nodes.e2_lift_2_v2__choice_0.title,Далее,
episode2.nodes.e2_lift_3.title,e2_lift_3,
episode2.nodes.e2_lift_3__choice_0.data.text,Далее,
episode2.nodes.e2_lift_3__choice_0.title,Далее,
episode2.nodes.e2_lift_3_v2.title,e2_lift_3_v2,
episode2.nodes.e2_lift_3_v2__choice_0.data.text,Далее,
episode2.nodes.e2_lift_3_v2__choice_0.title,Далее,
episode2.nodes.e2_main_1.data.blocks.0.text,"Как Дэвид умудрился преодолеть целое больничное крыло — он не помнил. В приступе животного ужаса хирург бежал так, как никогда не бегал. И теперь Дэвид стоял, оперевшись на стену, и пытался прийти в себя. Ужасно кружилась голова от перенапряжения. Но надо идти дальше...",
episode2.nodes.e2_main_1.data.text,"Как Дэвид умудрился преодолеть целое больничное крыло — он не помнил. В приступе животного ужаса хирург бежал так, как никогда не бегал. И теперь Дэвид стоял, оперевшись на стену, и пытался прийти в себя. Ужасно кружилась голова от перенапряжения. Но надо идти дальше...",
episode2.nodes.e2_main_1.title,e2_main_1,
episode2.nodes.e2_main_10.data.blocks.0.text,"Вылетев на улицу, небольшой отряд, в котором находился Дэвид, тут же рванул к припаркованному неподалеку темному фургону. Преследующие людей зомби то и дело падали, их координация все же была несравнима с человеческой. Этот факт и не прекращающийся огонь бойцов — все это помогло почти всем погрузиться в фургон.",
episode2.nodes.e2_main_10.data.text,"Вылетев на улицу, небольшой отряд, в котором находился Дэвид, тут же рванул к припаркованному неподалеку темному фургону. Преследующие людей зомби то и дело падали, их координация все же была несравнима с человеческой. Этот факт и не прекращающийся огонь бойцов — все это помогло почти всем погрузиться в фургон.",
episode2.nodes.e2_main_10.title,e2_main_10,
episode2.nodes.e2_main_10__choice_0.data.text,Далее,
episode2.nodes.e2_main_10__choice_0.title,Далее,
episode2.nodes.e2_main_11.title,e2_main_11,
episode2.nodes.e2_main_11__choice_0.data.text,Далее,
episode2.nodes.e2_main_11__choice_0.title,Далее,
episode2.nodes.e2_main_1__choice_0.data.text,Спуститься по лестнице,
episode2.nodes.e2_main_1__choice_0.title,Спуститься по лестнице,
episode2.nodes.e2_main_1__choice_1.data.text,Вызвать лифт,
episode2.nodes.e2_main_1__choice_1.title,Вызвать лифт,
episode2.nodes.e2_main_1_v2.data.blocks.0.text,"Подождав, пока шаги мертвецов затихнут в конце коридора, хирург вышел из-за стойки и направился по направлению к лестнице. Он хотел спуститься туда, где недавно слышались выстрелы автоматического оружия.",
episode2.nodes.e2_main_1_v2.data.text,"Подождав, пока шаги мертвецов затихнут в конце коридора, хирург вышел из-за стойки и направился по направлению к лестнице. Он хотел спуститься туда, где недавно слышались выстрелы автоматического оружия.",
episode2.nodes.e2_main_1_v2.title,e2_main_1_v2,
episode2.nodes.e2_main_1_v2__choice_0.data.text,Спуститься по лестнице,
episode2.nodes.e2_main_1_v2__choice_0.title,Спуститься по лестнице,
episode2.nodes.e2_main_1_v2__choice_1.data.text,Вызвать лифт,
episode2.nodes.e2_main_1_v2__choice_1.title,Вызвать лифт,
episode2.nodes.e2_main_1_v3.data.blocks.0.text,"В приступе животного страха Дэвид пробежал через все больничное крыло. В конце концов он, тяжело дыша, согнулся в попытке отдышаться. «Черт, как же кружится голова... Еще и патронов нет теперь. Проклятье!». Ставший бесполезным пистолет Дэвид просто выбросил, чтобы тот не оттягивал руки.",
episode2.nodes.e2_main_1_v3.data.text,"В приступе животного страха Дэвид пробежал через все больничное крыло. В конце концов он, тяжело дыша, согнулся в попытке отдышаться. «Черт, как же кружится голова... Еще и патронов нет теперь. Проклятье!». Ставший бесполезным пистолет Дэвид просто выбросил, чтобы тот не оттягивал руки.",
episode2.nodes.e2_main_1_v3.title,e2_main_1_v3,
episode2.nodes.e2_main_1_v3__choice_0.data.text,Спуститься по лестнице,
episode2.nodes.e2_main_1_v3__choice_0.title,Спуститься по лестнице,
episode2.nodes.e2_main_1_v3__choice_1.data.text,Вызвать лифт,
episode2.nodes.e2_main_1_v3__choice_1.title,Вызвать лифт,
episode2.nodes.e2_main_2.data.blocks.0.text,"Подходя к лестнице, Дэвид услышал бряцанье оружия буквально этажом ниже. «Эй! Вы меня слышите? Там, внизу!» — позвал Каховски, увидев вооруженных бойцов какого-то спецподразделения. Его услышали, подпустили поближе и буквально с ног до головы обсветили фонарем — сюрпризы были никому не нужны.",
episode2.nodes.e2_main_2.data.text,"Подходя к лестнице, Дэвид услышал бряцанье оружия буквально этажом ниже. «Эй! Вы меня слышите? Там, внизу!» — позвал Каховски, увидев вооруженных бойцов какого-то спецподразделения. Его услышали, подпустили поближе и буквально с ног до головы обсветили фонарем — сюрпризы были никому не нужны.",
episode2.nodes.e2_main_2.title,e2_main_2,
episode2.nodes.e2_main_2__choice_0.data.text,Далее,
episode2.nodes.e2_main_2__choice_0.title,Далее,
episode2.nodes.e2_main_3.data.blocks.0.text,"Света на лестнице не было. Это усложняло задачу бойцам, двигавшимся к одному из пожарных выходов. По главному же выходу сейчас работали крупнокалиберные пулеметы, выкашивая прущих из больницы мертвецов.",
episode2.nodes.e2_main_3.data.text,"Света на лестнице не было. Это усложняло задачу бойцам, двигавшимся к одному из пожарных выходов. По главному же выходу сейчас работали крупнокалиберные пулеметы, выкашивая прущих из больницы мертвецов.",
episode2.nodes.e2_main_3.title,e2_main_3,
episode2.nodes.e2_main_3__choice_0.data.text,Далее,
episode2.nodes.e2_main_3__choice_0.title,Далее,
episode2.nodes.e2_main_3_choice_21.data.text,"Быть может, стоит попросить какое-нибудь оружие у одного из бойцов? Тогда Дэвид был бы хоть немного полезен группе.",
episode2.nodes.e2_main_3_choice_21.title,e2_main_3_choice_21,
episode2.nodes.e2_main_3_choice_21__choice_0.data.text,Попросить пистолет у бойца,
episode2.nodes.e2_main_3_choice_21__choice_0.title,Попросить пистолет у бойца,
episode2.nodes.e2_main_3_choice_21__choice_1.data.text,Идти в середине группы,
episode2.nodes.e2_main_3_choice_21__choice_1.title,Идти в середине группы,
episode2.nodes.e2_main_4.data.blocks.0.text,"Иногда то с одной стороны, то с другой на отряд набредали мертвые, но спецназ четко и слажено устранял угрозу. Короткие автоматические ружья (Дэвид никогда не разбирался в оружии), которыми были вооружены бойцы, идеально подходили для таких боев.",
episode2.nodes.e2_main_4.data.text,"Иногда то с одной стороны, то с другой на отряд набредали мертвые, но спецназ четко и слажено устранял угрозу. Короткие автоматические ружья (Дэвид никогда не разбирался в оружии), которыми были вооружены бойцы, идеально подходили для таких боев.",
episode2.nodes.e2_main_4.title,e2_main_4,
episode2.nodes.e2_main_4__choice_0.data.text,Далее,
episode2.nodes.e2_main_4__choice_0.title,Далее,
episode2.nodes.e2_main_5.data.blocks.0.text,Бойцы авангарда группы подошли к выходу на первый этаж и тут же уткнулись в гору трупов. Здесь спецназ впервые столкнулся с зомби. И понес первые потери.,
episode2.nodes.e2_main_5.data.text,Бойцы авангарда группы подошли к выходу на первый этаж и тут же уткнулись в гору трупов. Здесь спецназ впервые столкнулся с зомби. И понес первые потери.,
episode2.nodes.e2_main_5.title,e2_main_5,
episode2.nodes.e2_main_5__choice_0.data.text,Далее,
episode2.nodes.e2_main_5__choice_0.title,Далее,
episode2.nodes.e2_main_6.data.blocks.0.text,"Двери пожарного выхода оказалась закрыта снаружи, ручки с обратной стороны были перемотаны цепями, но спецназ знал об этом — это было частью плана. Командир отряда приказал использовать взрывчатку, чтобы разделаться с препятствием.",
episode2.nodes.e2_main_6.data.text,"Двери пожарного выхода оказалась закрыта снаружи, ручки с обратной стороны были перемотаны цепями, но спецназ знал об этом — это было частью плана. Командир отряда приказал использовать взрывчатку, чтобы разделаться с препятствием.",
episode2.nodes.e2_main_6.title,e2_main_6,
episode2.nodes.e2_main_6__choice_0.data.text,Далее,
episode2.nodes.e2_main_6__choice_0.title,Далее,
episode2.nodes.e2_main_7.data.blocks.0.text,"Все были заняты своими обязанностями, поэтому лишь Дэвид заметил, как один из бойцов сел на одно колено, как будто завязывая шнурки. Вдруг его передернуло, а затем из глаз, носа и ушей хлынула кровь. Все это происходило удивительно быстро...",
episode2.nodes.e2_main_7.data.text,"Все были заняты своими обязанностями, поэтому лишь Дэвид заметил, как один из бойцов сел на одно колено, как будто завязывая шнурки. Вдруг его передернуло, а затем из глаз, носа и ушей хлынула кровь. Все это происходило удивительно быстро...",
episode2.nodes.e2_main_7.title,e2_main_7,
episode2.nodes.e2_main_7__choice_0.data.text,Далее,
episode2.nodes.e2_main_7__choice_0.title,Далее,
episode2.nodes.e2_main_7_choice_22.data.text,"На первом этаже, как сказал командир группы, количество мертвецов просто неимоверное. Шум здесь может привлечь их внимание...",
episode2.nodes.e2_main_7_choice_22.title,e2_main_7_choice_22,
episode2.nodes.e2_main_7_choice_22__choice_0.data.text,Свалить мертвеца,
episode2.nodes.e2_main_7_choice_22__choice_0.title,Свалить мертвеца,
episode2.nodes.e2_main_7_choice_22__choice_1.data.text,Поднять тревогу,
episode2.nodes.e2_main_7_choice_22__choice_1.title,Поднять тревогу,
episode2.nodes.e2_main_7_choice_22__choice_2.data.text,Застрелить обратившегося,
episode2.nodes.e2_main_7_choice_22__choice_2.title,Застрелить обратившегося,
episode2.nodes.e2_main_7_choice_22__choice_2__effects.title,Последствия выбора,
episode2.nodes.e2_main_7_choice_22__choice_2__requires.title,Доступность ответа,
episode2.nodes.e2_main_8.data.blocks.0.text,"Все всё поняли без слов. В следующий момент боец, контролировавший лестницу примчался, крича: «Много, очень! Готовьтесь!». Спецназовцы, все как один, направили стволы в темный проход коридора и...",
episode2.nodes.e2_main_8.data.text,"Все всё поняли без слов. В следующий момент боец, контролировавший лестницу примчался, крича: «Много, очень! Готовьтесь!». Спецназовцы, все как один, направили стволы в темный проход коридора и...",
episode2.nodes.e2_main_8.title,e2_main_8,
episode2.nodes.e2_main_8__choice_0.data.text,Далее,
episode2.nodes.e2_main_8__choice_0.title,Далее,
episode2.nodes.e2_main_9.data.blocks.0.text,"Послышался взрыв, створки двери с треском распахнулись под ударом армейского сапога, и отряд ринулся на улицу. Замыкающие бойцы еще какое-то время яростно поливали прущих зомби свинцом, но затем и они рванули следом.",
episode2.nodes.e2_main_9.data.text,"Послышался взрыв, створки двери с треском распахнулись под ударом армейского сапога, и отряд ринулся на улицу. Замыкающие бойцы еще какое-то время яростно поливали прущих зомби свинцом, но затем и они рванули следом.",
episode2.nodes.e2_main_9.title,e2_main_9,
episode2.nodes.e2_main_9__choice_0.data.text,Далее,
episode2.nodes.e2_main_9__choice_0.title,Далее,
episode2.nodes.e2_mark23.data.text,"Mark 23, 12 патронов .45 ACP",
episode2.nodes.e2_mark23.title,e2_mark23,
episode2.nodes.e2_mark23__choice_0.data.text,Забрать,
episode2.nodes.e2_mark23__choice_0.title,Забрать,
episode2.nodes.e2_mark23__entry.title,При входе,
episode2.nodes.e2_result_33.data.text,"Гениальный хирург Дэвид Каховски был съеден собственным пациентом, как и встреченные им бедные парни, которые так и не смогли отбиться от все пребывающей толпы живых трупов.",
episode2.nodes.e2_result_33.title,e2_result_33,
episode2.nodes.e2_result_34.data.text,"Зомби вырвал кусок плоти из руки Дэвида, перекусив артерию. Пульсирующая алая кровь стала заливать пол. Погребенный под кучей проводов и приборов Дэвид Каховски был уже не жилец.",
episode2.nodes.e2_result_34.title,e2_result_34,
episode2.nodes.e2_result_35.data.text,"Прошло несколько часов. Ник отключился, добитый смертью своего друга, а Дэвид лежал на операционном столе и, прикрыв глаза, думал о родителях. Как они там? Станции сотовой связи еще работали, и хирург вот уже в десятый раз прослушивал сообщение о «недоступности абонента»... В это же время черный вертолет без каких-либо опознавательных знаков коршуном завис над погибающим городом.",
episode2.nodes.e2_result_35.title,e2_result_35,
episode2.nodes.e2_result_36.data.text,"Лифт был большим и просторным. Казалось бы, если он приехал, значит он пустой. Дэвид ошибся. Двери открылись и многоголосый вой и рык разорвали тишину больницы. Убежать не успел никто.",
episode2.nodes.e2_result_36.title,e2_result_36,
episode2.nodes.e2_result_37.data.text,"Стоящий на ступеньках мертвец дернулся в сторону Дэвида, оступился и полетел вниз. Каховски не успел среагировать и свалился на пол, придавленный тяжеленным зомби. Зубы мертвеца прокусили халат Дэвида, впились ему в бок и тишину больницы разорвал полный ужаса крик. А сверху уже приближались новые мертвецы. Еще секунды и...",
episode2.nodes.e2_result_37.title,e2_result_37,
episode2.nodes.e2_result_38.data.text,"Спустя некоторое время винтокрылая машина SH-60 Seahawk оторвалась от крыши больницы, и Дэвид полетел прочь от этого склепа, где он еще сегодня работал. Дэвид Каховски был спасен.",
episode2.nodes.e2_result_38.title,e2_result_38,
episode2.nodes.e2_result_39.data.text,"Дэвид Каховски застрелен пулеметчиком, принявшим его за мертвеца.",
episode2.nodes.e2_result_39.title,e2_result_39,
episode2.nodes.e2_result_40.data.text,"Сзади послышались быстрые шаги, и Дэвид понял, что не успевает обернуться... Взмах, затем удар, он провалился в темноту. Он был прав, когда думал, что кто-то его преследует. Он даже догадывался, кто это был... Все же надо было помочь парню.",
episode2.nodes.e2_result_40.title,e2_result_40,
episode2.nodes.e2_result_41.data.text,"Дэвид отскочил от двери, пытаясь оказаться как можно дальше от этих безумных глаз и окровавленных зубов, и в комнату хлынули мертвецы. У хирурга не было шансов выжить.",
episode2.nodes.e2_result_41.title,e2_result_41,
episode2.nodes.e2_result_42.data.text,"Мертвецы оказались сразу всюду: они выбегали из дверей кабинетов, вываливались с лестницы, перли из коридоров. Сначала у Дэвида еще была надежда, что они отобьются, но она очень быстро угасла, когда то у одного, то другого бойца спецназа стали заканчиваться патроны в магазине...",
episode2.nodes.e2_result_42.title,e2_result_42,
episode2.nodes.e2_result_43.data.text,"Водитель вдавил педаль газа в пол, и темный фургон с надписью «SWAT» на борту рванул прочь от больницы. Дэвид с облегчением откинулся на спинку сидения... Он был спасен! Он жив!",
episode2.nodes.e2_result_43.title,e2_result_43,
episode2.nodes.e2_result_44.data.text,"Дэвид пригвоздил мертвеца к земле и собирался уже размозжить ему череп, но один из бойцов, не разобравшись в том, что происходит, врезал хирургу в висок прикладом, от чего тот потерял сознание и был тут же укушен вырвавшимся зомби. То, как толпа живых трупов смела спецназовцев, Дэвид уже не видел...",
episode2.nodes.e2_result_44.title,e2_result_44,
episode2.nodes.e2_result_45.data.text,"Лифт был уже практически рядом, и Дэвид подошел вплотную к дверям, чтобы побыстрее оказаться внутри, ведь на шум могли прийти мертвецы. Лифт оказался не пустым... Каховски совершенно не ожидал, что там мог кто-то находиться. Тем более, толпа живых трупов.",
episode2.nodes.e2_result_45.title,e2_result_45,
episode2.nodes.e2_result_46.data.text,Мертвец набросился на Дэвида и укусил его. Крики хирурга привлекли других зомби. Спасение было близко...,
episode2.nodes.e2_result_46.title,e2_result_46,
episode2.nodes.e2_result_47.data.text,"Прошло несколько минут, и под капотом машины заурчало. Дэвид, прикрывавший своего нового напарника на улице, также разбил стекло, уселся на пассажирское сидение и автомобиль рванулся прочь из города.",
episode2.nodes.e2_result_47.title,e2_result_47,
episode2.nodes.e2_result_48.data.text,Пистолет в руках бойца выпустил на волю смертельный кусочек свинца... Для Дэвида борьба за жизнь была окончена.,
episode2.nodes.e2_result_48.title,e2_result_48,
episode2.nodes.e2_result_49.data.text,"Из окна было видно, что военные подогнали уже несколько танков к больнице. На улице что-то громко ухнуло, и стена рядом с которой находился Дэвид взорвалась, во все стороны полетели осколки стекла и куски бетона. Хирург погиб под завалами.",
episode2.nodes.e2_result_49.title,e2_result_49,
episode2.nodes.e2_roof_1.data.blocks.0.text,"Дэвид очень боялся, что вертолет улетит, поэтому бежал изо всех сил, отскакивая от появляющихся из-за дверей палат зомби. Только добежав до лестницы, он позволил себе короткую передышку... Снизу к нему уже поднимались мертвые, неуклюже передвигая конечностями.",
episode2.nodes.e2_roof_1.data.text,"Дэвид очень боялся, что вертолет улетит, поэтому бежал изо всех сил, отскакивая от появляющихся из-за дверей палат зомби. Только добежав до лестницы, он позволил себе короткую передышку... Снизу к нему уже поднимались мертвые, неуклюже передвигая конечностями.",
episode2.nodes.e2_roof_1.title,e2_roof_1,
episode2.nodes.e2_roof_10.data.blocks.0.text,"Дэвид распахнул дверь наружу и сразу увидел ствол крупнокалиберного пулемета, повернутый в его сторону. Он поднял руки вверх и медленно, не делая резких движений и крича что-то о том, что он человек, начал приближаться к вертолету.",
episode2.nodes.e2_roof_10.data.text,"Дэвид распахнул дверь наружу и сразу увидел ствол крупнокалиберного пулемета, повернутый в его сторону. Он поднял руки вверх и медленно, не делая резких движений и крича что-то о том, что он человек, начал приближаться к вертолету.",
episode2.nodes.e2_roof_10.title,e2_roof_10,
episode2.nodes.e2_roof_10__choice_0.data.text,Далее,
episode2.nodes.e2_roof_10__choice_0.title,Далее,
episode2.nodes.e2_roof_11.data.blocks.0.text,"После того, как Дэвида бегло проверили на наличие укусов, царапин и прочего, его пустили в вертолет. Там уже находились спасенные военными люди. Из разговоров хирург узнал, что бойцы прибыли с ближайшей военной базы.",
episode2.nodes.e2_roof_11.data.text,"После того, как Дэвида бегло проверили на наличие укусов, царапин и прочего, его пустили в вертолет. Там уже находились спасенные военными люди. Из разговоров хирург узнал, что бойцы прибыли с ближайшей военной базы.",
episode2.nodes.e2_roof_11.title,e2_roof_11,
episode2.nodes.e2_roof_11__choice_0.data.text,Далее,
episode2.nodes.e2_roof_11__choice_0.title,Далее,
episode2.nodes.e2_roof_12.data.blocks.0.text,"Дверь на крышу распахнулась и из-за нее показалось окровавленное существо, ревущее что-то нечленораздельное. Дэвиду очень тяжело дался бой с этой толпой. Он чудом выбрался. Чудом! Но стрелок вертолета не хотел рисковать. Щелчок, и патроны пятидесятого калибра рвут тело на части...",
episode2.nodes.e2_roof_12.data.text,"Дверь на крышу распахнулась и из-за нее показалось окровавленное существо, ревущее что-то нечленораздельное. Дэвиду очень тяжело дался бой с этой толпой. Он чудом выбрался. Чудом! Но стрелок вертолета не хотел рисковать. Щелчок, и патроны пятидесятого калибра рвут тело на части...",
episode2.nodes.e2_roof_12.title,e2_roof_12,
episode2.nodes.e2_roof_12__choice_0.data.text,Далее,
episode2.nodes.e2_roof_12__choice_0.title,Далее,
episode2.nodes.e2_roof_1__choice_0.data.text,Далее,
episode2.nodes.e2_roof_1__choice_0.title,Далее,
episode2.nodes.e2_roof_2.data.blocks.0.text,"Почему на лестнице так темно? Ну вот почему так не вовремя ремонт то этот... Вчера же должны были закончить! Дэвид изо всех сил напрягал глаза и слух, чтобы в этом полумраке неожиданно не наткнуться на что-нибудь. Мертвое.",
episode2.nodes.e2_roof_2.data.text,"Почему на лестнице так темно? Ну вот почему так не вовремя ремонт то этот... Вчера же должны были закончить! Дэвид изо всех сил напрягал глаза и слух, чтобы в этом полумраке неожиданно не наткнуться на что-нибудь. Мертвое.",
episode2.nodes.e2_roof_2.title,e2_roof_2,
episode2.nodes.e2_roof_2__choice_0.data.text,Далее,
episode2.nodes.e2_roof_2__choice_0.title,Далее,
episode2.nodes.e2_roof_3.data.blocks.0.text,"Поворот, еще... Вроде все тихо. Поворот. Черт, черт, черт! Каховски инстинктивно отпрянул от ползущего на него вниз по лестнице окровавленного зомби, бывшего когда-то девушкой.",
episode2.nodes.e2_roof_3.data.text,"Поворот, еще... Вроде все тихо. Поворот. Черт, черт, черт! Каховски инстинктивно отпрянул от ползущего на него вниз по лестнице окровавленного зомби, бывшего когда-то девушкой.",
episode2.nodes.e2_roof_3.title,e2_roof_3,
episode2.nodes.e2_roof_3__choice_0.data.text,Далее,
episode2.nodes.e2_roof_3__choice_0.title,Далее,
episode2.nodes.e2_roof_3__choice_0__requires.title,Доступность ответа,
episode2.nodes.e2_roof_3__choice_1.data.text,Далее,
episode2.nodes.e2_roof_3__choice_1.title,Далее,
episode2.nodes.e2_roof_3__choice_1__requires.title,Доступность ответа,
episode2.nodes.e2_roof_3_choice_17.data.text,"Дэвиду так не хотелось шуметь, стреляя из пистолета, но и оставлять за собой это существо было не лучшей идеей.",
episode2.nodes.e2_roof_3_choice_17.title,e2_roof_3_choice_17,
episode2.nodes.e2_roof_3_choice_17__choice_0.data.text,Застрелить зомби,
episode2.nodes.e2_roof_3_choice_17__choice_0.title,Застрелить зомби,
episode2.nodes.e2_roof_3_choice_17__choice_1.data.text,Перепрыгнуть через мертвеца,
episode2.nodes.e2_roof_3_choice_17__choice_1.title,Перепрыгнуть через мертвеца,
episode2.nodes.e2_roof_4.title,e2_roof_4,
episode2.nodes.e2_roof_4__choice_0.data.text,Далее,
episode2.nodes.e2_roof_4__choice_0.title,Далее,
episode2.nodes.e2_roof_5.data.blocks.0.text,"Каховски выстрелил и спокойно поднял глаза, замечая прущих сверху зомби. На его лице появилась маниакальныя улыбка... Это ходячее мясо не остановит его. Дэвид дойдет! Он навел пистолет на ближайщего мертвеца и спустил курок...",
episode2.nodes.e2_roof_5.data.text,"Каховски выстрелил и спокойно поднял глаза, замечая прущих сверху зомби. На его лице появилась маниакальныя улыбка... Это ходячее мясо не остановит его. Дэвид дойдет! Он навел пистолет на ближайщего мертвеца и спустил курок...",
episode2.nodes.e2_roof_5.title,e2_roof_5,
episode2.nodes.e2_roof_5__choice_0.data.text,Далее,
episode2.nodes.e2_roof_5__choice_0.title,Далее,
episode2.nodes.e2_roof_6.title,e2_roof_6,
episode2.nodes.e2_roof_6__choice_0.data.text,Далее,
episode2.nodes.e2_roof_6__choice_0.title,Далее,
episode2.nodes.e2_roof_7.data.blocks.0.text,"Оперевшись рукой на перила, Дэвид оттолкнулся ногой от головы мертвеца и оказался за его спиной. Стараясь побыстрей уйти от ползущей за ним «мертвячки», хирург слишком быстро вылетел на следующий пролет и...",
episode2.nodes.e2_roof_7.data.text,"Оперевшись рукой на перила, Дэвид оттолкнулся ногой от головы мертвеца и оказался за его спиной. Стараясь побыстрей уйти от ползущей за ним «мертвячки», хирург слишком быстро вылетел на следующий пролет и...",
episode2.nodes.e2_roof_7.title,e2_roof_7,
episode2.nodes.e2_roof_7__choice_0.data.text,Далее,
episode2.nodes.e2_roof_7__choice_0.title,Далее,
episode2.nodes.e2_roof_8.title,e2_roof_8,
episode2.nodes.e2_roof_8__choice_0.data.text,Далее,
episode2.nodes.e2_roof_8__choice_0.title,Далее,
episode2.nodes.e2_roof_8__choice_0__requires.title,Доступность ответа,
episode2.nodes.e2_roof_8__choice_1.data.text,Далее,
episode2.nodes.e2_roof_8__choice_1.title,Далее,
episode2.nodes.e2_roof_8__choice_1__requires.title,Доступность ответа,
episode2.nodes.e2_roof_8__variant_0.title,Вариант сцены,
episode2.nodes.e2_roof_8__variant_1.title,Вариант сцены,
episode2.nodes.e2_roof_9.data.blocks.0.text,"Дэвид каким-то непостижимым образом умудрился прострелить летящему на него зомби башку, попав в висок, но не успел увернуться от тела и оказался придавленным к полу центнером мертвечины. Кажется, что ему осталось только молиться? Черт возьми, как бы не так! Толпа зомби прошаркала мимо вниз по летнице, не заметив его. Не веря своей удаче, Дэвид очень медленно высвободился из-под трупа... Путь наверх теперь был свободен!",
episode2.nodes.e2_roof_9.data.text,"Дэвид каким-то непостижимым образом умудрился прострелить летящему на него зомби башку, попав в висок, но не успел увернуться от тела и оказался придавленным к полу центнером мертвечины. Кажется, что ему осталось только молиться? Черт возьми, как бы не так! Толпа зомби прошаркала мимо вниз по летнице, не заметив его. Не веря своей удаче, Дэвид очень медленно высвободился из-под трупа... Путь наверх теперь был свободен!",
episode2.nodes.e2_roof_9.title,e2_roof_9,
episode2.nodes.e2_roof_9__choice_0.data.text,Далее,
episode2.nodes.e2_roof_9__choice_0.title,Далее,
episode2.selector.description,"Хирург Дэвид Каховски привык быть один на один со смертью. Но теперь все иначе, ведь на кону — его собственная жизнь.",
episode2.selector.title,"II. Скорее мертв, чем жив",
