key,ru,en
episode1.archive.city_routes.nodes.battery_decision.choices.0.text,Остановиться и выйти,
episode1.archive.city_routes.nodes.battery_decision.choices.1.text,Продолжать движение,
episode1.archive.city_routes.nodes.battery_decision.text,"Двигаться, пока не сядет аккумулятор или продолжить путь пешком?",
episode1.archive.city_routes.nodes.battery_return_decision.choices.0.text,Остановиться и выйти,
episode1.archive.city_routes.nodes.battery_return_decision.choices.1.text,Продолжать движение,
episode1.archive.city_routes.nodes.battery_return_decision.text,"Двигаться, пока не сядет аккумулятор или продолжить путь пешком?",
episode1.archive.city_routes.nodes.bite_transition.choices.0.text,Далее,
episode1.archive.city_routes.nodes.bitten.choices.0.text,Далее,
episode1.archive.city_routes.nodes.bitten.text,"Увидев перед собой прихрамывающую девушку, кровь на ее руке, Джек невольно 
приближается, хочет помочь. И стоило мужчине окликнуть несчастную, как та начала 
медленно и дерганно поворачиваться. Зараженная... Джек остолбенел, не в силах отвести 
взгляда от изуродованного лица девушки. В следующий момент монстр вцепился в руку 
Джека, и только нестерпимая боль вывела его из ступора.",
episode1.archive.city_routes.nodes.car_battery.choices.0.text,Далее,
episode1.archive.city_routes.nodes.car_battery.text,"С большим трудом выбравшись из города, Джек понял, что батарея его электрокара вот-
вот сядет. Что же делать? Оставить машину сейчас, пока вокруг никого нет, или ехать 
дальше сколько получится, пытаясь найти место для зарядки?",
episode1.archive.city_routes.nodes.car_battery_return.choices.0.text,Далее,
episode1.archive.city_routes.nodes.car_battery_return.text,"С большим трудом выбравшись из города, Джек понял, что батарея его электрокара вот-
вот сядет. Что же делать? Оставить машину сейчас, пока вокруг никого нет, или ехать 
дальше сколько получится, пытаясь найти место для зарядки?",
episode1.archive.city_routes.nodes.car_crowd.choices.0.text,Далее,
episode1.archive.city_routes.nodes.car_crowd.text,"Задумавшись о несостоявшемся ужине с подругой по работе, Джек неожиданно понимает, 
что путь ему преграждает толпа мертвецов (он наверняка знал, что живыми эти существа 
уж точно не были).",
episode1.archive.city_routes.nodes.car_decision.choices.0.text,Уехать из города,
episode1.archive.city_routes.nodes.car_decision.choices.1.text,Поехать в офис,
episode1.archive.city_routes.nodes.car_decision.text,"Возможно, стоит не ехать сегодня в офис, а уехать из города как можно скорей. Что же предпринять Джеку дальше?",
episode1.archive.city_routes.nodes.car_drive.choices.0.text,Далее,
episode1.archive.city_routes.nodes.car_drive.text,"Выбраться из города оказалось не так уж и просто... Не раз и не два на машину Джека 
кидались обезумевшие люди, походившие на оживших мертвецов из фильмов.",
episode1.archive.city_routes.nodes.car_fatal.choices.0.text,Далее,
episode1.archive.city_routes.nodes.car_trapped.choices.0.text,Далее,
episode1.archive.city_routes.nodes.car_trapped.text,"Как назло аккумулятор приказал долго жить. Зомби уже обступили машину, лезут на 
капот. Скоро лобовое стекло не выдержит. Как там было в одной из Обителей Зла? В этой 
ситуации остается только закурить? Но Джек никогда не курил. Предпочитал беречь 
здоровье... Забавно.",
episode1.archive.city_routes.nodes.checkpoint.choices.0.text,Далее,
episode1.archive.city_routes.nodes.checkpoint.text,"В полубреду Джек сам не понял, как вышел к военному заграждению на окраинах города. 
Здесь творился сущий хаос: толпы бредущих тел яростно хрипя перли прямо на дула 
пулеметов и винтовок солдат, асфальт округ был густо усеян трупами, кровью и 
килограммами стрелянных гильз.",
episode1.archive.city_routes.nodes.checkpoint_shot.choices.0.text,Далее,
episode1.archive.city_routes.nodes.checkpoint_shot.text,"Пока один из армейских батальонов и оставшаяся в живых часть спецназа отвлекала 
волны зараженных, чуть в стороне люди в защитных костюмах спешно проверяли 
выживших и пропускали за укрепления, подальше от этого ада. Джек со следом укуса на 
руке даже не успел ничего объяснить... Выстрел штурмовой винтовки прервал его на 
полуслове.",
episode1.archive.city_routes.nodes.city_car.choices.0.text,Далее,
episode1.archive.city_routes.nodes.city_car.text,"Отыскав припаркованную машину и сев в нее, Джек почувствовал неимоверное 
облегчение... Где-то в паре кварталов отсюда надрывно выла сирена, и слышались крики 
и грохот. Опасность чувствовалась буквально каждой частью тела.",
episode1.archive.city_routes.nodes.city_foot.choices.0.text,Далее,
episode1.archive.city_routes.nodes.city_foot.text,"Выйдя из подъезда, Джек замечает носилки скорой помощи со странным человеком на 
них: с нездорово бледным, осунувшимся окровавленным лицом... Странно все это.",
episode1.archive.city_routes.nodes.death_10.text,"Джек, как потенциально опасный индивид, убит военными.",
episode1.archive.city_routes.nodes.death_11.text,"Джек в панике побежал прочь от жутких мертвецов, споткнулся, упал, разбив стеклянный стол. Зомби настигли его, когда он, воя от боли в изрезанных руках, пытался встать.",
episode1.archive.city_routes.nodes.death_2.text,После взрыва такой мощности еще никому не удавалось остаться в живых.,
episode1.archive.city_routes.nodes.death_3.text,Зомби проломили лобовое стекло и залезли в автомобиль.,
episode1.archive.city_routes.nodes.death_5.text,"Один, под толщей металла и бетона в окружении толпы ходячих мертвецов... Теперь такой же. Как они.",
episode1.archive.city_routes.nodes.documents_decision.choices.0.text,Выйти тем же путем,
episode1.archive.city_routes.nodes.documents_decision.choices.1.text,Найти другой путь,
episode1.archive.city_routes.nodes.documents_decision.choices.2.text,Подняться на крышу,
episode1.archive.city_routes.nodes.documents_decision.text,"Забрав драгоценную папку, Джек начал возвращаться обратно, но шаркающие шаги слышались как раз с той стороны, откуда он пришел...",
episode1.archive.city_routes.nodes.door_blast.choices.0.text,Далее,
episode1.archive.city_routes.nodes.door_blast_inner.choices.0.text,Далее,
episode1.archive.city_routes.nodes.door_explosion.choices.0.text,Далее,
episode1.archive.city_routes.nodes.explosion_flash.choices.0.text,Далее,
episode1.archive.city_routes.nodes.farm_boundary.text,Следующий участок оригинала: OldFarmMov — загородный дом. Его игровая часть ещё не перенесена.,
episode1.archive.city_routes.nodes.forest_boundary.text,Следующий участок оригинала: ForestRun — путь через лес. Его игровая часть ещё не перенесена.,
episode1.archive.city_routes.nodes.mainstreet_boundary.text,Следующий участок оригинала: PerMov — главная улица. Его игровая часть ещё не перенесена.,
episode1.archive.city_routes.nodes.metro_chase.choices.0.text,Далее,
episode1.archive.city_routes.nodes.metro_chase.text,"Бредущий по эскалатору окровавленный мужчина заметил Джека и... побежал! Расстояние 
между людьми сокращалось со стремительной быстротой. Ведомый инстинктами Джек 
бросился бежать, не разбирая дороги и сам не понимая, чего так панически боится.",
episode1.archive.city_routes.nodes.metro_descent.choices.0.text,Далее,
episode1.archive.city_routes.nodes.metro_descent.text,"Темный спуск в метро уверенности не придал, как не придал и понимания творящегося 
вокруг. И чем дальше Джек спускался, тем тише становилась жуткая какофония улиц, тем 
сильнее обволакивала липкая холодная тьма.",
episode1.archive.city_routes.nodes.metro_junction.choices.0.text,Пробираться вглубь станции,
episode1.archive.city_routes.nodes.metro_junction.choices.1.text,Вернуться на поверхность,
episode1.archive.city_routes.nodes.metro_junction.text,"Что дальше? Пробираться вглубь станции или сразу на поверхность? И... Черт, да что 
здесь вообще происходит?! Кровь, кровь, КРОВЬ на закрытой уже второй месяц на ремонт 
станции бросила Джека в дрожь, сковала леденящим оцепенением.",
episode1.archive.city_routes.nodes.metro_platform.choices.0.text,Далее,
episode1.archive.city_routes.nodes.metro_platform.text,"Джеку всегда не хватало времени всерьез заняться спортом... Из последних сил взлетев 
по лестнице на платформу, он увидел, что единственный путь бегства — туннель, 
намертво перекрытый искореженным вагоном.",
episode1.archive.city_routes.nodes.metro_start.choices.0.text,Далее,
episode1.archive.city_routes.nodes.metro_start.text,"Нужно сказать прямо — идея оказалась не самая удачная. Теперь Джеку не оставалось 
ничего иного, кроме как попытаться спрятаться от приближающейся обезумевшей толпы. 
С людьми явно было что-то не так... Но что, черт возьми?!",
episode1.archive.city_routes.nodes.metro_surface.choices.0.text,Далее,
episode1.archive.city_routes.nodes.metro_surface.text,"Идущие навстречу Джеку по эскалатору мертвенно-бледные люди запутались в ногах и 
покатились вниз, подарив мужчине драгоценные секунды для бегства. Еще пара десятков 
метров, и он снова окажется на поверхности!",
episode1.archive.city_routes.nodes.metro_train.choices.0.text,Далее,
episode1.archive.city_routes.nodes.metro_train.text,"Вбежав в ближайшую раскрытую дверь, мужчина в ужасе отпрянул, заметив 
поднимающихся ему навстречу изуродованных людей. Еще секунда — и западня 
залопнулась, оставляя Джека лицом к лицу с... Нет, что за?! Нет, НЕЕТ!!!",
episode1.archive.city_routes.nodes.office_decision.choices.0.text,Незаметно пройти в офис,
episode1.archive.city_routes.nodes.office_decision.choices.1.text,Уехать из города,
episode1.archive.city_routes.nodes.office_decision.text,"В офисе находятся некоторые важные документы, нужно обязательно их забрать! Джек все не мог решиться шагнуть в темноту входа...",
episode1.archive.city_routes.nodes.office_documents.choices.0.text,Далее,
episode1.archive.city_routes.nodes.office_documents.text,"Помещение, где обычно работал Джек оказалось полностью погруженным во тьму и 
пришлось включить фонарик на брелке домашних ключей. Джек услышал шаги совсем 
рядом, прямо за стеной!",
episode1.archive.city_routes.nodes.office_drive.choices.0.text,Далее,
episode1.archive.city_routes.nodes.office_drive.text,"Трудолюбие и «сидячий» образ жизни скоро доканают Джека, но деньги есть деньги, 
причем немалые... Как там было на недавнем треннинге? «Трудолюбие — залог вашего 
успешного будущего». О как! И где теперь это будущее, черт бы вас побрал?",
episode1.archive.city_routes.nodes.office_enter.choices.0.text,Далее,
episode1.archive.city_routes.nodes.office_enter.text,"Внутри здания оказалось темно и пусто. То тут, то там попадались следы крови и борьбы. 
Некоторые двери были выломаны или имели вмятины. Джеку стало не по себе...",
episode1.archive.city_routes.nodes.office_exit.choices.0.text,Далее,
episode1.archive.city_routes.nodes.office_exit.text,"Выйдя на улицу Джек прищурился от яркого света и понял, что ему стоит поторопиться 
дойти до машины, пока заметившие его мертвецы еще далеко.",
episode1.archive.city_routes.nodes.office_fatal.choices.0.text,Далее,
episode1.archive.city_routes.nodes.office_fire_escape.choices.0.text,Далее,
episode1.archive.city_routes.nodes.office_fire_escape.text,"Про наличие в здании еще одной лестницы, пожарной, практически никто не знал. Она 
оказалась пуста, и уже через несколько минут Джек шел к выходу из офиса, которому 
посвятил пять лет своей жизни.",
episode1.archive.city_routes.nodes.office_floor.choices.0.text,Далее,
episode1.archive.city_routes.nodes.office_floor.text,"Осторожно поднявшись на второй этаж, Джек направился к своему рабочему месту. 
Иногда ему казалось что он слышит какие-то шаркающие звуки... Нужно поскорей забрать 
бумаги и выбраться отсюда!",
episode1.archive.city_routes.nodes.office_gate.choices.0.text,Далее,
episode1.archive.city_routes.nodes.office_gate.text,"Офис, где работал Джек находился рядом с Центральной больницей города, на окраине. И 
сейчас рядом с ней находилась чуть ли не вся полиция Нью-Тауна, слышались частые 
выстрелы. Перебросившись парой фраз с зеваками поблизости, Джек узнал, что скоро 
здесь будет армия, ибо этих тварей из больницы берет только прямое попадание в голову. 
«Чудненькие перспективы», — подытожил Джек.",
episode1.archive.city_routes.nodes.office_roof.choices.0.text,Далее,
episode1.archive.city_routes.nodes.office_roof.text,"Глупая была идея... Джек сел на край крыши, свесил вниз ноги и с грустью увидел, как 
мертвецы расправляются с остатками полицеских и военных. Это конец...",
episode1.archive.city_routes.nodes.office_roof_stairs.choices.0.text,Далее,
episode1.archive.city_routes.nodes.office_roof_stairs.text,"Хорошо, что в здании были лифты, и большинство людей пользовались именно ими. 
Джек, постоянно оглядываясь и светя фонариком во  все стороны, без особых проблем 
добрался до дверей, преграждающих выход на крышу.",
episode1.archive.city_routes.nodes.office_threat.choices.0.text,Далее,
episode1.archive.city_routes.nodes.office_threat.text,"Джек развернулся и пошел обратно к выходу. В тот момент, когда он уже практически 
прошел очередное помещение офиса, он отчетливо услышал шорох в метрах пяти слева 
от себя. Луч света резко прыгнул влево и... Кровь застыла у Джека в жилах...",
episode1.archive.city_routes.nodes.paid_car.choices.0.text,Далее,
episode1.archive.city_routes.nodes.paid_car.text,"Как всегда бывает при различного рода катастрофах и трагедиях, Джек смог найти 
человека, который за баснословную цену согласился вывезти его из Нью-Тауна.",
episode1.archive.city_routes.nodes.paid_car_outside.choices.0.text,Далее,
episode1.archive.city_routes.nodes.paid_car_outside.text,"Как только показались загородные дома, водитель Бьюика чуть ли не выбросил Джека, 
взяв с него целых 250$. Кровно заработанных причем! Так, ладно. И что делать дальше? 
Зомби, взрывы, трупы на улицах. А еще вчера Джек мирно сидел в своем тихом офисе в 
центре Нью-Тауна...",
episode1.archive.city_routes.nodes.roof_explosion.choices.0.text,Далее,
episode1.archive.city_routes.nodes.shop_decision.choices.0.text,Бежать из Нью-Тауна,
episode1.archive.city_routes.nodes.shop_decision.choices.1.text,Найти убежище в городе,
episode1.archive.city_routes.nodes.shop_decision.choices.2.text,Взять такси и уехать,
episode1.archive.city_routes.nodes.shop_decision.text,Что дальше? Попытаться найти убежище в городе или бежать из него со всех ног?,
episode1.archive.city_routes.nodes.shop_window.choices.0.text,Далее,
episode1.archive.city_routes.nodes.shop_window.text,"Понять хоть что-либо по разрозненным новостным сводкам было крайне сложно. На 
большинстве каналов бледные напомаженные ведущие лишь советовали ньютаунцам не 
создавать паники и по возможности не покидать домов. На улицах города тем временем 
продолжал твориться полный беспредел...",
episode1.archive.city_routes.nodes.street_decision.choices.0.text,Идти в офис дворами,
episode1.archive.city_routes.nodes.street_decision.choices.1.text,Дойти по главной улице,
episode1.archive.city_routes.nodes.street_decision.choices.2.text,Взять такси и уехать,
episode1.archive.city_routes.nodes.street_decision.text,Что же Джеку предпринять дальше? Добраться таки до офиса или лучше уехать из города?,
episode1.archive.city_routes.nodes.street_stretcher.choices.0.text,Далее,
episode1.archive.city_routes.nodes.street_stretcher.text,"Странно и страшно одновременно. Джек невольно поежился... Уж очень жутко выглядел 
мертвец на носилках.",
episode1.archive.city_routes.nodes.suburb_boundary.text,Следующий участок оригинала: Dorvud(2) — пригород. Его игровая часть ещё не перенесена.,
episode1.archive.city_routes.nodes.taxi_boundary.text,Следующий участок оригинала: TaxiMov — такси. Его игровая часть ещё не перенесена.,
episode1.archive.city_routes.nodes.taxi_escape_boundary.text,Следующий участок оригинала: TaxiMov(2) — бегство на такси. Его игровая часть ещё не перенесена.,
episode1.archive.episode1_routes.nodes.car_to_office.blocks.0.text,"Как всегда бывает при различного рода катастрофах и трагедиях, Джек смог найти человека, который за баснословную цену согласился довезти его, куда требуется.",
episode1.archive.episode1_routes.nodes.car_to_office.choices.0.text,Продолжить,
episode1.archive.episode1_routes.nodes.car_to_office.text,"Как всегда бывает при различного рода катастрофах и трагедиях, Джек смог найти 
человека, который за баснословную цену согласился довезти его, куда требуется.",
episode1.archive.episode1_routes.nodes.death_1.text,"Вашей ловкости оказалось недостаточно, чтобы убежать от зомби.",
episode1.archive.episode1_routes.nodes.death_10.text,"Джек, как потенциально опасный индивид, убит военными.",
episode1.archive.episode1_routes.nodes.death_11.text,"Джек в панике побежал прочь от жутких мертвецов, споткнулся, упал, разбив стеклянный стол. Зомби настигли его, когда он, воя от боли в изрезанных руках, пытался встать.",
episode1.archive.episode1_routes.nodes.death_2.text,После взрыва такой мощности еще никому не удавалось остаться в живых.,
episode1.archive.episode1_routes.nodes.death_3.text,Зомби проломили лобовое стекло и залезли в автомобиль.,
episode1.archive.episode1_routes.nodes.death_4.text,Мертвецы зажали Джека в развалинах какого-то сарая. Выхода не было.,
episode1.archive.episode1_routes.nodes.death_5.text,"Один, под толщей металла и бетона в окружении толпы ходячих мертвецов... Теперь такой же. Как они.",
episode1.archive.episode1_routes.nodes.death_7.text,Джек убит мародерами.,
episode1.archive.episode1_routes.nodes.death_8.text,"Одним зомби меньше, одним больше в этом лесу. И одного из них зовут Джек.",
episode1.archive.episode1_routes.nodes.death_9.text,Падение и потеря сознания стали для Джека роковыми.,
episode1.archive.episode1_routes.nodes.dorvud_choice.choices.0.text,Подняться наверх,
episode1.archive.episode1_routes.nodes.dorvud_choice.choices.1.text,Обследовать первый этаж,
episode1.archive.episode1_routes.nodes.dorvud_choice.text,Стоит ли проверять второй этаж или попытаться найти подходящее безопасное место на первом?,
episode1.archive.episode1_routes.nodes.dorvud_entry_1.blocks.0.text,"Спустя некоторое время Джек вышел к окраинам Дорвуда и сразу понял, что поиск убежища в городе будет нелегкой задачей.",
episode1.archive.episode1_routes.nodes.dorvud_entry_1.choices.0.text,Продолжить,
episode1.archive.episode1_routes.nodes.dorvud_entry_1.text,"Спустя некоторое время Джек вышел к окраинам Дорвуда и сразу понял, что поиск убежища в городе будет нелегкой задачей.",
episode1.archive.episode1_routes.nodes.dorvud_entry_2.blocks.0.text,"Джека высадили на окраине Дорвуда, маленького городишки, где в свое время жило всего лишь несколько тысяч жителей. Но теперь...",
episode1.archive.episode1_routes.nodes.dorvud_entry_2.choices.0.text,Продолжить,
episode1.archive.episode1_routes.nodes.dorvud_entry_2.text,"Джека высадили на окраине Дорвуда, маленького городишки, где в свое время жило всего лишь несколько тысяч жителей. Но теперь...",
episode1.archive.episode1_routes.nodes.dorvud_fall.blocks.0.text,"Оказавшись на втором этаже, Джек все же решился включить фонарик... В следующую секунду он уже в панике пятился назад к лестнице, наблюдая, как стоящий перед ним искусанный мертвец медленно «приходит в себя». Джек сделал еще один шаг назад, и пол неожиданно ушел из-под ног... Падение, ступеньки по ребрам, боль, темнота...",
episode1.archive.episode1_routes.nodes.dorvud_fall.choices.0.text,Продолжить,
episode1.archive.episode1_routes.nodes.dorvud_fall.text,"Оказавшись на втором этаже, Джек все же решился включить фонарик... В следующую 
секунду он уже в панике пятился назад к лестнице, наблюдая, как стоящий перед ним 
искусанный мертвец медленно «приходит в себя». Джек сделал еще один шаг назад, и 
пол неожиданно ушел из-под ног... Падение, ступеньки по ребрам, боль, темнота...",
episode1.archive.episode1_routes.nodes.dorvud_floor.blocks.0.text,"Половицы на первом этаже нещадно скрипели, пот струился ручьем... В здании уже почти не осталось неисследованных мест, и Джек понемногу начал терять надежду найти здесь хоть какой-нибудь укромный уголок. Выходить на улицу не хотелось совершенно...",
episode1.archive.episode1_routes.nodes.dorvud_floor.choices.0.text,Продолжить,
episode1.archive.episode1_routes.nodes.dorvud_floor.text,"Половицы на первом этаже нещадно скрипели, пот струился ручьем... В здании уже почти 
не осталось неисследованных мест, и Джек понемногу начал терять надежду найти здесь 
хоть какой-нибудь укромный уголок. Выходить на улицу не хотелось совершенно...",
episode1.archive.episode1_routes.nodes.dorvud_room.blocks.0.text,"Неожиданно Джек заметил неприметную дверь в углу очередной обследуемой комнаты, ведущую в подсобку или что-то вроде этого. Медленно приоткрыв дверь, Джек включил найденный в магазине фонарик и...",
episode1.archive.episode1_routes.nodes.dorvud_room.choices.0.text,Продолжить,
episode1.archive.episode1_routes.nodes.dorvud_room.text,"Неожиданно Джек заметил неприметную дверь в углу очередной обследуемой комнаты, 
ведущую в подсобку или что-то вроде этого. Медленно приоткрыв дверь, Джек включил 
найденный в магазине фонарик и...",
episode1.archive.episode1_routes.nodes.dorvud_shelter_1.blocks.0.text,"... вздохнул от облегчения! Маленькая комнатка была пуста! Джек плотно прикрыл за собой дверь, придвинул к ней стоящий в углу диван, чтобы обезопасить себя от непрошенных гостей и без сил упал на него, мгновенно уснув...",
episode1.archive.episode1_routes.nodes.dorvud_shelter_1.choices.0.text,Продолжить,
episode1.archive.episode1_routes.nodes.dorvud_shelter_1.text,"... вздохнул от облегчения! Маленькая комнатка была пуста! Джек плотно прикрыл за 
собой дверь, придвинул к ней стоящий в углу диван, чтобы обезопасить себя от 
непрошенных гостей и без сил упал на него, мгновенно уснув...",
episode1.archive.episode1_routes.nodes.dorvud_shelter_2.blocks.0.text,Записей нет.,
episode1.archive.episode1_routes.nodes.dorvud_shelter_2.blocks.1.text,"... вздохнул от облегчения! Маленькая комнатка была пуста! Джек плотно прикрыл за собой дверь, придвинул к ней стоящий в углу диван, чтобы обезопасить себя от непрошенных гостей и без сил упал на него, мгновенно уснув...",
episode1.archive.episode1_routes.nodes.dorvud_shelter_2.choices.0.text,Продолжить,
episode1.archive.episode1_routes.nodes.dorvud_shelter_2.text,"Записей нет.

... вздохнул от облегчения! Маленькая комнатка была пуста! Джек плотно прикрыл за 
собой дверь, придвинул к ней стоящий в углу диван, чтобы обезопасить себя от 
непрошенных гостей и без сил упал на него, мгновенно уснув...",
episode1.archive.episode1_routes.nodes.dorvud_shelter_3.blocks.0.text,Дневник Джека. 15.06,
episode1.archive.episode1_routes.nodes.dorvud_shelter_3.blocks.1.text,Записей нет.,
episode1.archive.episode1_routes.nodes.dorvud_shelter_3.blocks.2.text,"... вздохнул от облегчения! Маленькая комнатка была пуста! Джек плотно прикрыл за собой дверь, придвинул к ней стоящий в углу диван, чтобы обезопасить себя от непрошенных гостей и без сил упал на него, мгновенно уснув...",
episode1.archive.episode1_routes.nodes.dorvud_shelter_3.choices.0.text,Продолжить,
episode1.archive.episode1_routes.nodes.dorvud_shelter_3.text,"Дневник Джека. 15.06

Записей нет.

... вздохнул от облегчения! Маленькая комнатка была пуста! Джек плотно прикрыл за 
собой дверь, придвинул к ней стоящий в углу диван, чтобы обезопасить себя от 
непрошенных гостей и без сил упал на него, мгновенно уснув...",
episode1.archive.episode1_routes.nodes.dorvud_shop.blocks.0.text,"Джек, подобно герою любимой им компьютерной игры Splinter Cell, пробрался в ближайшее к нему с виду безопасное здание. Это оказался бывший двухэтажный продуктовый магазинчик. Быть может стоит взять немного продуктов, пробраться на второй этаж и попробовать укрепиться там?",
episode1.archive.episode1_routes.nodes.dorvud_shop.choices.0.text,Продолжить,
episode1.archive.episode1_routes.nodes.dorvud_shop.text,"Джек, подобно герою любимой им компьютерной игры Splinter Cell, пробрался в 
ближайшее к нему с виду безопасное здание. Это оказался бывший двухэтажный 
продуктовый магазинчик. Быть может стоит взять немного продуктов, пробраться на 
второй этаж и попробовать укрепиться там?",
episode1.archive.episode1_routes.nodes.dorvud_stairs.blocks.0.text,"Медленно, стараясь ступать как можно тише, Джек начал подниматься на второй этаж... В магазине он нашел фонарик (нормальный фонарик, а не ту фигню, что болталась на его домашних ключах), но пока не решался его включить.",
episode1.archive.episode1_routes.nodes.dorvud_stairs.choices.0.text,Продолжить,
episode1.archive.episode1_routes.nodes.dorvud_stairs.text,"Медленно, стараясь ступать как можно тише, Джек начал подниматься на второй этаж... В 
магазине он нашел фонарик (нормальный фонарик, а не ту фигню, что болталась на его 
домашних ключах), но пока не решался его включить.",
episode1.archive.episode1_routes.nodes.dorvud_street.blocks.0.text,"Улицы городка кишели мертвецами. Но выбора не было, скоро ночь, и встретить ее лучше в каком-нибудь защищенном месте...",
episode1.archive.episode1_routes.nodes.dorvud_street.choices.0.text,Продолжить,
episode1.archive.episode1_routes.nodes.dorvud_street.text,"Улицы городка кишели мертвецами. Но выбора не было, скоро ночь, и встретить ее 
лучше в каком-нибудь защищенном месте...",
episode1.archive.episode1_routes.nodes.ending_6.text,Джек пережил начало апокалипсиса и нашел убежище.,
episode1.archive.episode1_routes.nodes.ending_77.text,Джек пережил начало апокалипсиса и нашел убежище.,
episode1.archive.episode1_routes.nodes.ending_78.text,Джек пережил начало апокалипсиса и нашел убежище.,
episode1.archive.episode1_routes.nodes.farm_awake.blocks.0.text,Именно этого Джек боялся больше всего. Заброшенные строения кишели мертвецами. И теперь они пробуждались...,
episode1.archive.episode1_routes.nodes.farm_awake.blocks.1.text,Звук? Что это за звук?!,
episode1.archive.episode1_routes.nodes.farm_awake.blocks.2.text,"Черт! Под ноги Джеку попалась какая-то банка, и он ее по неосторожности задел!",
episode1.archive.episode1_routes.nodes.farm_awake.choices.0.text,Продолжить,
episode1.archive.episode1_routes.nodes.farm_awake.text,"Именно этого Джек боялся больше всего. Заброшенные строения кишели мертвецами. И 
теперь они пробуждались...

Звук? Что это за звук?!

Черт! Под ноги Джеку попалась какая-то банка, и он ее по неосторожности задел!",
episode1.archive.episode1_routes.nodes.farm_boundary.blocks.0.text,"Вокруг ни души, впереди — заброшенная ферма. Сгущается туман... Может быть, стоит попробовать обследовать ферму, вдруг получится переждать окружающий хаос пару дней?",
episode1.archive.episode1_routes.nodes.farm_boundary.choices.0.text,Продолжить путь,
episode1.archive.episode1_routes.nodes.farm_boundary.choices.1.text,Обследовать ферму,
episode1.archive.episode1_routes.nodes.farm_boundary.text,"Вокруг ни души, впереди — заброшенная ферма. Сгущается туман... Может быть, стоит 
попробовать обследовать ферму, вдруг получится переждать окружающий хаос пару 
дней?",
episode1.archive.episode1_routes.nodes.farm_chase.choices.0.text,Продолжить,
episode1.archive.episode1_routes.nodes.farm_entry_1.blocks.0.text,"Вокруг ни души, впереди — заброшенная ферма. Сгущается туман... Может быть, стоит попробовать обследовать ферму, вдруг получится переждать окружающий хаос пару дней?",
episode1.archive.episode1_routes.nodes.farm_entry_1.choices.0.text,Продолжить путь,
episode1.archive.episode1_routes.nodes.farm_entry_1.choices.1.text,Обследовать ферму,
episode1.archive.episode1_routes.nodes.farm_entry_1.text,"Вокруг ни души, впереди — заброшенная ферма. Сгущается туман... Может быть, стоит 
попробовать обследовать ферму, вдруг получится переждать окружающий хаос пару 
дней?",
episode1.archive.episode1_routes.nodes.farm_entry_2.blocks.0.text,"Джек решил отказаться, и Бен высадил его около заброшенной фермы или завода, точно было не разглядеть. Теперь стоило продумать дальнейшие действия.",
episode1.archive.episode1_routes.nodes.farm_entry_2.choices.0.text,Продолжить путь,
episode1.archive.episode1_routes.nodes.farm_entry_2.choices.1.text,Обследовать ферму,
episode1.archive.episode1_routes.nodes.farm_entry_2.text,"Джек решил отказаться, и Бен высадил его около заброшенной фермы или завода, 
точно было не разглядеть. Теперь стоило продумать дальнейшие действия.",
episode1.archive.episode1_routes.nodes.farm_inside.blocks.0.text,"На одном форуме Джек прочитал, посчитав это сказкой в свое время, что животные с «синдромом зомби» (как там говорилось) в отсутствие внешних раздражителей впадают в «спячку», застывают без движения и могут поджидать неосторожную жертву сколь угодно долго. Откуда появилась эта информация и что это за синдром — никто не знал.",
episode1.archive.episode1_routes.nodes.farm_inside.choices.0.text,Обследовать дальнюю часть,
episode1.archive.episode1_routes.nodes.farm_inside.choices.1.text,Осмотреть ферму тихо,
episode1.archive.episode1_routes.nodes.farm_inside.text,"На одном форуме Джек прочитал, посчитав это сказкой в свое время, что животные с 
«синдромом зомби» (как там говорилось) в отсутствие внешних раздражителей впадают в 
«спячку», застывают без движения и могут поджидать неосторожную жертву сколь 
угодно долго. Откуда появилась эта информация и что это за синдром — никто не знал.",
episode1.archive.episode1_routes.nodes.farm_leave.blocks.0.text,"Здесь будет довольно непросто оставаться длительное время. Наверное, лучше двигаться дальше, решил Джек. Все темные углы этого места не проверить, а постоянно вздрагивать от любого шороха — так можно и с ума сойти.",
episode1.archive.episode1_routes.nodes.farm_leave.choices.0.text,Продолжить,
episode1.archive.episode1_routes.nodes.farm_leave.text,"Здесь будет довольно непросто оставаться длительное время. Наверное, лучше двигаться 
дальше, решил Джек. Все темные углы этого места не проверить, а постоянно 
вздрагивать от любого шороха — так можно и с ума сойти.",
episode1.archive.episode1_routes.nodes.farm_noise.blocks.0.text,"Черт! Под ноги Джеку попалась какая-то банка, и он ее по неосторожности задел!",
episode1.archive.episode1_routes.nodes.farm_noise.choices.0.text,Продолжить,
episode1.archive.episode1_routes.nodes.farm_noise.text,"Черт! Под ноги Джеку попалась какая-то банка, и он ее по неосторожности задел!",
episode1.archive.episode1_routes.nodes.farm_search.blocks.0.text,"Любой неосторожный звук может пробудить мертвецов, возможно находящихся на ферме. Джек старался даже не дышать, он осмотрел уже почти половину фермы, осталась лишь дальняя ее часть...",
episode1.archive.episode1_routes.nodes.farm_search.choices.0.text,Продолжить,
episode1.archive.episode1_routes.nodes.farm_search.text,"Любой неосторожный звук может пробудить мертвецов, возможно находящихся на ферме. 
Джек старался даже не дышать, он осмотрел уже почти половину фермы, осталась лишь 
дальняя ее часть...",
episode1.archive.episode1_routes.nodes.farm_sound.blocks.0.text,Звук? Что это за звук?!,
episode1.archive.episode1_routes.nodes.farm_sound.blocks.1.text,"Черт! Под ноги Джеку попалась какая-то банка, и он ее по неосторожности задел!",
episode1.archive.episode1_routes.nodes.farm_sound.choices.0.text,Продолжить,
episode1.archive.episode1_routes.nodes.farm_sound.text,"Звук? Что это за звук?!

Черт! Под ноги Джеку попалась какая-то банка, и он ее по неосторожности задел!",
episode1.archive.episode1_routes.nodes.forest_boundary.blocks.0.text,"Батарея в машине Джека села недалеко от небольшого поселка, название которого он не знал. Джек забрал вещи и решил попытаться найти в нем безопасное место для ночлега, быстро темнело.",
episode1.archive.episode1_routes.nodes.forest_boundary.choices.0.text,Продолжать по дороге,
episode1.archive.episode1_routes.nodes.forest_boundary.choices.1.text,Укрыться в доме,
episode1.archive.episode1_routes.nodes.forest_boundary.text,"Батарея в машине Джека села недалеко от небольшого поселка, название которого он не знал. Джек забрал вещи и решил попытаться найти в нем безопасное место для ночлега, быстро темнело.",
episode1.archive.episode1_routes.nodes.forest_caught.blocks.0.text,"Внезапно что-то схватило Джека за ногу. От неожиданности он упал и в ужасе увидел перед собой безногого мертвеца, тянущегося к нему. Джек вырвался и, не вставая, попытался отползти от жуткого монстра. Сзади послышалось утробное рычание... Мертвецы были совсем рядом.",
episode1.archive.episode1_routes.nodes.forest_caught.choices.0.text,Продолжить,
episode1.archive.episode1_routes.nodes.forest_caught.text,"Внезапно что-то схватило Джека за ногу. От неожиданности он упал и в ужасе увидел 
перед собой безногого мертвеца, тянущегося к нему. Джек вырвался и, не вставая, 
попытался отползти от жуткого монстра. Сзади послышалось утробное рычание... 
Мертвецы были совсем рядом.",
episode1.archive.episode1_routes.nodes.forest_cellar.blocks.0.text,"С замиранием сердца исследовав дом, Джек не нашел признаков опасности и решил в итоге переночевать в пустом погребе, прихватив несколько одеял.",
episode1.archive.episode1_routes.nodes.forest_cellar.choices.0.text,Продолжить,
episode1.archive.episode1_routes.nodes.forest_cellar.text,"С замиранием сердца исследовав дом, Джек не нашел признаков опасности и решил в 
итоге переночевать в пустом погребе, прихватив несколько одеял.",
episode1.archive.episode1_routes.nodes.forest_choice.choices.0.text,Продолжать движение,
episode1.archive.episode1_routes.nodes.forest_choice.choices.1.text,Свернуть в лес,
episode1.archive.episode1_routes.nodes.forest_choice.text,Каково будет решение Джека?,
episode1.archive.episode1_routes.nodes.forest_enter.blocks.0.text,"Джек свернул в лес и пошел, как он думал, в направлении ближайшего населенного пункта. Следовало торопиться: скоро стемнеет, и шансы выйти из леса живым будут таять с каждой минутой.",
episode1.archive.episode1_routes.nodes.forest_enter.choices.0.text,Продолжить,
episode1.archive.episode1_routes.nodes.forest_enter.text,"Джек свернул в лес и пошел, как он думал, в направлении ближайшего населенного 
пункта. Следовало торопиться: скоро стемнеет, и шансы выйти из леса живым будут 
таять с каждой минутой.",
episode1.archive.episode1_routes.nodes.forest_horde.blocks.0.text,"Впереди вдруг послышались многочисленные шаги и рычание, и Джек увидел приближающуюся толпу мертвецов. Откуда она взялась в лесу?! В панике Джек пытается забраться на ближайшее дерево, но ноги все время соскальзывают с влажной коры.",
episode1.archive.episode1_routes.nodes.forest_horde.choices.0.text,Продолжить,
episode1.archive.episode1_routes.nodes.forest_horde.text,"Впереди вдруг послышались многочисленные шаги и рычание, и Джек увидел 
приближающуюся толпу мертвецов. Откуда она взялась в лесу?! В панике Джек пытается 
забраться на ближайшее дерево, но ноги все время соскальзывают с влажной коры.",
episode1.archive.episode1_routes.nodes.forest_house.blocks.0.text,"Джек начал медленно пробираться к ближайшему домику, стараясь не привлекать внимания бродивших вокруг мертвецов.",
episode1.archive.episode1_routes.nodes.forest_house.choices.0.text,Продолжить,
episode1.archive.episode1_routes.nodes.forest_house.text,"Джек начал медленно пробираться к ближайшему домику, стараясь не привлекать 
внимания бродивших вокруг мертвецов.",
episode1.archive.episode1_routes.nodes.forest_lost.blocks.0.text,"Через час Джек понял, что совсем заблудился и не может определить направление на Дорвуд. Небо заволокло тучами, неумолимо приближался вечер... Куда дальше? Через несколько часов здесь будет не разглядеть ни зги.",
episode1.archive.episode1_routes.nodes.forest_lost.choices.0.text,Выйти к Дорвуду,
episode1.archive.episode1_routes.nodes.forest_lost.choices.1.text,Искать путь в лесу,
episode1.archive.episode1_routes.nodes.forest_lost.text,"Через час Джек понял, что совсем заблудился и не может определить направление на 
Дорвуд. Небо заволокло тучами, неумолимо приближался вечер... Куда дальше? Через 
несколько часов здесь будет не разглядеть ни зги.",
episode1.archive.episode1_routes.nodes.forest_marauder_1.choices.0.text,Продолжить,
episode1.archive.episode1_routes.nodes.forest_marauder_2.choices.0.text,Продолжить,
episode1.archive.episode1_routes.nodes.forest_marauder_3.blocks.0.text,"Джек не услышал приглушенного глушителем выстрела снайперской винтовки и не почувствовал попадания в него десяти граммов свинца. Пуля угодила в голову, и ему стало все равно, что мародеров заинтересовал его рюкзак...",
episode1.archive.episode1_routes.nodes.forest_marauder_3.choices.0.text,Продолжить,
episode1.archive.episode1_routes.nodes.forest_marauder_3.text,"Джек не услышал приглушенного глушителем выстрела снайперской винтовки и не 
почувствовал попадания в него десяти граммов свинца. Пуля угодила в голову, и ему 
стало все равно, что мародеров заинтересовал его рюкзак...",
episode1.archive.episode1_routes.nodes.forest_road.blocks.0.text,"Беспрепятственно преодолев полосу тумана, Джек вышел на хорошую проселочную дорогу. Теперь оставалось решить что делать дальше: пойти прямо по ней, где он будет виден издалека или свернуть прямиком в лес?",
episode1.archive.episode1_routes.nodes.forest_road.choices.0.text,Продолжить,
episode1.archive.episode1_routes.nodes.forest_road.text,"Беспрепятственно преодолев полосу тумана, Джек вышел на хорошую проселочную 
дорогу. Теперь оставалось решить что делать дальше: пойти прямо по ней, где он будет 
виден издалека или свернуть прямиком в лес?",
episode1.archive.episode1_routes.nodes.forest_shelter_1.blocks.0.text,"Закрыв дверь в погреб, Джек устало закрыл глаза. Каждое лишнее движение уставших ног отзывалось тупой болью... Кажется, что он преодолел пешком за сегодня расстояние большее, чем за всю свою жизнь.",
episode1.archive.episode1_routes.nodes.forest_shelter_1.choices.0.text,Продолжить,
episode1.archive.episode1_routes.nodes.forest_shelter_1.text,"Закрыв дверь в погреб, Джек устало закрыл глаза. Каждое лишнее движение уставших 
ног отзывалось тупой болью... Кажется, что он преодолел пешком за сегодня расстояние 
большее, чем за всю свою жизнь.",
episode1.archive.episode1_routes.nodes.forest_shelter_2.blocks.0.text,"«Невероятно! Я, обычный офисный работник, умудрился выжить в этом аду! Теперь мне стоит подумать о том, что же делать дальше. Постараюсь найти людей, присоединиться к ним. Не думаю, что смогу в одиночку...»",
episode1.archive.episode1_routes.nodes.forest_shelter_2.blocks.1.text,"Закрыв дверь в погреб, Джек устало закрыл глаза. Каждое лишнее движение уставших ног отзывалось тупой болью... Кажется, что он преодолел пешком за сегодня расстояние большее, чем за всю свою жизнь.",
episode1.archive.episode1_routes.nodes.forest_shelter_2.choices.0.text,Продолжить,
episode1.archive.episode1_routes.nodes.forest_shelter_2.text,"«Невероятно! Я, обычный офисный работник, умудрился 
выжить в этом аду!
Теперь мне стоит подумать о том, что же делать 
дальше. Постараюсь найти людей, присоединиться к ним. 
Не думаю, что смогу в одиночку...»

Закрыв дверь в погреб, Джек устало закрыл глаза. Каждое лишнее движение уставших 
ног отзывалось тупой болью... Кажется, что он преодолел пешком за сегодня расстояние 
большее, чем за всю свою жизнь.",
episode1.archive.episode1_routes.nodes.forest_shelter_3.blocks.0.text,Дневник Джека. 15.06,
episode1.archive.episode1_routes.nodes.forest_shelter_3.blocks.1.text,"«Невероятно! Я, обычный офисный работник, умудрился выжить в этом аду! Теперь мне стоит подумать о том, что же делать дальше. Постараюсь найти людей, присоединиться к ним. Не думаю, что смогу в одиночку...»",
episode1.archive.episode1_routes.nodes.forest_shelter_3.blocks.2.text,"Закрыв дверь в погреб, Джек устало закрыл глаза. Каждое лишнее движение уставших ног отзывалось тупой болью... Кажется, что он преодолел пешком за сегодня расстояние большее, чем за всю свою жизнь.",
episode1.archive.episode1_routes.nodes.forest_shelter_3.choices.0.text,Продолжить,
episode1.archive.episode1_routes.nodes.forest_shelter_3.text,"Дневник Джека. 15.06

«Невероятно! Я, обычный офисный работник, умудрился 
выжить в этом аду!
Теперь мне стоит подумать о том, что же делать 
дальше. Постараюсь найти людей, присоединиться к ним. 
Не думаю, что смогу в одиночку...»

Закрыв дверь в погреб, Джек устало закрыл глаза. Каждое лишнее движение уставших 
ног отзывалось тупой болью... Кажется, что он преодолел пешком за сегодня расстояние 
большее, чем за всю свою жизнь.",
episode1.archive.episode1_routes.nodes.forest_village_1.blocks.0.text,"Джек вышел к окраинам небольшого поселка, с виду пустынного, как и все остальные. Стоило искать ночлег, скоро стемнеет и продолжать движение будет сродни самоубийству.",
episode1.archive.episode1_routes.nodes.forest_village_1.choices.0.text,Продолжать по дороге,
episode1.archive.episode1_routes.nodes.forest_village_1.choices.1.text,Укрыться в доме,
episode1.archive.episode1_routes.nodes.forest_village_1.text,"Джек вышел к окраинам небольшого поселка, с виду пустынного, как и все остальные. Стоило искать ночлег, скоро стемнеет и продолжать движение будет сродни самоубийству.",
episode1.archive.episode1_routes.nodes.forest_village_2.blocks.0.text,"Батарея в машине Джека села недалеко от небольшого поселка, название которого он не знал. Джек забрал вещи и решил попытаться найти в нем безопасное место для ночлега, быстро темнело.",
episode1.archive.episode1_routes.nodes.forest_village_2.choices.0.text,Продолжать по дороге,
episode1.archive.episode1_routes.nodes.forest_village_2.choices.1.text,Укрыться в доме,
episode1.archive.episode1_routes.nodes.forest_village_2.text,"Батарея в машине Джека села недалеко от небольшого поселка, название которого он не знал. Джек забрал вещи и решил попытаться найти в нем безопасное место для ночлега, быстро темнело.",
episode1.archive.episode1_routes.nodes.forest_walk.blocks.0.text,"Дорога все тянулась и тянулась. Джек периодически замирал, слушая окружающие звуки. Иногда приходилось прятаться за ближайщим деревом, пропуская бредущего мимо мертвеца. Джек все больше привыкал к жизни, где лишний шум может стоить ему жизни...",
episode1.archive.episode1_routes.nodes.forest_walk.choices.0.text,Продолжить,
episode1.archive.episode1_routes.nodes.forest_walk.text,"Дорога все тянулась и тянулась. Джек периодически замирал, слушая окружающие звуки. 
Иногда приходилось прятаться за ближайщим деревом, пропуская бредущего мимо 
мертвеца. Джек все больше привыкал к жизни, где лишний шум может стоить ему 
жизни...",
episode1.archive.episode1_routes.nodes.hired_office_gate.choices.0.text,Далее,
episode1.archive.episode1_routes.nodes.hired_office_gate.text,"Офис, где работал Джек находился рядом с Центральной больницей города, на окраине. И 
сейчас рядом с ней находилась чуть ли не вся полиция Нью-Тауна, слышались частые 
выстрелы. Перебросившись парой фраз с зеваками поблизости, Джек узнал, что скоро 
здесь будет армия, ибо этих тварей из больницы берет только прямое попадание в голову. 
«Чудненькие перспективы», — подытожил Джек.",
episode1.archive.episode1_routes.nodes.mainstreet_attack.choices.0.text,Продолжить,
episode1.archive.episode1_routes.nodes.mainstreet_boundary.choices.0.text,Пробежать сквозь зомби,
episode1.archive.episode1_routes.nodes.mainstreet_boundary.choices.1.text,Поймать машину до офиса,
episode1.archive.episode1_routes.nodes.mainstreet_boundary.choices.2.text,Поймать машину и уехать,
episode1.archive.episode1_routes.nodes.mainstreet_boundary.choices.3.text,Медленно отойти назад,
episode1.archive.episode1_routes.nodes.mainstreet_boundary.text,"Медленно отойти назад

Поймать машину и уехать

Поймать машину до офиса

Пробежать сквозь зомби

Идея, кажется, не самая удачная... С этими 
людьми явно что-то не так. Ох, да это же 
зомби!",
episode1.archive.episode1_routes.nodes.mainstreet_choice.choices.0.text,Пробежать сквозь зомби,
episode1.archive.episode1_routes.nodes.mainstreet_choice.choices.1.text,Поймать машину до офиса,
episode1.archive.episode1_routes.nodes.mainstreet_choice.choices.2.text,Поймать машину и уехать,
episode1.archive.episode1_routes.nodes.mainstreet_choice.choices.3.text,Медленно отойти назад,
episode1.archive.episode1_routes.nodes.mainstreet_choice.text,"Медленно отойти назад

Поймать машину и уехать

Поймать машину до офиса

Пробежать сквозь зомби

Идея, кажется, не самая удачная... С этими 
людьми явно что-то не так. Ох, да это же 
зомби!",
episode1.archive.episode1_routes.nodes.mainstreet_run.choices.0.text,Продолжить,
episode1.archive.episode1_routes.nodes.office_enter.choices.0.text,Далее,
episode1.archive.episode1_routes.nodes.office_enter.text,"Внутри здания оказалось темно и пусто. То тут, то там попадались следы крови и борьбы. 
Некоторые двери были выломаны или имели вмятины. Джеку стало не по себе...",
episode1.archive.episode1_routes.nodes.office_enter.text_on_foot,"В офисе оставались достаточно важные документы, и Джек все-таки решился в него проникнуть. Внутри здания оказалось темно и пусто. То тут, то там попадались следы крови и борьбы. Некоторые двери были выломаны или имели вмятины. Решимость Джека постепенно угасала...",
episode1.archive.episode1_routes.nodes.suburb_boundary.blocks.0.text,"Джека высадили на окраине Дорвуда, маленького городишки, где в свое время жило всего лишь несколько тысяч жителей. Но теперь...",
episode1.archive.episode1_routes.nodes.suburb_boundary.choices.0.text,Продолжить,
episode1.archive.episode1_routes.nodes.suburb_boundary.text,"Джека высадили на окраине Дорвуда, маленького городишки, где в свое время жило всего лишь несколько тысяч жителей. Но теперь...",
episode1.archive.episode1_routes.nodes.taxi_boundary.blocks.0.text,"К огромному облегчению Джека, его друг, таксист Бен, оказался там, где обычно — ждущим клиентов. Невероятно, что получилось его застать! Видя, что творится что-то неладное, люди старались уехать прочь из города, от греха подальше, но не у всех были автомобили.",
episode1.archive.episode1_routes.nodes.taxi_boundary.choices.0.text,Продолжить,
episode1.archive.episode1_routes.nodes.taxi_boundary.text,"К огромному облегчению Джека, его друг, таксист Бен, оказался там, где обычно — 
ждущим клиентов. Невероятно, что получилось его застать! Видя, что творится что-то 
неладное, люди старались уехать прочь из города, от греха подальше, но не у всех были 
автомобили.",
episode1.archive.episode1_routes.nodes.taxi_checkpoint.blocks.0.text,"На выезде из города поголовно проверяли людей: часть куда-то уводили, слышались выстрелы, а в скопившемся автомобильном заторе царило полное непонимание и страх. Но в конце концов Джеку с таксистом удалось-таки преодолеть военный заслон.",
episode1.archive.episode1_routes.nodes.taxi_checkpoint.choices.0.text,Продолжить,
episode1.archive.episode1_routes.nodes.taxi_checkpoint.text,"На выезде из города поголовно проверяли людей: часть куда-то уводили, слышались 
выстрелы, а в скопившемся автомобильном заторе царило полное непонимание и страх. Но 
в конце концов Джеку с таксистом удалось-таки преодолеть военный заслон.",
episode1.archive.episode1_routes.nodes.taxi_choice.choices.0.text,Объединиться с Беном,
episode1.archive.episode1_routes.nodes.taxi_choice.choices.1.text,Отказаться от предложения,
episode1.archive.episode1_routes.nodes.taxi_choice.text,"Бен сказал, что у него есть загородный дом с кое-какими запасами еды, да и оружие имелось. Быть может, стоит остановиться у него ненадолго? Пока не уляжется вся эта ерунда.",
episode1.archive.episode1_routes.nodes.taxi_depart.blocks.0.text,"К счастью, до окраин хаос из центра еще не добрался, и такси практически беспрепятственно покидало город. Еще один поворот, и Нью-Таун останется позади Джека.",
episode1.archive.episode1_routes.nodes.taxi_depart.choices.0.text,Продолжить,
episode1.archive.episode1_routes.nodes.taxi_depart.text,"К счастью, до окраин хаос из центра еще не добрался, и такси практически 
беспрепятственно покидало город. Еще один поворот, и Нью-Таун останется позади 
Джека.",
episode1.archive.episode1_routes.nodes.taxi_entry_1.blocks.0.text,"К огромному облегчению Джека, его друг, таксист Бен, оказался там, где обычно — ждущим клиентов. Невероятно, что получилось его застать! Видя, что творится что-то неладное, люди старались уехать прочь из города, от греха подальше, но не у всех были автомобили.",
episode1.archive.episode1_routes.nodes.taxi_entry_1.choices.0.text,Продолжить,
episode1.archive.episode1_routes.nodes.taxi_entry_1.text,"К огромному облегчению Джека, его друг, таксист Бен, оказался там, где обычно — 
ждущим клиентов. Невероятно, что получилось его застать! Видя, что творится что-то 
неладное, люди старались уехать прочь из города, от греха подальше, но не у всех были 
автомобили.",
episode1.archive.episode1_routes.nodes.taxi_entry_2.blocks.0.text,"Да где же он? Здесь же был всегда... Неужели уже уехал? К огромному разочарованию Джека, его друга, таксиста Бена, на привычном месте не оказалось. Это значило, что мужчине необходимо было срочно придумать иной план к отступлению из так стремительно звереющего города.",
episode1.archive.episode1_routes.nodes.taxi_entry_2.choices.0.text,Продолжить,
episode1.archive.episode1_routes.nodes.taxi_entry_2.text,"Да где же он? Здесь же был всегда... Неужели уже уехал? К огромному разочарованию 
Джека, его друга, таксиста Бена, на привычном месте не оказалось. Это значило, что 
мужчине необходимо было срочно придумать иной план к отступлению из так 
стремительно звереющего города.",
episode1.archive.episode1_routes.nodes.taxi_escape_boundary.blocks.0.text,"Да где же он? Здесь же был всегда... Неужели уже уехал? К огромному разочарованию Джека, его друга, таксиста Бена, на привычном месте не оказалось. Это значило, что мужчине необходимо было срочно придумать иной план к отступлению из так стремительно звереющего города.",
episode1.archive.episode1_routes.nodes.taxi_escape_boundary.choices.0.text,Продолжить,
episode1.archive.episode1_routes.nodes.taxi_escape_boundary.text,"Да где же он? Здесь же был всегда... Неужели уже уехал? К огромному разочарованию 
Джека, его друга, таксиста Бена, на привычном месте не оказалось. Это значило, что 
мужчине необходимо было срочно придумать иной план к отступлению из так 
стремительно звереющего города.",
episode1.archive.episode1_routes.nodes.taxi_house.blocks.0.text,"Дом Бена находился на отшибе, в глуши. Дряхлое строение, на первый взгляд, казалось абсолютно заброшенным и пустым. Так по сути и было: по словам самого Бена, он уже давненько не бывал здесь — кипучая городская жизнь не отпускала таксиста.",
episode1.archive.episode1_routes.nodes.taxi_house.choices.0.text,Продолжить,
episode1.archive.episode1_routes.nodes.taxi_house.text,"Дом Бена находился на отшибе, в глуши. Дряхлое строение, на первый взгляд, казалось 
абсолютно заброшенным и пустым. Так по сути и было: по словам самого Бена, он уже 
давненько не бывал здесь — кипучая городская жизнь не отпускала таксиста.",
episode1.archive.episode1_routes.nodes.taxi_road.blocks.0.text,"Решено было дождаться темноты, когда на дороге будет меньше машин. Поэтому часов в восемь вечера такси выехало из своего укрытия на дорогу. Ехали небыстро, со средней скоростью, делая иногда небольшие остановки минут по пятнадцать. К утру Джек с Беном были уже практически на месте.",
episode1.archive.episode1_routes.nodes.taxi_road.choices.0.text,Продолжить,
episode1.archive.episode1_routes.nodes.taxi_road.text,"Решено было дождаться темноты, когда на дороге будет меньше машин. Поэтому часов в 
восемь вечера такси выехало из своего укрытия на дорогу. Ехали небыстро, со средней 
скоростью, делая иногда небольшие остановки минут по пятнадцать. К утру Джек с Беном 
были уже практически на месте.",
episode1.archive.episode1_routes.nodes.taxi_shelter_1.blocks.0.text,"Среди всех пожитков Бена особенно бросалось в глаза здоровенное ружье, завернутое в брезент. Тут Джек вспомнил, что его новый сосед когда-то рассказывал о своих героических охотничьих похождениях. Многое таксист, конечно же, приукрасил, однако с оружием в доме было всяко спокойнее.",
episode1.archive.episode1_routes.nodes.taxi_shelter_1.choices.0.text,Продолжить,
episode1.archive.episode1_routes.nodes.taxi_shelter_1.text,"Среди всех пожитков Бена особенно бросалось в глаза здоровенное ружье, завернутое в 
брезент. Тут Джек вспомнил, что его новый сосед когда-то рассказывал о своих 
героических охотничьих похождениях. Многое таксист, конечно же, приукрасил, однако с 
оружием в доме было всяко спокойнее.",
episode1.archive.episode1_routes.nodes.taxi_shelter_2.blocks.0.text,"«Как же хорошо иметь хоть какие-то связи по жизни. Если бы не Бен, то неизвестно, выбрался ли я бы вообще из Нью-Тауна. Завтра собираемся поехать в ближайший супермаркет, попробуем достать еще припасов и топлива для генератора. Черт, я жив! Все же мать и Элис были неправы, называя меня неудачником...»",
episode1.archive.episode1_routes.nodes.taxi_shelter_2.blocks.1.text,"Среди всех пожитков Бена особенно бросалось в глаза здоровенное ружье, завернутое в брезент. Тут Джек вспомнил, что его новый сосед когда-то рассказывал о своих героических охотничьих похождениях. Многое таксист, конечно же, приукрасил, однако с оружием в доме было всяко спокойнее.",
episode1.archive.episode1_routes.nodes.taxi_shelter_2.choices.0.text,Продолжить,
episode1.archive.episode1_routes.nodes.taxi_shelter_2.text,"«Как же хорошо иметь хоть какие-то связи по жизни. 
Если бы не Бен, то неизвестно, выбрался ли я бы вообще из 
Нью-Тауна.
Завтра собираемся поехать в ближайший супермаркет, 
попробуем достать еще припасов и топлива для 
генератора. 
Черт, я жив! Все же мать и Элис были неправы, называя 
меня неудачником...»

Среди всех пожитков Бена особенно бросалось в глаза здоровенное ружье, завернутое в 
брезент. Тут Джек вспомнил, что его новый сосед когда-то рассказывал о своих 
героических охотничьих похождениях. Многое таксист, конечно же, приукрасил, однако с 
оружием в доме было всяко спокойнее.",
episode1.archive.episode1_routes.nodes.taxi_shelter_3.blocks.0.text,Дневник Джека. 15.06,
episode1.archive.episode1_routes.nodes.taxi_shelter_3.blocks.1.text,"«Как же хорошо иметь хоть какие-то связи по жизни. Если бы не Бен, то неизвестно, выбрался ли я бы вообще из Нью-Тауна. Завтра собираемся поехать в ближайший супермаркет, попробуем достать еще припасов и топлива для генератора. Черт, я жив! Все же мать и Элис были неправы, называя меня неудачником...»",
episode1.archive.episode1_routes.nodes.taxi_shelter_3.blocks.2.text,"Среди всех пожитков Бена особенно бросалось в глаза здоровенное ружье, завернутое в брезент. Тут Джек вспомнил, что его новый сосед когда-то рассказывал о своих героических охотничьих похождениях. Многое таксист, конечно же, приукрасил, однако с оружием в доме было всяко спокойнее.",
episode1.archive.episode1_routes.nodes.taxi_shelter_3.choices.0.text,Продолжить,
episode1.archive.episode1_routes.nodes.taxi_shelter_3.text,"Дневник Джека. 15.06

«Как же хорошо иметь хоть какие-то связи по жизни. 
Если бы не Бен, то неизвестно, выбрался ли я бы вообще из 
Нью-Тауна.
Завтра собираемся поехать в ближайший супермаркет, 
попробуем достать еще припасов и топлива для 
генератора. 
Черт, я жив! Все же мать и Элис были неправы, называя 
меня неудачником...»

Среди всех пожитков Бена особенно бросалось в глаза здоровенное ружье, завернутое в 
брезент. Тут Джек вспомнил, что его новый сосед когда-то рассказывал о своих 
героических охотничьих похождениях. Многое таксист, конечно же, приукрасил, однако с 
оружием в доме было всяко спокойнее.",
episode1.archive.opening.nodes.city_car.text,Начало эпизода перенесено. Следующая сцена оригинала — MovCityAuto(1): маршрут на машине.,
episode1.archive.opening.nodes.city_foot.text,Начало эпизода перенесено. Следующая сцена оригинала — MovCityAuto(4): пеший маршрут Джека.,
episode1.archive.opening.nodes.keys.choices.0.text,Забрать,
episode1.archive.opening.nodes.keys.text,Ключи от Subaru R1e,
episode1.archive.opening.nodes.lift.choices.0.text,Войти в лифт,
episode1.archive.opening.nodes.lift.text,Дойти до лифта удалось без происшествий. Почти.,
episode1.archive.opening.nodes.lift_button.choices.0.text,Первый этаж,
episode1.archive.opening.nodes.lift_button.text,"Джек нажал на кнопку первого этажа, и лифт понес его в неизвестность...",
episode1.archive.opening.nodes.morning_choice.choices.0.text,Выйти на улицу,
episode1.archive.opening.nodes.morning_choice.choices.1.text,Смотреть последние новости,
episode1.archive.opening.nodes.morning_choice.text,Что дальше?,
episode1.archive.opening.nodes.screams.choices.0.text,Далее,
episode1.archive.opening.nodes.screams.text,"Придя в себя после пробуждения, он услышал чьи-то крики и стрельбу на улице.",
episode1.archive.opening.nodes.transport.choices.0.text,Выйти на улицу,
episode1.archive.opening.nodes.transport.choices.1.text,Взять ключи от машины,
episode1.archive.opening.nodes.transport.text,Поехать ли на работу на машине или пойти пешком?,
episode1.archive.opening.nodes.transport_choice.choices.0.text,Поехать на машине,
episode1.archive.opening.nodes.transport_choice.choices.1.text,Дойти пешком,
episode1.archive.opening.nodes.transport_choice.text,Следует ли Джеку сегодня дойти до работы пешком или лучше доехать на машине?,
episode1.archive.opening.nodes.tv.choices.0.text,Следующий канал,
episode1.archive.opening.nodes.tv.choices.1.text,Выключить телевизор,
episode1.archive.opening.nodes.tv.text,CH 1,
episode1.archive.opening.nodes.wake.choices.0.text,Далее,
episode1.archive.opening.nodes.wake.text,Это утро в жизни Джека началось с воя полицейских сирен...,
episode1.art.layout_controls_morning_choice.0,"Смотреть 
последние новости",
episode1.art.layout_controls_transport.0,"Выйти
на улицу",
episode1.art.layout_controls_transport_no_keys.0,"Выйти
на улицу",
episode1.nodes.battery_decision.data.text,"Двигаться, пока не сядет аккумулятор или продолжить путь пешком?",
episode1.nodes.battery_decision.title,battery_decision,
episode1.nodes.battery_decision__choice_0.data.text,Остановиться и выйти,
episode1.nodes.battery_decision__choice_0.title,Остановиться и выйти,
episode1.nodes.battery_decision__choice_1.data.text,Продолжать движение,
episode1.nodes.battery_decision__choice_1.title,Продолжать движение,
episode1.nodes.battery_return_decision.data.text,"Двигаться, пока не сядет аккумулятор или продолжить путь пешком?",
episode1.nodes.battery_return_decision.title,battery_return_decision,
episode1.nodes.battery_return_decision__choice_0.data.text,Остановиться и выйти,
episode1.nodes.battery_return_decision__choice_0.title,Остановиться и выйти,
episode1.nodes.battery_return_decision__choice_1.data.text,Продолжать движение,
episode1.nodes.battery_return_decision__choice_1.title,Продолжать движение,
episode1.nodes.bite_transition.title,bite_transition,
episode1.nodes.bite_transition__choice_0.data.text,Далее,
episode1.nodes.bite_transition__choice_0.title,Далее,
episode1.nodes.bitten.data.text,"Увидев перед собой прихрамывающую девушку, кровь на ее руке, Джек невольно 
приближается, хочет помочь. И стоило мужчине окликнуть несчастную, как та начала 
медленно и дерганно поворачиваться. Зараженная... Джек остолбенел, не в силах отвести 
взгляда от изуродованного лица девушки. В следующий момент монстр вцепился в руку 
Джека, и только нестерпимая боль вывела его из ступора.",
episode1.nodes.bitten.title,bitten,
episode1.nodes.bitten__choice_0.data.text,Далее,
episode1.nodes.bitten__choice_0.title,Далее,
episode1.nodes.car_battery.data.text,"С большим трудом выбравшись из города, Джек понял, что батарея его электрокара вот-
вот сядет. Что же делать? Оставить машину сейчас, пока вокруг никого нет, или ехать 
дальше сколько получится, пытаясь найти место для зарядки?",
episode1.nodes.car_battery.title,car_battery,
episode1.nodes.car_battery__choice_0.data.text,Далее,
episode1.nodes.car_battery__choice_0.title,Далее,
episode1.nodes.car_battery_return.data.text,"С большим трудом выбравшись из города, Джек понял, что батарея его электрокара вот-
вот сядет. Что же делать? Оставить машину сейчас, пока вокруг никого нет, или ехать 
дальше сколько получится, пытаясь найти место для зарядки?",
episode1.nodes.car_battery_return.title,car_battery_return,
episode1.nodes.car_battery_return__choice_0.data.text,Далее,
episode1.nodes.car_battery_return__choice_0.title,Далее,
episode1.nodes.car_crowd.data.text,"Задумавшись о несостоявшемся ужине с подругой по работе, Джек неожиданно понимает, 
что путь ему преграждает толпа мертвецов (он наверняка знал, что живыми эти существа 
уж точно не были).",
episode1.nodes.car_crowd.title,car_crowd,
episode1.nodes.car_crowd__choice_0.data.text,Далее,
episode1.nodes.car_crowd__choice_0.title,Далее,
episode1.nodes.car_decision.data.text,"Возможно, стоит не ехать сегодня в офис, а уехать из города как можно скорей. Что же предпринять Джеку дальше?",
episode1.nodes.car_decision.title,car_decision,
episode1.nodes.car_decision__choice_0.data.text,Уехать из города,
episode1.nodes.car_decision__choice_0.title,Уехать из города,
episode1.nodes.car_decision__choice_1.data.text,Поехать в офис,
episode1.nodes.car_decision__choice_1.title,Поехать в офис,
episode1.nodes.car_drive.data.text,"Выбраться из города оказалось не так уж и просто... Не раз и не два на машину Джека 
кидались обезумевшие люди, походившие на оживших мертвецов из фильмов.",
episode1.nodes.car_drive.title,car_drive,
episode1.nodes.car_drive__choice_0.data.text,Далее,
episode1.nodes.car_drive__choice_0.title,Далее,
episode1.nodes.car_fatal.title,car_fatal,
episode1.nodes.car_fatal__choice_0.data.text,Далее,
episode1.nodes.car_fatal__choice_0.title,Далее,
episode1.nodes.car_to_office.data.blocks.0.text,"Как всегда бывает при различного рода катастрофах и трагедиях, Джек смог найти человека, который за баснословную цену согласился довезти его, куда требуется.",
episode1.nodes.car_to_office.data.text,"Как всегда бывает при различного рода катастрофах и трагедиях, Джек смог найти 
человека, который за баснословную цену согласился довезти его, куда требуется.",
episode1.nodes.car_to_office.title,car_to_office,
episode1.nodes.car_to_office__choice_0.data.text,Продолжить,
episode1.nodes.car_to_office__choice_0.title,Продолжить,
episode1.nodes.car_trapped.data.text,"Как назло аккумулятор приказал долго жить. Зомби уже обступили машину, лезут на 
капот. Скоро лобовое стекло не выдержит. Как там было в одной из Обителей Зла? В этой 
ситуации остается только закурить? Но Джек никогда не курил. Предпочитал беречь 
здоровье... Забавно.",
episode1.nodes.car_trapped.title,car_trapped,
episode1.nodes.car_trapped__choice_0.data.text,Далее,
episode1.nodes.car_trapped__choice_0.title,Далее,
episode1.nodes.checkpoint.data.text,"В полубреду Джек сам не понял, как вышел к военному заграждению на окраинах города. 
Здесь творился сущий хаос: толпы бредущих тел яростно хрипя перли прямо на дула 
пулеметов и винтовок солдат, асфальт округ был густо усеян трупами, кровью и 
килограммами стрелянных гильз.",
episode1.nodes.checkpoint.title,checkpoint,
episode1.nodes.checkpoint__choice_0.data.text,Далее,
episode1.nodes.checkpoint__choice_0.title,Далее,
episode1.nodes.checkpoint_shot.data.text,"Пока один из армейских батальонов и оставшаяся в живых часть спецназа отвлекала 
волны зараженных, чуть в стороне люди в защитных костюмах спешно проверяли 
выживших и пропускали за укрепления, подальше от этого ада. Джек со следом укуса на 
руке даже не успел ничего объяснить... Выстрел штурмовой винтовки прервал его на 
полуслове.",
episode1.nodes.checkpoint_shot.title,checkpoint_shot,
episode1.nodes.checkpoint_shot__choice_0.data.text,Далее,
episode1.nodes.checkpoint_shot__choice_0.title,Далее,
episode1.nodes.city_car.data.text,"Отыскав припаркованную машину и сев в нее, Джек почувствовал неимоверное 
облегчение... Где-то в паре кварталов отсюда надрывно выла сирена, и слышались крики 
и грохот. Опасность чувствовалась буквально каждой частью тела.",
episode1.nodes.city_car.title,city_car,
episode1.nodes.city_car__choice_0.data.text,Далее,
episode1.nodes.city_car__choice_0.title,Далее,
episode1.nodes.city_foot.data.text,"Выйдя из подъезда, Джек замечает носилки скорой помощи со странным человеком на 
них: с нездорово бледным, осунувшимся окровавленным лицом... Странно все это.",
episode1.nodes.city_foot.title,city_foot,
episode1.nodes.city_foot__choice_0.data.text,Далее,
episode1.nodes.city_foot__choice_0.title,Далее,
episode1.nodes.death_1.data.text,"Вашей ловкости оказалось недостаточно, чтобы убежать от зомби.",
episode1.nodes.death_1.title,death_1,
episode1.nodes.death_10.data.text,"Джек, как потенциально опасный индивид, убит военными.",
episode1.nodes.death_10.title,death_10,
episode1.nodes.death_11.data.text,"Джек в панике побежал прочь от жутких мертвецов, споткнулся, упал, разбив стеклянный стол. Зомби настигли его, когда он, воя от боли в изрезанных руках, пытался встать.",
episode1.nodes.death_11.title,death_11,
episode1.nodes.death_2.data.text,После взрыва такой мощности еще никому не удавалось остаться в живых.,
episode1.nodes.death_2.title,death_2,
episode1.nodes.death_3.data.text,Зомби проломили лобовое стекло и залезли в автомобиль.,
episode1.nodes.death_3.title,death_3,
episode1.nodes.death_4.data.text,Мертвецы зажали Джека в развалинах какого-то сарая. Выхода не было.,
episode1.nodes.death_4.title,death_4,
episode1.nodes.death_5.data.text,"Один, под толщей металла и бетона в окружении толпы ходячих мертвецов... Теперь такой же. Как они.",
episode1.nodes.death_5.title,death_5,
episode1.nodes.death_7.data.text,Джек убит мародерами.,
episode1.nodes.death_7.title,death_7,
episode1.nodes.death_8.data.text,"Одним зомби меньше, одним больше в этом лесу. И одного из них зовут Джек.",
episode1.nodes.death_8.title,death_8,
episode1.nodes.death_9.data.text,Падение и потеря сознания стали для Джека роковыми.,
episode1.nodes.death_9.title,death_9,
episode1.nodes.documents_decision.data.text,"Забрав драгоценную папку, Джек начал возвращаться обратно, но шаркающие шаги слышались как раз с той стороны, откуда он пришел...",
episode1.nodes.documents_decision.title,documents_decision,
episode1.nodes.documents_decision__choice_0.data.text,Выйти тем же путем,
episode1.nodes.documents_decision__choice_0.title,Выйти тем же путем,
episode1.nodes.documents_decision__choice_1.data.text,Найти другой путь,
episode1.nodes.documents_decision__choice_1.title,Найти другой путь,
episode1.nodes.documents_decision__choice_2.data.text,Подняться на крышу,
episode1.nodes.documents_decision__choice_2.title,Подняться на крышу,
episode1.nodes.door_blast.title,door_blast,
episode1.nodes.door_blast__choice_0.data.text,Далее,
episode1.nodes.door_blast__choice_0.title,Далее,
episode1.nodes.door_blast_inner.title,door_blast_inner,
episode1.nodes.door_blast_inner__choice_0.data.text,Далее,
episode1.nodes.door_blast_inner__choice_0.title,Далее,
episode1.nodes.door_explosion.title,door_explosion,
episode1.nodes.door_explosion__choice_0.data.text,Далее,
episode1.nodes.door_explosion__choice_0.title,Далее,
episode1.nodes.dorvud_choice.data.text,Стоит ли проверять второй этаж или попытаться найти подходящее безопасное место на первом?,
episode1.nodes.dorvud_choice.title,dorvud_choice,
episode1.nodes.dorvud_choice__choice_0.data.text,Подняться наверх,
episode1.nodes.dorvud_choice__choice_0.title,Подняться наверх,
episode1.nodes.dorvud_choice__choice_1.data.text,Обследовать первый этаж,
episode1.nodes.dorvud_choice__choice_1.title,Обследовать первый этаж,
episode1.nodes.dorvud_entry_1.data.blocks.0.text,"Спустя некоторое время Джек вышел к окраинам Дорвуда и сразу понял, что поиск убежища в городе будет нелегкой задачей.",
episode1.nodes.dorvud_entry_1.data.text,"Спустя некоторое время Джек вышел к окраинам Дорвуда и сразу понял, что поиск убежища в городе будет нелегкой задачей.",
episode1.nodes.dorvud_entry_1.title,dorvud_entry_1,
episode1.nodes.dorvud_entry_1__choice_0.data.text,Продолжить,
episode1.nodes.dorvud_entry_1__choice_0.title,Продолжить,
episode1.nodes.dorvud_entry_2.data.blocks.0.text,"Джека высадили на окраине Дорвуда, маленького городишки, где в свое время жило всего лишь несколько тысяч жителей. Но теперь...",
episode1.nodes.dorvud_entry_2.data.text,"Джека высадили на окраине Дорвуда, маленького городишки, где в свое время жило всего лишь несколько тысяч жителей. Но теперь...",
episode1.nodes.dorvud_entry_2.title,dorvud_entry_2,
episode1.nodes.dorvud_entry_2__choice_0.data.text,Продолжить,
episode1.nodes.dorvud_entry_2__choice_0.title,Продолжить,
episode1.nodes.dorvud_fall.data.blocks.0.text,"Оказавшись на втором этаже, Джек все же решился включить фонарик... В следующую секунду он уже в панике пятился назад к лестнице, наблюдая, как стоящий перед ним искусанный мертвец медленно «приходит в себя». Джек сделал еще один шаг назад, и пол неожиданно ушел из-под ног... Падение, ступеньки по ребрам, боль, темнота...",
episode1.nodes.dorvud_fall.data.text,"Оказавшись на втором этаже, Джек все же решился включить фонарик... В следующую 
секунду он уже в панике пятился назад к лестнице, наблюдая, как стоящий перед ним 
искусанный мертвец медленно «приходит в себя». Джек сделал еще один шаг назад, и 
пол неожиданно ушел из-под ног... Падение, ступеньки по ребрам, боль, темнота...",
episode1.nodes.dorvud_fall.title,dorvud_fall,
episode1.nodes.dorvud_fall__choice_0.data.text,Продолжить,
episode1.nodes.dorvud_fall__choice_0.title,Продолжить,
episode1.nodes.dorvud_floor.data.blocks.0.text,"Половицы на первом этаже нещадно скрипели, пот струился ручьем... В здании уже почти не осталось неисследованных мест, и Джек понемногу начал терять надежду найти здесь хоть какой-нибудь укромный уголок. Выходить на улицу не хотелось совершенно...",
episode1.nodes.dorvud_floor.data.text,"Половицы на первом этаже нещадно скрипели, пот струился ручьем... В здании уже почти 
не осталось неисследованных мест, и Джек понемногу начал терять надежду найти здесь 
хоть какой-нибудь укромный уголок. Выходить на улицу не хотелось совершенно...",
episode1.nodes.dorvud_floor.title,dorvud_floor,
episode1.nodes.dorvud_floor__choice_0.data.text,Продолжить,
episode1.nodes.dorvud_floor__choice_0.title,Продолжить,
episode1.nodes.dorvud_room.data.blocks.0.text,"Неожиданно Джек заметил неприметную дверь в углу очередной обследуемой комнаты, ведущую в подсобку или что-то вроде этого. Медленно приоткрыв дверь, Джек включил найденный в магазине фонарик и...",
episode1.nodes.dorvud_room.data.text,"Неожиданно Джек заметил неприметную дверь в углу очередной обследуемой комнаты, 
ведущую в подсобку или что-то вроде этого. Медленно приоткрыв дверь, Джек включил 
найденный в магазине фонарик и...",
episode1.nodes.dorvud_room.title,dorvud_room,
episode1.nodes.dorvud_room__choice_0.data.text,Продолжить,
episode1.nodes.dorvud_room__choice_0.title,Продолжить,
episode1.nodes.dorvud_shelter_1.data.blocks.0.text,"... вздохнул от облегчения! Маленькая комнатка была пуста! Джек плотно прикрыл за собой дверь, придвинул к ней стоящий в углу диван, чтобы обезопасить себя от непрошенных гостей и без сил упал на него, мгновенно уснув...",
episode1.nodes.dorvud_shelter_1.data.text,"... вздохнул от облегчения! Маленькая комнатка была пуста! Джек плотно прикрыл за 
собой дверь, придвинул к ней стоящий в углу диван, чтобы обезопасить себя от 
непрошенных гостей и без сил упал на него, мгновенно уснув...",
episode1.nodes.dorvud_shelter_1.title,dorvud_shelter_1,
episode1.nodes.dorvud_shelter_1__choice_0.data.text,Продолжить,
episode1.nodes.dorvud_shelter_1__choice_0.title,Продолжить,
episode1.nodes.dorvud_shelter_2.data.blocks.0.text,Записей нет.,
episode1.nodes.dorvud_shelter_2.data.blocks.1.text,"... вздохнул от облегчения! Маленькая комнатка была пуста! Джек плотно прикрыл за собой дверь, придвинул к ней стоящий в углу диван, чтобы обезопасить себя от непрошенных гостей и без сил упал на него, мгновенно уснув...",
episode1.nodes.dorvud_shelter_2.data.text,"Записей нет.

... вздохнул от облегчения! Маленькая комнатка была пуста! Джек плотно прикрыл за 
собой дверь, придвинул к ней стоящий в углу диван, чтобы обезопасить себя от 
непрошенных гостей и без сил упал на него, мгновенно уснув...",
episode1.nodes.dorvud_shelter_2.title,dorvud_shelter_2,
episode1.nodes.dorvud_shelter_2__choice_0.data.text,Продолжить,
episode1.nodes.dorvud_shelter_2__choice_0.title,Продолжить,
episode1.nodes.dorvud_shelter_3.data.blocks.0.text,Дневник Джека. 15.06,
episode1.nodes.dorvud_shelter_3.data.blocks.1.text,Записей нет.,
episode1.nodes.dorvud_shelter_3.data.blocks.2.text,"... вздохнул от облегчения! Маленькая комнатка была пуста! Джек плотно прикрыл за собой дверь, придвинул к ней стоящий в углу диван, чтобы обезопасить себя от непрошенных гостей и без сил упал на него, мгновенно уснув...",
episode1.nodes.dorvud_shelter_3.data.text,"Дневник Джека. 15.06

Записей нет.

... вздохнул от облегчения! Маленькая комнатка была пуста! Джек плотно прикрыл за 
собой дверь, придвинул к ней стоящий в углу диван, чтобы обезопасить себя от 
непрошенных гостей и без сил упал на него, мгновенно уснув...",
episode1.nodes.dorvud_shelter_3.title,dorvud_shelter_3,
episode1.nodes.dorvud_shelter_3__choice_0.data.text,Продолжить,
episode1.nodes.dorvud_shelter_3__choice_0.title,Продолжить,
episode1.nodes.dorvud_shop.data.blocks.0.text,"Джек, подобно герою любимой им компьютерной игры Splinter Cell, пробрался в ближайшее к нему с виду безопасное здание. Это оказался бывший двухэтажный продуктовый магазинчик. Быть может стоит взять немного продуктов, пробраться на второй этаж и попробовать укрепиться там?",
episode1.nodes.dorvud_shop.data.text,"Джек, подобно герою любимой им компьютерной игры Splinter Cell, пробрался в 
ближайшее к нему с виду безопасное здание. Это оказался бывший двухэтажный 
продуктовый магазинчик. Быть может стоит взять немного продуктов, пробраться на 
второй этаж и попробовать укрепиться там?",
episode1.nodes.dorvud_shop.title,dorvud_shop,
episode1.nodes.dorvud_shop__choice_0.data.text,Продолжить,
episode1.nodes.dorvud_shop__choice_0.title,Продолжить,
episode1.nodes.dorvud_stairs.data.blocks.0.text,"Медленно, стараясь ступать как можно тише, Джек начал подниматься на второй этаж... В магазине он нашел фонарик (нормальный фонарик, а не ту фигню, что болталась на его домашних ключах), но пока не решался его включить.",
episode1.nodes.dorvud_stairs.data.text,"Медленно, стараясь ступать как можно тише, Джек начал подниматься на второй этаж... В 
магазине он нашел фонарик (нормальный фонарик, а не ту фигню, что болталась на его 
домашних ключах), но пока не решался его включить.",
episode1.nodes.dorvud_stairs.title,dorvud_stairs,
episode1.nodes.dorvud_stairs__choice_0.data.text,Продолжить,
episode1.nodes.dorvud_stairs__choice_0.title,Продолжить,
episode1.nodes.dorvud_street.data.blocks.0.text,"Улицы городка кишели мертвецами. Но выбора не было, скоро ночь, и встретить ее лучше в каком-нибудь защищенном месте...",
episode1.nodes.dorvud_street.data.text,"Улицы городка кишели мертвецами. Но выбора не было, скоро ночь, и встретить ее 
лучше в каком-нибудь защищенном месте...",
episode1.nodes.dorvud_street.title,dorvud_street,
episode1.nodes.dorvud_street__choice_0.data.text,Продолжить,
episode1.nodes.dorvud_street__choice_0.title,Продолжить,
episode1.nodes.ending_6.data.text,Джек пережил начало апокалипсиса и нашел убежище.,
episode1.nodes.ending_6.title,ending_6,
episode1.nodes.ending_77.data.text,Джек пережил начало апокалипсиса и нашел убежище.,
episode1.nodes.ending_77.title,ending_77,
episode1.nodes.ending_78.data.text,Джек пережил начало апокалипсиса и нашел убежище.,
episode1.nodes.ending_78.title,ending_78,
episode1.nodes.explosion_flash.title,explosion_flash,
episode1.nodes.explosion_flash__choice_0.data.text,Далее,
episode1.nodes.explosion_flash__choice_0.title,Далее,
episode1.nodes.farm_awake.data.blocks.0.text,Именно этого Джек боялся больше всего. Заброшенные строения кишели мертвецами. И теперь они пробуждались...,
episode1.nodes.farm_awake.data.blocks.1.text,Звук? Что это за звук?!,
episode1.nodes.farm_awake.data.blocks.2.text,"Черт! Под ноги Джеку попалась какая-то банка, и он ее по неосторожности задел!",
episode1.nodes.farm_awake.data.text,"Именно этого Джек боялся больше всего. Заброшенные строения кишели мертвецами. И 
теперь они пробуждались...

Звук? Что это за звук?!

Черт! Под ноги Джеку попалась какая-то банка, и он ее по неосторожности задел!",
episode1.nodes.farm_awake.title,farm_awake,
episode1.nodes.farm_awake__choice_0.data.text,Продолжить,
episode1.nodes.farm_awake__choice_0.title,Продолжить,
episode1.nodes.farm_boundary.data.blocks.0.text,"Вокруг ни души, впереди — заброшенная ферма. Сгущается туман... Может быть, стоит попробовать обследовать ферму, вдруг получится переждать окружающий хаос пару дней?",
episode1.nodes.farm_boundary.data.text,"Вокруг ни души, впереди — заброшенная ферма. Сгущается туман... Может быть, стоит 
попробовать обследовать ферму, вдруг получится переждать окружающий хаос пару 
дней?",
episode1.nodes.farm_boundary.title,farm_boundary,
episode1.nodes.farm_boundary__choice_0.data.text,Продолжить путь,
episode1.nodes.farm_boundary__choice_0.title,Продолжить путь,
episode1.nodes.farm_boundary__choice_1.data.text,Обследовать ферму,
episode1.nodes.farm_boundary__choice_1.title,Обследовать ферму,
episode1.nodes.farm_chase.title,farm_chase,
episode1.nodes.farm_chase__choice_0.data.text,Продолжить,
episode1.nodes.farm_chase__choice_0.title,Продолжить,
episode1.nodes.farm_entry_1.data.blocks.0.text,"Вокруг ни души, впереди — заброшенная ферма. Сгущается туман... Может быть, стоит попробовать обследовать ферму, вдруг получится переждать окружающий хаос пару дней?",
episode1.nodes.farm_entry_1.data.text,"Вокруг ни души, впереди — заброшенная ферма. Сгущается туман... Может быть, стоит 
попробовать обследовать ферму, вдруг получится переждать окружающий хаос пару 
дней?",
episode1.nodes.farm_entry_1.title,farm_entry_1,
episode1.nodes.farm_entry_1__choice_0.data.text,Продолжить путь,
episode1.nodes.farm_entry_1__choice_0.title,Продолжить путь,
episode1.nodes.farm_entry_1__choice_1.data.text,Обследовать ферму,
episode1.nodes.farm_entry_1__choice_1.title,Обследовать ферму,
episode1.nodes.farm_entry_2.data.blocks.0.text,"Джек решил отказаться, и Бен высадил его около заброшенной фермы или завода, точно было не разглядеть. Теперь стоило продумать дальнейшие действия.",
episode1.nodes.farm_entry_2.data.text,"Джек решил отказаться, и Бен высадил его около заброшенной фермы или завода, 
точно было не разглядеть. Теперь стоило продумать дальнейшие действия.",
episode1.nodes.farm_entry_2.title,farm_entry_2,
episode1.nodes.farm_entry_2__choice_0.data.text,Продолжить путь,
episode1.nodes.farm_entry_2__choice_0.title,Продолжить путь,
episode1.nodes.farm_entry_2__choice_1.data.text,Обследовать ферму,
episode1.nodes.farm_entry_2__choice_1.title,Обследовать ферму,
episode1.nodes.farm_inside.data.blocks.0.text,"На одном форуме Джек прочитал, посчитав это сказкой в свое время, что животные с «синдромом зомби» (как там говорилось) в отсутствие внешних раздражителей впадают в «спячку», застывают без движения и могут поджидать неосторожную жертву сколь угодно долго. Откуда появилась эта информация и что это за синдром — никто не знал.",
episode1.nodes.farm_inside.data.text,"На одном форуме Джек прочитал, посчитав это сказкой в свое время, что животные с 
«синдромом зомби» (как там говорилось) в отсутствие внешних раздражителей впадают в 
«спячку», застывают без движения и могут поджидать неосторожную жертву сколь 
угодно долго. Откуда появилась эта информация и что это за синдром — никто не знал.",
episode1.nodes.farm_inside.title,farm_inside,
episode1.nodes.farm_inside__choice_0.data.text,Обследовать дальнюю часть,
episode1.nodes.farm_inside__choice_0.title,Обследовать дальнюю часть,
episode1.nodes.farm_inside__choice_1.data.text,Осмотреть ферму тихо,
episode1.nodes.farm_inside__choice_1.title,Осмотреть ферму тихо,
episode1.nodes.farm_leave.data.blocks.0.text,"Здесь будет довольно непросто оставаться длительное время. Наверное, лучше двигаться дальше, решил Джек. Все темные углы этого места не проверить, а постоянно вздрагивать от любого шороха — так можно и с ума сойти.",
episode1.nodes.farm_leave.data.text,"Здесь будет довольно непросто оставаться длительное время. Наверное, лучше двигаться 
дальше, решил Джек. Все темные углы этого места не проверить, а постоянно 
вздрагивать от любого шороха — так можно и с ума сойти.",
episode1.nodes.farm_leave.title,farm_leave,
episode1.nodes.farm_leave__choice_0.data.text,Продолжить,
episode1.nodes.farm_leave__choice_0.title,Продолжить,
episode1.nodes.farm_noise.data.blocks.0.text,"Черт! Под ноги Джеку попалась какая-то банка, и он ее по неосторожности задел!",
episode1.nodes.farm_noise.data.text,"Черт! Под ноги Джеку попалась какая-то банка, и он ее по неосторожности задел!",
episode1.nodes.farm_noise.title,farm_noise,
episode1.nodes.farm_noise__choice_0.data.text,Продолжить,
episode1.nodes.farm_noise__choice_0.title,Продолжить,
episode1.nodes.farm_search.data.blocks.0.text,"Любой неосторожный звук может пробудить мертвецов, возможно находящихся на ферме. Джек старался даже не дышать, он осмотрел уже почти половину фермы, осталась лишь дальняя ее часть...",
episode1.nodes.farm_search.data.text,"Любой неосторожный звук может пробудить мертвецов, возможно находящихся на ферме. 
Джек старался даже не дышать, он осмотрел уже почти половину фермы, осталась лишь 
дальняя ее часть...",
episode1.nodes.farm_search.title,farm_search,
episode1.nodes.farm_search__choice_0.data.text,Продолжить,
episode1.nodes.farm_search__choice_0.title,Продолжить,
episode1.nodes.farm_sound.data.blocks.0.text,Звук? Что это за звук?!,
episode1.nodes.farm_sound.data.blocks.1.text,"Черт! Под ноги Джеку попалась какая-то банка, и он ее по неосторожности задел!",
episode1.nodes.farm_sound.data.text,"Звук? Что это за звук?!

Черт! Под ноги Джеку попалась какая-то банка, и он ее по неосторожности задел!",
episode1.nodes.farm_sound.title,farm_sound,
episode1.nodes.farm_sound__choice_0.data.text,Продолжить,
episode1.nodes.farm_sound__choice_0.title,Продолжить,
episode1.nodes.forest_boundary.data.blocks.0.text,"Батарея в машине Джека села недалеко от небольшого поселка, название которого он не знал. Джек забрал вещи и решил попытаться найти в нем безопасное место для ночлега, быстро темнело.",
episode1.nodes.forest_boundary.data.text,"Батарея в машине Джека села недалеко от небольшого поселка, название которого он не знал. Джек забрал вещи и решил попытаться найти в нем безопасное место для ночлега, быстро темнело.",
episode1.nodes.forest_boundary.title,forest_boundary,
episode1.nodes.forest_boundary__choice_0.data.text,Продолжать по дороге,
episode1.nodes.forest_boundary__choice_0.title,Продолжать по дороге,
episode1.nodes.forest_boundary__choice_1.data.text,Укрыться в доме,
episode1.nodes.forest_boundary__choice_1.title,Укрыться в доме,
episode1.nodes.forest_caught.data.blocks.0.text,"Внезапно что-то схватило Джека за ногу. От неожиданности он упал и в ужасе увидел перед собой безногого мертвеца, тянущегося к нему. Джек вырвался и, не вставая, попытался отползти от жуткого монстра. Сзади послышалось утробное рычание... Мертвецы были совсем рядом.",
episode1.nodes.forest_caught.data.text,"Внезапно что-то схватило Джека за ногу. От неожиданности он упал и в ужасе увидел 
перед собой безногого мертвеца, тянущегося к нему. Джек вырвался и, не вставая, 
попытался отползти от жуткого монстра. Сзади послышалось утробное рычание... 
Мертвецы были совсем рядом.",
episode1.nodes.forest_caught.title,forest_caught,
episode1.nodes.forest_caught__choice_0.data.text,Продолжить,
episode1.nodes.forest_caught__choice_0.title,Продолжить,
episode1.nodes.forest_cellar.data.blocks.0.text,"С замиранием сердца исследовав дом, Джек не нашел признаков опасности и решил в итоге переночевать в пустом погребе, прихватив несколько одеял.",
episode1.nodes.forest_cellar.data.text,"С замиранием сердца исследовав дом, Джек не нашел признаков опасности и решил в 
итоге переночевать в пустом погребе, прихватив несколько одеял.",
episode1.nodes.forest_cellar.title,forest_cellar,
episode1.nodes.forest_cellar__choice_0.data.text,Продолжить,
episode1.nodes.forest_cellar__choice_0.title,Продолжить,
episode1.nodes.forest_choice.data.text,Каково будет решение Джека?,
episode1.nodes.forest_choice.title,forest_choice,
episode1.nodes.forest_choice__choice_0.data.text,Продолжать движение,
episode1.nodes.forest_choice__choice_0.title,Продолжать движение,
episode1.nodes.forest_choice__choice_1.data.text,Свернуть в лес,
episode1.nodes.forest_choice__choice_1.title,Свернуть в лес,
episode1.nodes.forest_enter.data.blocks.0.text,"Джек свернул в лес и пошел, как он думал, в направлении ближайшего населенного пункта. Следовало торопиться: скоро стемнеет, и шансы выйти из леса живым будут таять с каждой минутой.",
episode1.nodes.forest_enter.data.text,"Джек свернул в лес и пошел, как он думал, в направлении ближайшего населенного 
пункта. Следовало торопиться: скоро стемнеет, и шансы выйти из леса живым будут 
таять с каждой минутой.",
episode1.nodes.forest_enter.title,forest_enter,
episode1.nodes.forest_enter__choice_0.data.text,Продолжить,
episode1.nodes.forest_enter__choice_0.title,Продолжить,
episode1.nodes.forest_horde.data.blocks.0.text,"Впереди вдруг послышались многочисленные шаги и рычание, и Джек увидел приближающуюся толпу мертвецов. Откуда она взялась в лесу?! В панике Джек пытается забраться на ближайшее дерево, но ноги все время соскальзывают с влажной коры.",
episode1.nodes.forest_horde.data.text,"Впереди вдруг послышались многочисленные шаги и рычание, и Джек увидел 
приближающуюся толпу мертвецов. Откуда она взялась в лесу?! В панике Джек пытается 
забраться на ближайшее дерево, но ноги все время соскальзывают с влажной коры.",
episode1.nodes.forest_horde.title,forest_horde,
episode1.nodes.forest_horde__choice_0.data.text,Продолжить,
episode1.nodes.forest_horde__choice_0.title,Продолжить,
episode1.nodes.forest_house.data.blocks.0.text,"Джек начал медленно пробираться к ближайшему домику, стараясь не привлекать внимания бродивших вокруг мертвецов.",
episode1.nodes.forest_house.data.text,"Джек начал медленно пробираться к ближайшему домику, стараясь не привлекать 
внимания бродивших вокруг мертвецов.",
episode1.nodes.forest_house.title,forest_house,
episode1.nodes.forest_house__choice_0.data.text,Продолжить,
episode1.nodes.forest_house__choice_0.title,Продолжить,
episode1.nodes.forest_lost.data.blocks.0.text,"Через час Джек понял, что совсем заблудился и не может определить направление на Дорвуд. Небо заволокло тучами, неумолимо приближался вечер... Куда дальше? Через несколько часов здесь будет не разглядеть ни зги.",
episode1.nodes.forest_lost.data.text,"Через час Джек понял, что совсем заблудился и не может определить направление на 
Дорвуд. Небо заволокло тучами, неумолимо приближался вечер... Куда дальше? Через 
несколько часов здесь будет не разглядеть ни зги.",
episode1.nodes.forest_lost.title,forest_lost,
episode1.nodes.forest_lost__choice_0.data.text,Выйти к Дорвуду,
episode1.nodes.forest_lost__choice_0.title,Выйти к Дорвуду,
episode1.nodes.forest_lost__choice_1.data.text,Искать путь в лесу,
episode1.nodes.forest_lost__choice_1.title,Искать путь в лесу,
episode1.nodes.forest_marauder_1.title,forest_marauder_1,
episode1.nodes.forest_marauder_1__choice_0.data.text,Продолжить,
episode1.nodes.forest_marauder_1__choice_0.title,Продолжить,
episode1.nodes.forest_marauder_2.title,forest_marauder_2,
episode1.nodes.forest_marauder_2__choice_0.data.text,Продолжить,
episode1.nodes.forest_marauder_2__choice_0.title,Продолжить,
episode1.nodes.forest_marauder_3.data.blocks.0.text,"Джек не услышал приглушенного глушителем выстрела снайперской винтовки и не почувствовал попадания в него десяти граммов свинца. Пуля угодила в голову, и ему стало все равно, что мародеров заинтересовал его рюкзак...",
episode1.nodes.forest_marauder_3.data.text,"Джек не услышал приглушенного глушителем выстрела снайперской винтовки и не 
почувствовал попадания в него десяти граммов свинца. Пуля угодила в голову, и ему 
стало все равно, что мародеров заинтересовал его рюкзак...",
episode1.nodes.forest_marauder_3.title,forest_marauder_3,
episode1.nodes.forest_marauder_3__choice_0.data.text,Продолжить,
episode1.nodes.forest_marauder_3__choice_0.title,Продолжить,
episode1.nodes.forest_road.data.blocks.0.text,"Беспрепятственно преодолев полосу тумана, Джек вышел на хорошую проселочную дорогу. Теперь оставалось решить что делать дальше: пойти прямо по ней, где он будет виден издалека или свернуть прямиком в лес?",
episode1.nodes.forest_road.data.text,"Беспрепятственно преодолев полосу тумана, Джек вышел на хорошую проселочную 
дорогу. Теперь оставалось решить что делать дальше: пойти прямо по ней, где он будет 
виден издалека или свернуть прямиком в лес?",
episode1.nodes.forest_road.title,forest_road,
episode1.nodes.forest_road__choice_0.data.text,Продолжить,
episode1.nodes.forest_road__choice_0.title,Продолжить,
episode1.nodes.forest_shelter_1.data.blocks.0.text,"Закрыв дверь в погреб, Джек устало закрыл глаза. Каждое лишнее движение уставших ног отзывалось тупой болью... Кажется, что он преодолел пешком за сегодня расстояние большее, чем за всю свою жизнь.",
episode1.nodes.forest_shelter_1.data.text,"Закрыв дверь в погреб, Джек устало закрыл глаза. Каждое лишнее движение уставших 
ног отзывалось тупой болью... Кажется, что он преодолел пешком за сегодня расстояние 
большее, чем за всю свою жизнь.",
episode1.nodes.forest_shelter_1.title,forest_shelter_1,
episode1.nodes.forest_shelter_1__choice_0.data.text,Продолжить,
episode1.nodes.forest_shelter_1__choice_0.title,Продолжить,
episode1.nodes.forest_shelter_2.data.blocks.0.text,"«Невероятно! Я, обычный офисный работник, умудрился выжить в этом аду! Теперь мне стоит подумать о том, что же делать дальше. Постараюсь найти людей, присоединиться к ним. Не думаю, что смогу в одиночку...»",
episode1.nodes.forest_shelter_2.data.blocks.1.text,"Закрыв дверь в погреб, Джек устало закрыл глаза. Каждое лишнее движение уставших ног отзывалось тупой болью... Кажется, что он преодолел пешком за сегодня расстояние большее, чем за всю свою жизнь.",
episode1.nodes.forest_shelter_2.data.text,"«Невероятно! Я, обычный офисный работник, умудрился 
выжить в этом аду!
Теперь мне стоит подумать о том, что же делать 
дальше. Постараюсь найти людей, присоединиться к ним. 
Не думаю, что смогу в одиночку...»

Закрыв дверь в погреб, Джек устало закрыл глаза. Каждое лишнее движение уставших 
ног отзывалось тупой болью... Кажется, что он преодолел пешком за сегодня расстояние 
большее, чем за всю свою жизнь.",
episode1.nodes.forest_shelter_2.title,forest_shelter_2,
episode1.nodes.forest_shelter_2__choice_0.data.text,Продолжить,
episode1.nodes.forest_shelter_2__choice_0.title,Продолжить,
episode1.nodes.forest_shelter_3.data.blocks.0.text,Дневник Джека. 15.06,
episode1.nodes.forest_shelter_3.data.blocks.1.text,"«Невероятно! Я, обычный офисный работник, умудрился выжить в этом аду! Теперь мне стоит подумать о том, что же делать дальше. Постараюсь найти людей, присоединиться к ним. Не думаю, что смогу в одиночку...»",
episode1.nodes.forest_shelter_3.data.blocks.2.text,"Закрыв дверь в погреб, Джек устало закрыл глаза. Каждое лишнее движение уставших ног отзывалось тупой болью... Кажется, что он преодолел пешком за сегодня расстояние большее, чем за всю свою жизнь.",
episode1.nodes.forest_shelter_3.data.text,"Дневник Джека. 15.06

«Невероятно! Я, обычный офисный работник, умудрился 
выжить в этом аду!
Теперь мне стоит подумать о том, что же делать 
дальше. Постараюсь найти людей, присоединиться к ним. 
Не думаю, что смогу в одиночку...»

Закрыв дверь в погреб, Джек устало закрыл глаза. Каждое лишнее движение уставших 
ног отзывалось тупой болью... Кажется, что он преодолел пешком за сегодня расстояние 
большее, чем за всю свою жизнь.",
episode1.nodes.forest_shelter_3.title,forest_shelter_3,
episode1.nodes.forest_shelter_3__choice_0.data.text,Продолжить,
episode1.nodes.forest_shelter_3__choice_0.title,Продолжить,
episode1.nodes.forest_village_1.data.blocks.0.text,"Джек вышел к окраинам небольшого поселка, с виду пустынного, как и все остальные. Стоило искать ночлег, скоро стемнеет и продолжать движение будет сродни самоубийству.",
episode1.nodes.forest_village_1.data.text,"Джек вышел к окраинам небольшого поселка, с виду пустынного, как и все остальные. Стоило искать ночлег, скоро стемнеет и продолжать движение будет сродни самоубийству.",
episode1.nodes.forest_village_1.title,forest_village_1,
episode1.nodes.forest_village_1__choice_0.data.text,Продолжать по дороге,
episode1.nodes.forest_village_1__choice_0.title,Продолжать по дороге,
episode1.nodes.forest_village_1__choice_1.data.text,Укрыться в доме,
episode1.nodes.forest_village_1__choice_1.title,Укрыться в доме,
episode1.nodes.forest_village_2.data.blocks.0.text,"Батарея в машине Джека села недалеко от небольшого поселка, название которого он не знал. Джек забрал вещи и решил попытаться найти в нем безопасное место для ночлега, быстро темнело.",
episode1.nodes.forest_village_2.data.text,"Батарея в машине Джека села недалеко от небольшого поселка, название которого он не знал. Джек забрал вещи и решил попытаться найти в нем безопасное место для ночлега, быстро темнело.",
episode1.nodes.forest_village_2.title,forest_village_2,
episode1.nodes.forest_village_2__choice_0.data.text,Продолжать по дороге,
episode1.nodes.forest_village_2__choice_0.title,Продолжать по дороге,
episode1.nodes.forest_village_2__choice_1.data.text,Укрыться в доме,
episode1.nodes.forest_village_2__choice_1.title,Укрыться в доме,
episode1.nodes.forest_walk.data.blocks.0.text,"Дорога все тянулась и тянулась. Джек периодически замирал, слушая окружающие звуки. Иногда приходилось прятаться за ближайщим деревом, пропуская бредущего мимо мертвеца. Джек все больше привыкал к жизни, где лишний шум может стоить ему жизни...",
episode1.nodes.forest_walk.data.text,"Дорога все тянулась и тянулась. Джек периодически замирал, слушая окружающие звуки. 
Иногда приходилось прятаться за ближайщим деревом, пропуская бредущего мимо 
мертвеца. Джек все больше привыкал к жизни, где лишний шум может стоить ему 
жизни...",
episode1.nodes.forest_walk.title,forest_walk,
episode1.nodes.forest_walk__choice_0.data.text,Продолжить,
episode1.nodes.forest_walk__choice_0.title,Продолжить,
episode1.nodes.hired_office_gate.data.text,"Офис, где работал Джек находился рядом с Центральной больницей города, на окраине. И 
сейчас рядом с ней находилась чуть ли не вся полиция Нью-Тауна, слышались частые 
выстрелы. Перебросившись парой фраз с зеваками поблизости, Джек узнал, что скоро 
здесь будет армия, ибо этих тварей из больницы берет только прямое попадание в голову. 
«Чудненькие перспективы», — подытожил Джек.",
episode1.nodes.hired_office_gate.title,hired_office_gate,
episode1.nodes.hired_office_gate__choice_0.data.text,Далее,
episode1.nodes.hired_office_gate__choice_0.title,Далее,
episode1.nodes.keys.data.text,Ключи от Subaru R1e,
episode1.nodes.keys.title,keys,
episode1.nodes.keys__choice_0.data.text,Забрать,
episode1.nodes.keys__choice_0.title,Забрать,
episode1.nodes.keys__entry.title,При входе,
episode1.nodes.lift.data.text,Дойти до лифта удалось без происшествий. Почти.,
episode1.nodes.lift.title,lift,
episode1.nodes.lift__choice_0.data.text,Войти в лифт,
episode1.nodes.lift__choice_0.title,Войти в лифт,
episode1.nodes.lift_button.data.text,"Джек нажал на кнопку первого этажа, и лифт понес его в неизвестность...",
episode1.nodes.lift_button.title,lift_button,
episode1.nodes.lift_button__choice_0.data.text,Первый этаж,
episode1.nodes.lift_button__choice_0.title,Первый этаж,
episode1.nodes.mainstreet_attack.title,mainstreet_attack,
episode1.nodes.mainstreet_attack__choice_0.data.text,Продолжить,
episode1.nodes.mainstreet_attack__choice_0.title,Продолжить,
episode1.nodes.mainstreet_boundary.title,mainstreet_boundary,
episode1.nodes.mainstreet_boundary__choice_0.data.text,Пробежать сквозь зомби,
episode1.nodes.mainstreet_boundary__choice_0.title,Пробежать сквозь зомби,
episode1.nodes.mainstreet_boundary__choice_1.data.text,Поймать машину до офиса,
episode1.nodes.mainstreet_boundary__choice_1.title,Поймать машину до офиса,
episode1.nodes.mainstreet_boundary__choice_2.data.text,Поймать машину и уехать,
episode1.nodes.mainstreet_boundary__choice_2.title,Поймать машину и уехать,
episode1.nodes.mainstreet_boundary__choice_3.data.text,Медленно отойти назад,
episode1.nodes.mainstreet_boundary__choice_3.title,Медленно отойти назад,
episode1.nodes.mainstreet_choice.title,mainstreet_choice,
episode1.nodes.mainstreet_choice__choice_0.data.text,Пробежать сквозь зомби,
episode1.nodes.mainstreet_choice__choice_0.title,Пробежать сквозь зомби,
episode1.nodes.mainstreet_choice__choice_1.data.text,Поймать машину до офиса,
episode1.nodes.mainstreet_choice__choice_1.title,Поймать машину до офиса,
episode1.nodes.mainstreet_choice__choice_2.data.text,Поймать машину и уехать,
episode1.nodes.mainstreet_choice__choice_2.title,Поймать машину и уехать,
episode1.nodes.mainstreet_choice__choice_3.data.text,Медленно отойти назад,
episode1.nodes.mainstreet_choice__choice_3.title,Медленно отойти назад,
episode1.nodes.mainstreet_run.title,mainstreet_run,
episode1.nodes.mainstreet_run__choice_0.data.text,Продолжить,
episode1.nodes.mainstreet_run__choice_0.title,Продолжить,
episode1.nodes.metro_chase.data.text,"Бредущий по эскалатору окровавленный мужчина заметил Джека и... побежал! Расстояние 
между людьми сокращалось со стремительной быстротой. Ведомый инстинктами Джек 
бросился бежать, не разбирая дороги и сам не понимая, чего так панически боится.",
episode1.nodes.metro_chase.title,metro_chase,
episode1.nodes.metro_chase__choice_0.data.text,Далее,
episode1.nodes.metro_chase__choice_0.title,Далее,
episode1.nodes.metro_descent.data.text,"Темный спуск в метро уверенности не придал, как не придал и понимания творящегося 
вокруг. И чем дальше Джек спускался, тем тише становилась жуткая какофония улиц, тем 
сильнее обволакивала липкая холодная тьма.",
episode1.nodes.metro_descent.title,metro_descent,
episode1.nodes.metro_descent__choice_0.data.text,Далее,
episode1.nodes.metro_descent__choice_0.title,Далее,
episode1.nodes.metro_junction.data.text,"Что дальше? Пробираться вглубь станции или сразу на поверхность? И... Черт, да что 
здесь вообще происходит?! Кровь, кровь, КРОВЬ на закрытой уже второй месяц на ремонт 
станции бросила Джека в дрожь, сковала леденящим оцепенением.",
episode1.nodes.metro_junction.title,metro_junction,
episode1.nodes.metro_junction__choice_0.data.text,Пробираться вглубь станции,
episode1.nodes.metro_junction__choice_0.title,Пробираться вглубь станции,
episode1.nodes.metro_junction__choice_1.data.text,Вернуться на поверхность,
episode1.nodes.metro_junction__choice_1.title,Вернуться на поверхность,
episode1.nodes.metro_platform.data.text,"Джеку всегда не хватало времени всерьез заняться спортом... Из последних сил взлетев 
по лестнице на платформу, он увидел, что единственный путь бегства — туннель, 
намертво перекрытый искореженным вагоном.",
episode1.nodes.metro_platform.title,metro_platform,
episode1.nodes.metro_platform__choice_0.data.text,Далее,
episode1.nodes.metro_platform__choice_0.title,Далее,
episode1.nodes.metro_start.data.text,"Нужно сказать прямо — идея оказалась не самая удачная. Теперь Джеку не оставалось 
ничего иного, кроме как попытаться спрятаться от приближающейся обезумевшей толпы. 
С людьми явно было что-то не так... Но что, черт возьми?!",
episode1.nodes.metro_start.title,metro_start,
episode1.nodes.metro_start__choice_0.data.text,Далее,
episode1.nodes.metro_start__choice_0.title,Далее,
episode1.nodes.metro_surface.data.text,"Идущие навстречу Джеку по эскалатору мертвенно-бледные люди запутались в ногах и 
покатились вниз, подарив мужчине драгоценные секунды для бегства. Еще пара десятков 
метров, и он снова окажется на поверхности!",
episode1.nodes.metro_surface.title,metro_surface,
episode1.nodes.metro_surface__choice_0.data.text,Далее,
episode1.nodes.metro_surface__choice_0.title,Далее,
episode1.nodes.metro_train.data.text,"Вбежав в ближайшую раскрытую дверь, мужчина в ужасе отпрянул, заметив 
поднимающихся ему навстречу изуродованных людей. Еще секунда — и западня 
залопнулась, оставляя Джека лицом к лицу с... Нет, что за?! Нет, НЕЕТ!!!",
episode1.nodes.metro_train.title,metro_train,
episode1.nodes.metro_train__choice_0.data.text,Далее,
episode1.nodes.metro_train__choice_0.title,Далее,
episode1.nodes.morning_choice.data.text,Что дальше?,
episode1.nodes.morning_choice.title,morning_choice,
episode1.nodes.morning_choice__choice_0.data.text,Выйти на улицу,
episode1.nodes.morning_choice__choice_0.title,Выйти на улицу,
episode1.nodes.morning_choice__choice_1.data.text,Смотреть последние новости,
episode1.nodes.morning_choice__choice_1.title,Смотреть последние новости,
episode1.nodes.office_decision.data.text,"В офисе находятся некоторые важные документы, нужно обязательно их забрать! Джек все не мог решиться шагнуть в темноту входа...",
episode1.nodes.office_decision.title,office_decision,
episode1.nodes.office_decision__choice_0.data.text,Незаметно пройти в офис,
episode1.nodes.office_decision__choice_0.title,Незаметно пройти в офис,
episode1.nodes.office_decision__choice_1.data.text,Уехать из города,
episode1.nodes.office_decision__choice_1.title,Уехать из города,
episode1.nodes.office_documents.data.text,"Помещение, где обычно работал Джек оказалось полностью погруженным во тьму и 
пришлось включить фонарик на брелке домашних ключей. Джек услышал шаги совсем 
рядом, прямо за стеной!",
episode1.nodes.office_documents.title,office_documents,
episode1.nodes.office_documents__choice_0.data.text,Далее,
episode1.nodes.office_documents__choice_0.title,Далее,
episode1.nodes.office_drive.data.text,"Трудолюбие и «сидячий» образ жизни скоро доканают Джека, но деньги есть деньги, 
причем немалые... Как там было на недавнем треннинге? «Трудолюбие — залог вашего 
успешного будущего». О как! И где теперь это будущее, черт бы вас побрал?",
episode1.nodes.office_drive.title,office_drive,
episode1.nodes.office_drive__choice_0.data.text,Далее,
episode1.nodes.office_drive__choice_0.title,Далее,
episode1.nodes.office_enter.data.text,"Внутри здания оказалось темно и пусто. То тут, то там попадались следы крови и борьбы. 
Некоторые двери были выломаны или имели вмятины. Джеку стало не по себе...",
episode1.nodes.office_enter.data.text_on_foot,"В офисе оставались достаточно важные документы, и Джек все-таки решился в него проникнуть. Внутри здания оказалось темно и пусто. То тут, то там попадались следы крови и борьбы. Некоторые двери были выломаны или имели вмятины. Решимость Джека постепенно угасала...",
episode1.nodes.office_enter.title,office_enter,
episode1.nodes.office_enter__choice_0.data.text,Далее,
episode1.nodes.office_enter__choice_0.title,Далее,
episode1.nodes.office_exit.data.text,"Выйдя на улицу Джек прищурился от яркого света и понял, что ему стоит поторопиться 
дойти до машины, пока заметившие его мертвецы еще далеко.",
episode1.nodes.office_exit.title,office_exit,
episode1.nodes.office_exit__choice_0.data.text,Далее,
episode1.nodes.office_exit__choice_0.title,Далее,
episode1.nodes.office_fatal.title,office_fatal,
episode1.nodes.office_fatal__choice_0.data.text,Далее,
episode1.nodes.office_fatal__choice_0.title,Далее,
episode1.nodes.office_fire_escape.data.text,"Про наличие в здании еще одной лестницы, пожарной, практически никто не знал. Она 
оказалась пуста, и уже через несколько минут Джек шел к выходу из офиса, которому 
посвятил пять лет своей жизни.",
episode1.nodes.office_fire_escape.title,office_fire_escape,
episode1.nodes.office_fire_escape__choice_0.data.text,Далее,
episode1.nodes.office_fire_escape__choice_0.title,Далее,
episode1.nodes.office_floor.data.text,"Осторожно поднявшись на второй этаж, Джек направился к своему рабочему месту. 
Иногда ему казалось что он слышит какие-то шаркающие звуки... Нужно поскорей забрать 
бумаги и выбраться отсюда!",
episode1.nodes.office_floor.title,office_floor,
episode1.nodes.office_floor__choice_0.data.text,Далее,
episode1.nodes.office_floor__choice_0.title,Далее,
episode1.nodes.office_gate.data.text,"Офис, где работал Джек находился рядом с Центральной больницей города, на окраине. И 
сейчас рядом с ней находилась чуть ли не вся полиция Нью-Тауна, слышались частые 
выстрелы. Перебросившись парой фраз с зеваками поблизости, Джек узнал, что скоро 
здесь будет армия, ибо этих тварей из больницы берет только прямое попадание в голову. 
«Чудненькие перспективы», — подытожил Джек.",
episode1.nodes.office_gate.title,office_gate,
episode1.nodes.office_gate__choice_0.data.text,Далее,
episode1.nodes.office_gate__choice_0.title,Далее,
episode1.nodes.office_roof.data.text,"Глупая была идея... Джек сел на край крыши, свесил вниз ноги и с грустью увидел, как 
мертвецы расправляются с остатками полицеских и военных. Это конец...",
episode1.nodes.office_roof.title,office_roof,
episode1.nodes.office_roof__choice_0.data.text,Далее,
episode1.nodes.office_roof__choice_0.title,Далее,
episode1.nodes.office_roof_stairs.data.text,"Хорошо, что в здании были лифты, и большинство людей пользовались именно ими. 
Джек, постоянно оглядываясь и светя фонариком во  все стороны, без особых проблем 
добрался до дверей, преграждающих выход на крышу.",
episode1.nodes.office_roof_stairs.title,office_roof_stairs,
episode1.nodes.office_roof_stairs__choice_0.data.text,Далее,
episode1.nodes.office_roof_stairs__choice_0.title,Далее,
episode1.nodes.office_threat.data.text,"Джек развернулся и пошел обратно к выходу. В тот момент, когда он уже практически 
прошел очередное помещение офиса, он отчетливо услышал шорох в метрах пяти слева 
от себя. Луч света резко прыгнул влево и... Кровь застыла у Джека в жилах...",
episode1.nodes.office_threat.title,office_threat,
episode1.nodes.office_threat__choice_0.data.text,Далее,
episode1.nodes.office_threat__choice_0.title,Далее,
episode1.nodes.paid_car.data.text,"Как всегда бывает при различного рода катастрофах и трагедиях, Джек смог найти 
человека, который за баснословную цену согласился вывезти его из Нью-Тауна.",
episode1.nodes.paid_car.title,paid_car,
episode1.nodes.paid_car__choice_0.data.text,Далее,
episode1.nodes.paid_car__choice_0.title,Далее,
episode1.nodes.paid_car_outside.data.text,"Как только показались загородные дома, водитель Бьюика чуть ли не выбросил Джека, 
взяв с него целых 250$. Кровно заработанных причем! Так, ладно. И что делать дальше? 
Зомби, взрывы, трупы на улицах. А еще вчера Джек мирно сидел в своем тихом офисе в 
центре Нью-Тауна...",
episode1.nodes.paid_car_outside.title,paid_car_outside,
episode1.nodes.paid_car_outside__choice_0.data.text,Далее,
episode1.nodes.paid_car_outside__choice_0.title,Далее,
episode1.nodes.roof_explosion.title,roof_explosion,
episode1.nodes.roof_explosion__choice_0.data.text,Далее,
episode1.nodes.roof_explosion__choice_0.title,Далее,
episode1.nodes.screams.data.text,"Придя в себя после пробуждения, он услышал чьи-то крики и стрельбу на улице.",
episode1.nodes.screams.title,screams,
episode1.nodes.screams__choice_0.data.text,Далее,
episode1.nodes.screams__choice_0.title,Далее,
episode1.nodes.shop_decision.data.text,Что дальше? Попытаться найти убежище в городе или бежать из него со всех ног?,
episode1.nodes.shop_decision.title,shop_decision,
episode1.nodes.shop_decision__choice_0.data.text,Бежать из Нью-Тауна,
episode1.nodes.shop_decision__choice_0.title,Бежать из Нью-Тауна,
episode1.nodes.shop_decision__choice_1.data.text,Найти убежище в городе,
episode1.nodes.shop_decision__choice_1.title,Найти убежище в городе,
episode1.nodes.shop_decision__choice_2.data.text,Взять такси и уехать,
episode1.nodes.shop_decision__choice_2.title,Взять такси и уехать,
episode1.nodes.shop_window.data.text,"Понять хоть что-либо по разрозненным новостным сводкам было крайне сложно. На 
большинстве каналов бледные напомаженные ведущие лишь советовали ньютаунцам не 
создавать паники и по возможности не покидать домов. На улицах города тем временем 
продолжал твориться полный беспредел...",
episode1.nodes.shop_window.title,shop_window,
episode1.nodes.shop_window__choice_0.data.text,Далее,
episode1.nodes.shop_window__choice_0.title,Далее,
episode1.nodes.street_decision.data.text,Что же Джеку предпринять дальше? Добраться таки до офиса или лучше уехать из города?,
episode1.nodes.street_decision.title,street_decision,
episode1.nodes.street_decision__choice_0.data.text,Идти в офис дворами,
episode1.nodes.street_decision__choice_0.title,Идти в офис дворами,
episode1.nodes.street_decision__choice_1.data.text,Дойти по главной улице,
episode1.nodes.street_decision__choice_1.title,Дойти по главной улице,
episode1.nodes.street_decision__choice_2.data.text,Взять такси и уехать,
episode1.nodes.street_decision__choice_2.title,Взять такси и уехать,
episode1.nodes.street_stretcher.data.text,"Странно и страшно одновременно. Джек невольно поежился... Уж очень жутко выглядел 
мертвец на носилках.",
episode1.nodes.street_stretcher.title,street_stretcher,
episode1.nodes.street_stretcher__choice_0.data.text,Далее,
episode1.nodes.street_stretcher__choice_0.title,Далее,
episode1.nodes.suburb_boundary.data.blocks.0.text,"Джека высадили на окраине Дорвуда, маленького городишки, где в свое время жило всего лишь несколько тысяч жителей. Но теперь...",
episode1.nodes.suburb_boundary.data.text,"Джека высадили на окраине Дорвуда, маленького городишки, где в свое время жило всего лишь несколько тысяч жителей. Но теперь...",
episode1.nodes.suburb_boundary.title,suburb_boundary,
episode1.nodes.suburb_boundary__choice_0.data.text,Продолжить,
episode1.nodes.suburb_boundary__choice_0.title,Продолжить,
episode1.nodes.taxi_boundary.data.blocks.0.text,"К огромному облегчению Джека, его друг, таксист Бен, оказался там, где обычно — ждущим клиентов. Невероятно, что получилось его застать! Видя, что творится что-то неладное, люди старались уехать прочь из города, от греха подальше, но не у всех были автомобили.",
episode1.nodes.taxi_boundary.data.text,"К огромному облегчению Джека, его друг, таксист Бен, оказался там, где обычно — 
ждущим клиентов. Невероятно, что получилось его застать! Видя, что творится что-то 
неладное, люди старались уехать прочь из города, от греха подальше, но не у всех были 
автомобили.",
episode1.nodes.taxi_boundary.title,taxi_boundary,
episode1.nodes.taxi_boundary__choice_0.data.text,Продолжить,
episode1.nodes.taxi_boundary__choice_0.title,Продолжить,
episode1.nodes.taxi_checkpoint.data.blocks.0.text,"На выезде из города поголовно проверяли людей: часть куда-то уводили, слышались выстрелы, а в скопившемся автомобильном заторе царило полное непонимание и страх. Но в конце концов Джеку с таксистом удалось-таки преодолеть военный заслон.",
episode1.nodes.taxi_checkpoint.data.text,"На выезде из города поголовно проверяли людей: часть куда-то уводили, слышались 
выстрелы, а в скопившемся автомобильном заторе царило полное непонимание и страх. Но 
в конце концов Джеку с таксистом удалось-таки преодолеть военный заслон.",
episode1.nodes.taxi_checkpoint.title,taxi_checkpoint,
episode1.nodes.taxi_checkpoint__choice_0.data.text,Продолжить,
episode1.nodes.taxi_checkpoint__choice_0.title,Продолжить,
episode1.nodes.taxi_choice.data.text,"Бен сказал, что у него есть загородный дом с кое-какими запасами еды, да и оружие имелось. Быть может, стоит остановиться у него ненадолго? Пока не уляжется вся эта ерунда.",
episode1.nodes.taxi_choice.title,taxi_choice,
episode1.nodes.taxi_choice__choice_0.data.text,Объединиться с Беном,
episode1.nodes.taxi_choice__choice_0.title,Объединиться с Беном,
episode1.nodes.taxi_choice__choice_1.data.text,Отказаться от предложения,
episode1.nodes.taxi_choice__choice_1.title,Отказаться от предложения,
episode1.nodes.taxi_depart.data.blocks.0.text,"К счастью, до окраин хаос из центра еще не добрался, и такси практически беспрепятственно покидало город. Еще один поворот, и Нью-Таун останется позади Джека.",
episode1.nodes.taxi_depart.data.text,"К счастью, до окраин хаос из центра еще не добрался, и такси практически 
беспрепятственно покидало город. Еще один поворот, и Нью-Таун останется позади 
Джека.",
episode1.nodes.taxi_depart.title,taxi_depart,
episode1.nodes.taxi_depart__choice_0.data.text,Продолжить,
episode1.nodes.taxi_depart__choice_0.title,Продолжить,
episode1.nodes.taxi_entry_1.data.blocks.0.text,"К огромному облегчению Джека, его друг, таксист Бен, оказался там, где обычно — ждущим клиентов. Невероятно, что получилось его застать! Видя, что творится что-то неладное, люди старались уехать прочь из города, от греха подальше, но не у всех были автомобили.",
episode1.nodes.taxi_entry_1.data.text,"К огромному облегчению Джека, его друг, таксист Бен, оказался там, где обычно — 
ждущим клиентов. Невероятно, что получилось его застать! Видя, что творится что-то 
неладное, люди старались уехать прочь из города, от греха подальше, но не у всех были 
автомобили.",
episode1.nodes.taxi_entry_1.title,taxi_entry_1,
episode1.nodes.taxi_entry_1__choice_0.data.text,Продолжить,
episode1.nodes.taxi_entry_1__choice_0.title,Продолжить,
episode1.nodes.taxi_entry_2.data.blocks.0.text,"Да где же он? Здесь же был всегда... Неужели уже уехал? К огромному разочарованию Джека, его друга, таксиста Бена, на привычном месте не оказалось. Это значило, что мужчине необходимо было срочно придумать иной план к отступлению из так стремительно звереющего города.",
episode1.nodes.taxi_entry_2.data.text,"Да где же он? Здесь же был всегда... Неужели уже уехал? К огромному разочарованию 
Джека, его друга, таксиста Бена, на привычном месте не оказалось. Это значило, что 
мужчине необходимо было срочно придумать иной план к отступлению из так 
стремительно звереющего города.",
episode1.nodes.taxi_entry_2.title,taxi_entry_2,
episode1.nodes.taxi_entry_2__choice_0.data.text,Продолжить,
episode1.nodes.taxi_entry_2__choice_0.title,Продолжить,
episode1.nodes.taxi_escape_boundary.data.blocks.0.text,"Да где же он? Здесь же был всегда... Неужели уже уехал? К огромному разочарованию Джека, его друга, таксиста Бена, на привычном месте не оказалось. Это значило, что мужчине необходимо было срочно придумать иной план к отступлению из так стремительно звереющего города.",
episode1.nodes.taxi_escape_boundary.data.text,"Да где же он? Здесь же был всегда... Неужели уже уехал? К огромному разочарованию 
Джека, его друга, таксиста Бена, на привычном месте не оказалось. Это значило, что 
мужчине необходимо было срочно придумать иной план к отступлению из так 
стремительно звереющего города.",
episode1.nodes.taxi_escape_boundary.title,taxi_escape_boundary,
episode1.nodes.taxi_escape_boundary__choice_0.data.text,Продолжить,
episode1.nodes.taxi_escape_boundary__choice_0.title,Продолжить,
episode1.nodes.taxi_house.data.blocks.0.text,"Дом Бена находился на отшибе, в глуши. Дряхлое строение, на первый взгляд, казалось абсолютно заброшенным и пустым. Так по сути и было: по словам самого Бена, он уже давненько не бывал здесь — кипучая городская жизнь не отпускала таксиста.",
episode1.nodes.taxi_house.data.text,"Дом Бена находился на отшибе, в глуши. Дряхлое строение, на первый взгляд, казалось 
абсолютно заброшенным и пустым. Так по сути и было: по словам самого Бена, он уже 
давненько не бывал здесь — кипучая городская жизнь не отпускала таксиста.",
episode1.nodes.taxi_house.title,taxi_house,
episode1.nodes.taxi_house__choice_0.data.text,Продолжить,
episode1.nodes.taxi_house__choice_0.title,Продолжить,
episode1.nodes.taxi_road.data.blocks.0.text,"Решено было дождаться темноты, когда на дороге будет меньше машин. Поэтому часов в восемь вечера такси выехало из своего укрытия на дорогу. Ехали небыстро, со средней скоростью, делая иногда небольшие остановки минут по пятнадцать. К утру Джек с Беном были уже практически на месте.",
episode1.nodes.taxi_road.data.text,"Решено было дождаться темноты, когда на дороге будет меньше машин. Поэтому часов в 
восемь вечера такси выехало из своего укрытия на дорогу. Ехали небыстро, со средней 
скоростью, делая иногда небольшие остановки минут по пятнадцать. К утру Джек с Беном 
были уже практически на месте.",
episode1.nodes.taxi_road.title,taxi_road,
episode1.nodes.taxi_road__choice_0.data.text,Продолжить,
episode1.nodes.taxi_road__choice_0.title,Продолжить,
episode1.nodes.taxi_shelter_1.data.blocks.0.text,"Среди всех пожитков Бена особенно бросалось в глаза здоровенное ружье, завернутое в брезент. Тут Джек вспомнил, что его новый сосед когда-то рассказывал о своих героических охотничьих похождениях. Многое таксист, конечно же, приукрасил, однако с оружием в доме было всяко спокойнее.",
episode1.nodes.taxi_shelter_1.data.text,"Среди всех пожитков Бена особенно бросалось в глаза здоровенное ружье, завернутое в 
брезент. Тут Джек вспомнил, что его новый сосед когда-то рассказывал о своих 
героических охотничьих похождениях. Многое таксист, конечно же, приукрасил, однако с 
оружием в доме было всяко спокойнее.",
episode1.nodes.taxi_shelter_1.title,taxi_shelter_1,
episode1.nodes.taxi_shelter_1__choice_0.data.text,Продолжить,
episode1.nodes.taxi_shelter_1__choice_0.title,Продолжить,
episode1.nodes.taxi_shelter_2.data.blocks.0.text,"«Как же хорошо иметь хоть какие-то связи по жизни. Если бы не Бен, то неизвестно, выбрался ли я бы вообще из Нью-Тауна. Завтра собираемся поехать в ближайший супермаркет, попробуем достать еще припасов и топлива для генератора. Черт, я жив! Все же мать и Элис были неправы, называя меня неудачником...»",
episode1.nodes.taxi_shelter_2.data.blocks.1.text,"Среди всех пожитков Бена особенно бросалось в глаза здоровенное ружье, завернутое в брезент. Тут Джек вспомнил, что его новый сосед когда-то рассказывал о своих героических охотничьих похождениях. Многое таксист, конечно же, приукрасил, однако с оружием в доме было всяко спокойнее.",
episode1.nodes.taxi_shelter_2.data.text,"«Как же хорошо иметь хоть какие-то связи по жизни. 
Если бы не Бен, то неизвестно, выбрался ли я бы вообще из 
Нью-Тауна.
Завтра собираемся поехать в ближайший супермаркет, 
попробуем достать еще припасов и топлива для 
генератора. 
Черт, я жив! Все же мать и Элис были неправы, называя 
меня неудачником...»

Среди всех пожитков Бена особенно бросалось в глаза здоровенное ружье, завернутое в 
брезент. Тут Джек вспомнил, что его новый сосед когда-то рассказывал о своих 
героических охотничьих похождениях. Многое таксист, конечно же, приукрасил, однако с 
оружием в доме было всяко спокойнее.",
episode1.nodes.taxi_shelter_2.title,taxi_shelter_2,
episode1.nodes.taxi_shelter_2__choice_0.data.text,Продолжить,
episode1.nodes.taxi_shelter_2__choice_0.title,Продолжить,
episode1.nodes.taxi_shelter_3.data.blocks.0.text,Дневник Джека. 15.06,
episode1.nodes.taxi_shelter_3.data.blocks.1.text,"«Как же хорошо иметь хоть какие-то связи по жизни. Если бы не Бен, то неизвестно, выбрался ли я бы вообще из Нью-Тауна. Завтра собираемся поехать в ближайший супермаркет, попробуем достать еще припасов и топлива для генератора. Черт, я жив! Все же мать и Элис были неправы, называя меня неудачником...»",
episode1.nodes.taxi_shelter_3.data.blocks.2.text,"Среди всех пожитков Бена особенно бросалось в глаза здоровенное ружье, завернутое в брезент. Тут Джек вспомнил, что его новый сосед когда-то рассказывал о своих героических охотничьих похождениях. Многое таксист, конечно же, приукрасил, однако с оружием в доме было всяко спокойнее.",
episode1.nodes.taxi_shelter_3.data.text,"Дневник Джека. 15.06

«Как же хорошо иметь хоть какие-то связи по жизни. 
Если бы не Бен, то неизвестно, выбрался ли я бы вообще из 
Нью-Тауна.
Завтра собираемся поехать в ближайший супермаркет, 
попробуем достать еще припасов и топлива для 
генератора. 
Черт, я жив! Все же мать и Элис были неправы, называя 
меня неудачником...»

Среди всех пожитков Бена особенно бросалось в глаза здоровенное ружье, завернутое в 
брезент. Тут Джек вспомнил, что его новый сосед когда-то рассказывал о своих 
героических охотничьих похождениях. Многое таксист, конечно же, приукрасил, однако с 
оружием в доме было всяко спокойнее.",
episode1.nodes.taxi_shelter_3.title,taxi_shelter_3,
episode1.nodes.taxi_shelter_3__choice_0.data.text,Продолжить,
episode1.nodes.taxi_shelter_3__choice_0.title,Продолжить,
episode1.nodes.transport.data.text,Поехать ли на работу на машине или пойти пешком?,
episode1.nodes.transport.title,transport,
episode1.nodes.transport__choice_0.data.text,Выйти на улицу,
episode1.nodes.transport__choice_0.title,Выйти на улицу,
episode1.nodes.transport__choice_1.data.text,Взять ключи от машины,
episode1.nodes.transport__choice_1.title,Взять ключи от машины,
episode1.nodes.transport__choice_1__requires.title,Доступность ответа,
episode1.nodes.transport_choice.data.text,Следует ли Джеку сегодня дойти до работы пешком или лучше доехать на машине?,
episode1.nodes.transport_choice.title,transport_choice,
episode1.nodes.transport_choice__choice_0.data.text,Поехать на машине,
episode1.nodes.transport_choice__choice_0.title,Поехать на машине,
episode1.nodes.transport_choice__choice_0__effects.title,Последствия выбора,
episode1.nodes.transport_choice__choice_1.data.text,Дойти пешком,
episode1.nodes.transport_choice__choice_1.title,Дойти пешком,
episode1.nodes.transport_choice__choice_1__effects.title,Последствия выбора,
episode1.nodes.tv.data.text,CH 1,
episode1.nodes.tv.title,tv,
episode1.nodes.tv__choice_0.data.text,Следующий канал,
episode1.nodes.tv__choice_0.title,Следующий канал,
episode1.nodes.tv__choice_1.data.text,Выключить телевизор,
episode1.nodes.tv__choice_1.title,Выключить телевизор,
episode1.nodes.wake.data.text,Это утро в жизни Джека началось с воя полицейских сирен...,
episode1.nodes.wake.title,wake,
episode1.nodes.wake__choice_0.data.text,Далее,
episode1.nodes.wake__choice_0.title,Далее,
episode1.selector.description,"Офис — дом, офис — дом. В это утро привычный ритм жизни Джека летит ко всем чертям. Как и он сам.",
episode1.selector.title,I. Бегство из Нью-Тауна,
episode1.ui.mainstreet_intro,"Идея, кажется, не самая удачная... С этими людьми явно что-то не так. Ох, да это же зомби!",
